height,hash,header
967143,000000000000000000008e0c9e34ebe57c450b3ca5537c0da6a946ad32df314c,00409a235f06d4edd70e671e8150b7f88041f402345549e1b4b70100000000000000000009f8fc6024f8d764be203da975eece0e8ea32b650cd9b43812d7d69f3344895ad865a96a5e3502175ac47773
966500,000000000000000000011ada8812e1b93daabaea5f4f90b1920e8212a11a36ca,0000ff3fb787b98a268ef2fde1c70e6d38d9c1bd538875130afa010000000000000000008c2ae03944f7e4c5070d02efbdf11bc6a97faddc33ad0eba1d7d6f2ce021f61e77e7a36a5e350217aaeb0e6d
964181,000000000000000000012d54184acc8d9acbd368dfca5b08c29ce3b290da1dfb,0060362248dddeb0ab8007457db59c57b2abac0b879c6ee98788000000000000000000008bc6b2a153ca1416a7d0cba75bf4c28a0f7fad8035c406a6b3b44677734bedd854328f6ac13c021785b876c0
963853,00000000000000000000ec5e4ceb3434e0dff696460ae35b83e18313bf59a108,0000a0231518cf6fae0e77790f4d75f647dd0b5e71e3f29b5a7800000000000000000000d3c9107dd24bc6a0e0b4307c6d9cc650180c419f4c66d3a807e8438681b88d27102a8c6ac13c021710e52d47
963828,000000000000000000019244dcd0fb19342b21ae5284d76d8339fbe5a90fe4b7,0060b3232c4e83f2b9862182ef6661cc8b24b6540039a885ee1502000000000000000000f86b45b6b67574a40b89589f201ed3f7106100a457daec905ecf0eb4557e9f393fed8b6ac13c02179a5c729a
963787,00000000000000000000b441108528f6975310706da41561f25ef1722b527902,00603f35acce9091c1a7b39c972c091e6f0e56ef87fcaee68ca901000000000000000000c9a0f40423563fbd0f4f9435532b7fa3cabab3d7fc74359d6037d053c708f1704a938b6ac13c021794b20785
963105,0000000000000000000175fc53a347f47fe94f88d7c901a4f5bcad784f355bea,00000030bc4e96d342485626292cb24f3957c44309e98f0a730e0200000000000000000012f49aee62228932e6adeb92772e5629861e7bddafa8d3c11980cbfd0490d4094de2846a3d35021705ab4348
962722,00000000000000000001a7b86759d1ef4795cbebf29c2a480c2dd6db3c99c253,00803b292395cc8384f7c59aefb16d7018533b691d14203a62570100000000000000000085d4cf8b360e0164c691d8a2aac71077620907b56f6000d89f05e215d750dbf86293816a3d35021790a3c40e
962439,00000000000000000001c557bbe8fb5978256ddaaf6583903df283156ee143d7,00000120ad3dcef24cf534f5a7d3b25b015e197b402239b582c700000000000000000000e2eb59b92adb09f24f4010da8a9a47e6c1339d8c9f31d4aa216a0506af21d14a201e7f6a3d350217dab0736c
961639,00000000000000000001bbc439e13f749dca850d32c7a2834165338713027e65,10000a205fca17a6566978303e989d163e1aa9dc6715eef5542e0000000000000000000080fe52c98f1c1f8484213dff5a88315f7c334d0705f7d79579b289781868c0dff5c1916a3d350217510c87ed
961638,000000000000000000002e54f5ee1567dca91a3e169d983e30786956a617ca5f,10000f209dbccc4277e519529bd4c2eae9bd40d0b92943aaf72101000000000000000000d0831fd958a64cf0f8c1a67537cd5b0cec5c6e432431f373efef41ded91af496797f8a6a3d35021792b753af
961637,0000000000000000000121f7aa4329b9d040bde9eac2d49b5219e57742ccbc9d,10200a20c0b91f36e50f8c4ecf3161ceb075227b2b8b1f69a2160200000000000000000067662c5e7a746eca3516ffdbbc58f8a47f198dabbe5022eb00fc3a3e535f9664909d886a3d35021721d3547a
961636,0000000000000000000216a2691f8b2b7b2275b0ce6131cf4e8c0fe5361fb9c0,1040072051a67f61dddfa3ce201b4ada733d71d247a8a0b705c7000000000000000000009b7b1a9639de9e0b51b213c4daf4874c2abc5593749ca8c6996fadca76b7549c5f65836a3d3502176e750f5f
961635,00000000000000000000c705b7a0a847d2713d73da4a1b20cea3dfdd617fa651,10e00b200c456c686f54d02e3343171c878750c2416360356d8a01000000000000000000400c1eda44b7e42ef4ac80085ebc79312736f61f7857fe9abfe9140ab06df108633a7c6a3d3502175c1aaec6
961634,000000000000000000018a6d35606341c25087871c1743332ed0546f686c450c,10a00a2068093dd192079f44a86b05b60cd82e4ba85898a1ed3901000000000000000000995ed821d73b185b2e70ee6ea0ae760aebbd0908c59bd94fce4b796bf85a236ea4047c6a3d350217861b9ab6
961633,0000000000000000000139eda19858a84b2ed80cb6056ba8449f0792d13d0968,10e00b2016bc8dc7e713db0c18627baf43f3dad0db1d816feb6901000000000000000000d3493b0dde87e1ce2e9212a97624cd855fe47f36a82c9793aa26701fe9f39d8f66a4776a3d35021701c486da
961632,0000000000000000000169eb6f811ddbd0daf343af7b62180cdb13e7c78dbc16,1000d6278ace279314a28a2fbb9ed7260491672a4417c99d7f80000000000000000000009b527fba6703332cdb7ba0e442dc6c77cc197ecf5378a49812651f3d900140d49c8d776a3d350217d28d6bbf
961324,00000000000000000000c2a9612f658ab2e276b428b66b7d42332c31d916744d,00c0012055e4170bcad7097cf1b4704dfece0fad315ae6b42bc8010000000000000000006454411e35890d9216e1a32a087ce230e5e9ac322ae1f4c27c39643cee54516d1ccb746ad43a0217538d0c52
960761,00000000000000000001e2f3f2ffc556b03a758e2c6552c6e385565e2962bc39,0080bb23bf0676c4f3bed8d3a887c405a33b58d3d9ac37605f2a00000000000000000000ddd84f6d5980018160120476464df95f3ea47e129147402f50caab853869fc979f906f6ad43a02171bea820c
959137,00000000000000000001bfdfb0f164cc4f2a90795831319ed734e5173913d01a,0000ff3f6ec9e849513510009e50eb821709560ab12d2593ed7201000000000000000000c1f72c575a0a69a466f72077378569e98a3d71f4c873bb5d3e92c6f9e2449842e4cd606a9d3602175d6e68db
956337,000000000000000000010cb999e87c6ba72be683a24d94aefa99574a19f63f2d,0000222c5547039e11f2eefe126389ef8a32a50deeb3b019db5b01000000000000000000b69cfde8a891182fd09686c39f2291c6467e490eeeb1a0c8129f8ab994fe9276b624466a421a0217d6fbdae2
955546,000000000000000000003e763d60640a5cdea374b3421c91107dadeb589586c6,00006020a97157ee1700e42cef6330a703054a6c98d5307482380000000000000000000044ad9e676232e8c4651ee7f468f292d030acb792bb9c9f09480cd3a1aaed6c43bbd93e6ac3400217602ec22e
951052,00000000000000000001e9c1b31d923680b0472cc3d8e301210dfca4631e2996,00000038610942633517e2cd09edd97db9476d906ae59ea66ab400000000000000000000c65ea6e40547282a7d996633fe4f0484b81a870ea6a3376257180b26124eabd1c9f3146a790f02178ab1690f
950517,000000000000000000010a229e0a6c8d34becdda2f126f194fb57c3c4f425444,00c017209fa6d216141ea39a1258ac43991b42a603243bb6368900000000000000000000aa4f1fa14e855f5b3ca6dd87bed5168bc18017f2826d2cf39cad5318557ec04ca65d106a790f021716927178
949204,0000000000000000000003f026fbbf115f0f07d1b368dba6055c43e1eaddf76e,00000020e0d96bd543f78240aa357efe868dc7c45c9b3e4f9d0602000000000000000000e7053f7cd7b70616ac5f29cd97f85a24425fe2a7cc822cd80ff8c355c68f0e432e5a046af01f0217e0945e45
949203,00000000000000000001a5b179eb18647077ad78072ab0a171dd4686d4058069,00000028b7282cc1dc270f6c1d7a0e62ab38d972cf31044c863101000000000000000000bd2d2be594124d2a16b2028f8043cd67bbf55163008c50812ce66ea15f48889aeb56046af01f0217166c1520
947985,00000000000000000000d2d5e9921302d07911ad35d2d9253028a0fcc3d5b151,00009a205dfe21d3dcf42e4183a61558a04f7bad64d714538165000000000000000000002f733a1b2136f602b4089b0167bafe82dde7abfe3c4a738f617505379a76cb117994f969f01f0217f10cf139
947053,000000000000000000017633af638bdca1b80e820beb127af077e3b119a1906e,00005a2f4ce2a75b03a7a961e638ad127b30c5fc7cef0a97b12f010000000000000000000f29525312168a4ccaa9c9b0790f372d9cd3967049b30e33d19a59dae4aa5b4f08f8f069691302175b124dcf
946470,00000000000000000000e2ea2b4b3b594a6806d35319b85bc12c418dbbe2b566,00e00b20891cf8dc7c9c35a265f1f305045ff2c557c42bcd9db200000000000000000000ee146cefb27673ed24e2baf514fe9a56b96925b9d11e835ba579b6786dadab175d9ceb696913021744dc95e3
946239,00000000000000000002025f816747d832a7e71f8b75da9d0b534e72c2dbea41,00e015205e4a1a9c135baf4bf45d38b31b3fa02fd93824d6c2820000000000000000000067507c802d5020db1279e3ea49ee86906516a41c5e3fb5ebfa4bf0fc7fb42e7af849e9696913021746e8f7a6
945952,00000000000000000001d8438112e755297f50dff74b262a6da94c9d2337d422,0060022018ca1094205055e6eca5047920c118f3257eb87aa369000000000000000000007bef81e58b975b155231d965a292d2989bbebac51c9a39601f78eec9163cdeb4f468e6696913021764a35750
945189,00000000000000000001bcb0c9fede3f8863b077acc30e312377e6580ceb831b,006048232026df2bfa79b2de21b9931927dd8cfba0f94fd7768801000000000000000000a09360cf7eca519356aee3a93173b3b9d5ce4ebc676c93f4a1020a15c06909fa6e8ddf698406021703d5c786
945119,000000000000000000000d9e7bcda8dc4e4787923f20d5af3584405838d3e0a2,00000026b42967c29b3a6d41e3468a459354e4aca7f401e95d2b0000000000000000000041a5d08e3a7ed32910c05c0af0ac7c348e7658234ce16962d08a8e69b8be0e03a5d3de698406021721110841
944852,000000000000000000001cdb0f2b91d39bec0e57a8fe4a3674e5eb0176229e85,00c0e6220f82cfe290f443875c78c3b5b9f5afbdf9a016cb6c0000000000000000000000e6bc47907cf48f73f4ecaff681c2a3a05d129ef883a9901b976140febba21dba4f8cdc6984060217d2a89d82
941882,00000000000000000000c81cbf94a12ca498e72eb8530f7061c8746cf9687b2e,00c00820f3d9b29e219fbded37297dbaa3ecc13e7ce5138bffb3010000000000000000009e89d6f2e77feb1c02ec37543aeb2474eb22c4520d0f373be07d9eb85f9e6e607761c169911a0217241e6357
941881,00000000000000000001b3ff8b13e57c3ec1eca3ba7d2937edbd9f219eb2d9f3,00c0923089c90cca166284be8a1b2357da2b7a70c535b639a799010000000000000000002a84d686bc3d1aaebdf5f241406efa8a3132fcda86463c2499827716e80818560f61c169911a0217259e0adb
941619,0000000000000000000086eb14324aec5dd5751057b154c4a43061ff3d4347b9,00800220c4b1c6f74ce7cfed89b42f110c9e2b2753534fc409670100000000000000000080737bf4bf173d46da72d5ab8b9ccb1ebf55f2d987b4e70f08d4c2746893f8cbfc21bf69911a0217b6e0a4f9
939832,00000000000000000000aa3b747af566d1f9eb7b3aad0391a36faeeb7c0caf3c,00809c25f8757e517850387237110a5f240232a6dc38b32fd6770100000000000000000022283e8467aa0ea2ad23c8252e58a2f922c0a4b7ef4f5320143bc2d54d03ce64c83bad69ccf00117e61a54b7
939150,00000000000000000000402133fb9264779be7729e75e4fcbb808948b81631c6,00000120fbd2048763276c6bb7c8c018fe612bed3b6c368cab520100000000000000000018b625e06d8fa7c417c9cb57e92303e56f02df1e805583b5dcac33dd5c5bb8989cf8a66903f30117244dd63d
938873,00000000000000000000d32629446e8dd1934051c01166eb367c4eb3881d546c,00a00928bf24640c910f1e084a15b8be76a70c5070318a8b3c7e0000000000000000000070ac51a6a7f53d0b174a605f492b5249f97cef718d38867266af11e34d90dc37cb38a46903f301170239f099
937404,000000000000000000015243c88185169a8b3f45f91456a19e35b24698efb334,00400b2066ae429278e33d783e9bde38397d0341bbd7f12d01ff01000000000000000000a08e1e3cffca7eebe53333f0c71e0842b39543330f2c734f635de023415e75894a1097697e3c02173538f25c
936988,00000000000000000000db6bbdd51d2648b16d1058496916a5db631e120a7802,00201c22dbe9756768f9835352549921895a7eb71e8268d5eec800000000000000000000ecde84203421dd2abe71a8c06dca13002374b6ae61c316c7cc7071056086423dd4a793697e3c02172b93687a
936328,000000000000000000012d79a920b6cb1b5987c424461a6d177643f968fb5428,00200420d9f38658fdf3998f32d77f4f5d83b337d73b89a79fc400000000000000000000d54dc597fb6909d70eb0983887e065037aaac0fcae77a0059ebac6a2d9fc6bd367b48e697e3c02174fde4298
935976,000000000000000000003be80b432a84daf900e043f3a4f41bfa22921ae0ef6c,000004201d04a919b1cb10e079d58a9befedf379d61daea1362c000000000000000000002140da293dfba708139c63d7b49e440f5b7752107ee1bfd597a840a9a0fea9cb31d38b697e3c021779fc870e
935497,000000000000000000019b9d899b2d44f49d9d99bd4eaf3d93b003ff01a6798a,00200120218182ca705877b9988f797756df2f1362d4e6d3ca5a000000000000000000009d0ed18bc7d8944873cef412be42826102e1a9b2c7384d31a8fe6333643ead26f7e087697e3c021719e4b923
934425,00000000000000000001dbe85a748a48ed55156a16a075a6a4af972bea5a1990,00c00a2073ebf6b00dac09d777e4de1537c2d46daf7faa5db5c901000000000000000000c464340b68021ea981400983a20c35a32d62667d63d45ec05ea987f02ff35d6c5e817d69a1fc0117c4f64ab9
933995,00000000000000000001303228bfd32d30bb5747068ed90fc72f3523968b0efc,0000003ed928bbba0d4904b547fd0a12f7985f00bd8af5c618bb0100000000000000000059833d60fa5d3b072a13ba1c15e78053c5dc31f36aaf09e5925c70a9de86348763ed7869a1fc011729f3ca98
932137,000000000000000000000e4ebec77f59d39c77c2f59f131f9cefc411cf934068,0060b323c78bc63c29698acf2bf37c640d140e858839b716b1af000000000000000000000b8f021c75097afc30950d50a65c3b062639ba36d91117286d23127994df68c8bf766669f2eb01179f309d5d
931519,0000000000000000000062ec312763a6e9ea3da4a511fb66200c25edb7f4dcbf,00c00820be78bd9b6f91cd668a1cb3b34a4361159e65246102890100000000000000000082377ebd33529d2816de1b2b63419affbd747f552fe5b062f4fe3fe038129421cdb66069f2eb011746423df4
930745,0000000000000000000119a34526f1991c18c034a9d36c8309326f91ddec4f34,00408222fc497b1bb5286234d600cf5c6898e782c9ee1805e9af010000000000000000008ebb958b7bc4c4579c102f9a46ca686283a4afd434789529163827374385420b4742596905e60117f7fbb486
929872,0000000000000000000145610c4a50efe6f65c1efeca68f7ee02165b01fa05e5,0000d923d429cb721387e2352a81427b32423de241c9797db62600000000000000000000f796e4fed931f4b48813cc23b34d9bdddfac1b6efdc49744d52ad6b57a2e4596b83e516905e601179c75b45c
929868,00000000000000000001742dae886a6caa2f9c39f3967218861c3c2403a03d10,00e04d2575b8f1798cec0e63e4e2011c37742b4c5e6c9c5f6b57010000000000000000009531353eaf36905ae943ed6d5fcc860281cdb5437cab3d6281f62bb8629238e93c37516905e60117af1cac77
929640,00000000000000000000ce3c48560dca496bc7605799e35b60ea3d8391921dcb,00609921577d10b5fd6bba708238aacb7ee14cb7b4cf234c593600000000000000000000f8c71349a4a7b4ff3a1554aa294742866650e08c22e931f141288198330353bc941b4f6905e6011735a63286
929622,0000000000000000000106d44ba2bf023f2ca7c78a3aa3bb016ce4e7c252925e,0060ae3087077ff400f280fc90c2767062d08bb49c4d6f9ff2d201000000000000000000e95d76f828c38b7d6967ad746a3b72fc07ce7a7975ed2aa1a215f1cf96c3e28da8f74e6905e6011794d46de8
928484,00000000000000000001dcb3d84187067e231e717d0af224061b6a06dc0ab971,0000da205105d63d902df476e3144c0e571d65f7b6f5af1880fe00000000000000000000b6ba653fe4dd21e6120898861aa13b9107c03d79d2047f959ae139d2ad0e945e41ac44693ae6011761c394d1
928455,00000000000000000000398ead6702380e49e5e872d194a35cbd64c066a3d47f,00e0602ad4986e390a785a377ab1ff4e7319c67c2beece1e73140100000000000000000039abfed72bfd71b3dd4269c79f8de67bdc9a8488ba5e395ad39113c861231845205f44693ae601170cfda3af
928222,00000000000000000000875fe675bd4c2d9e7186afc133c24e8ada8b5c0f5131,0060002067af6f05b4bb4a0bdca81f5f14d33df814350059c60101000000000000000000b2f061f500ac995339d08af4d83fd14e19d27af400f2e8fea8095517b137a011703142693ae60117758c2ece
927647,00000000000000000001a730346529e9f1f9d21ef5d7077989cebeb16cea369a,00e0632abf21c117c930868775018f50561fd99f9f695bee9cd20100000000000000000069a94eb77a8df4a5deb4a80b0eb6cefae41f45afe997e8c246c51d861a561e844bb73c693ae60117da5b485e
927487,000000000000000000010a516b693679cbd0f9c07e3d385e8b7033684428c515,0080e031eb1574fb8b4c69b2adcad0055e434cb79a6c093a42eb0000000000000000000087a0bade862479103a0ffae2edf19c40f3ec1b497cde4743fef0917f7bfbba2f7e423b693ae6011745ae6be7
926981,00000000000000000001d29fbdd995dfdffbd14f2cdf8530ff7bbb39b461e8fd,002084271a77cc7a11599ed99de1a251fbf1337089547825d2420000000000000000000042e5c8dcc6f2873a5bb8e54ecb2466b64cda281f44e3e74a3528d68109e9bec49eae3669a0e2011777ec576d
926056,00000000000000000001d8e793ea5d96636d5531502b2dd3f289905c674aad19,00c00120e094769f80becbcc1bc569337050ba1c5045f263ab9a0000000000000000000000f29f00fb9b96ba3baf2441c70b3bd81b446dfb6917b7ce433a379c43fb2858050c2e69a0e20117107fee95
925605,0000000000000000000080824aaf3e9614116f4c5901b89220e515babed61b69,00c0d821d00614b8dd296c6fc4f99beb6a22ea9c4b8a2f5ce8070100000000000000000027dab749d6110477434a62917e258e2551053be3997c8a262466c2a3c8c6951a06072a69a0e2011736edb2a4
925470,00000000000000000000d24443bd1f55c2c571d99d79fc541f920fcc1643e974,00a0aa2314b6e9b897a2b6de44f5af2f2ed04ca97c142595e651010000000000000000001c4ac046f5c30788285e6b069098eaf6e1d785806d3628c810b25118f03118bb97c22869a0e201178d67a9a3
925051,0000000000000000000199dc74f0c7d25adc618618ee00db80884b347253c264,00a0062092367d9e2d4b02d2c2534b14a028176724c78a996fa901000000000000000000b8411f9421159b9e99309ac917f9919f9735b8d06a844c84891bb1d69458a6f2a8d6246936d90117226295d9
923067,00000000000000000000dd01ce16d1df19646a0533ed9b5ba69a576585790c4f,00209e2768a2a6c6a739f33657f81270b592b057dff6d869603c0000000000000000000057742f8c8c50c8a89741fa5cb0fc4dcab5fc3b9def3e6ec5587370d816f54a74a6781269fbcd01174e437e43
922047,00000000000000000000f05494b5ced664d0553b16d9dc188faa4eea96aa437c,04601120c9e4d7ac5814f42a382bfe6f4464d19ea82b702a21780000000000000000000071f93d43aebd33165331fc7f2a8c68ee78ac2ad202ce7cd39766484cc88ee37280a90869fbcd0117222f398b
921987,0000000000000000000079d5bbefeca4a1fc69b3490123490725d1f5b3684976,00c08224a52df07c801eee3e37a65c098318cacc97a5c0bdfac2010000000000000000003e9f8d31bec498ceaafb769365b54e2149e65169637748ed8bc35da4b2e85ded23090869fbcd011738f5aae7
921261,00000000000000000000bccb5f64ade927a8654956913a9e17adaf301f5e74ba,0000002697542edfaf9c53f7116ff09e8e4b39f934f4d37b4e800100000000000000000091e7e0af416ffa2f13768d31f329c7ebb108c2e2993e66ca24910a1c068b82ca6161016921eb0117b5a14ccd
920853,000000000000000000016041b632a4e06b41d2e80c54703d6b755019171444de,00e006221588bc9c2e2fdaac1fe817b82fff09049221e122b65801000000000000000000159a5aa7d3bc9a977a1e7fd98740ddc10346fcd42cdf180e0750ac61ea9179d9b7e1fd6821eb011728131285
920212,00000000000000000000e913a4d8ffd03f1f71bac13a9f45fc63bd2e67f17369,00800b246097fc78ddcbe4e862a4a1201f0e9b4b1e3fb4501cb2000000000000000000000c9d7dac0e8a95a55e079eca3929f15806c4b2dbe1c9fb0cdc21c3e5252b8e533372f86821eb011711614417
920138,00000000000000000000a0eb867d25dd2e5284750888c545607d30aecc48c691,00000028a94ecd3d01f70ffaa3004447d7507572451650e2084f000000000000000000000530bac5864dccff6e458b1bbe363f3572b04f13dc5f24e143c6e70cd37f2fe324c0f76821eb0117f8219ec2
919018,000000000000000000010ce6f68b556b016057c0459abf1693475d830bba7402,0000ff3fe1735fb177b5a58aef042d6a1ebca24d13480bda3c840100000000000000000015765d83e70f8ed212adb464b6ef2ea3133e2c555ce06fa1092880f43953c00c1829ee68b4dd0117590b8e4b
918623,0000000000000000000076ad6d232e239fd76cedf54b4204f5e28e1a51f4b27f,00e00420f200c9af1c475d13f08869845de9b9eb76fbfa865ea101000000000000000000dcf0b7b282fd0caa2dbae1c0beda39faa10cbbb83655f6a43a074be8d3f1204257caea68b4dd011721c0c4dc
917494,00000000000000000001c00858518e76172820d693a190fdb290ceb011a999be,00e0ff3fdb21b4d5c345c88c791e96a559a232c3693247fc682000000000000000000000ecb81bae71e636f490806e01d31709b4499c00ce801be96194e70aa8aeb5f6c023acdf68b4dd0117ce1f1fac
917071,00000000000000000000da93111cbcb0c7cf9f9f55d592494aee2507fd84f755,00e0ff3f57daa6b8d507eff428d204cb79cd741943073c4301b501000000000000000000184e34631fca31dabdf51b87ce60717ca1cbc44791c3ae8d46cb6cf80c158fb316dadb6838fa0117a3f50158
916308,000000000000000000006f5ab3bb40188d17b59704edd797e8f0880b0ef056ea,0080812b023a254e4f6005eccd7ea74314212d3d88ada42f22f301000000000000000000d0209b580fc2a90ac87b22cfe0cc453c4d040d006c5a623b804edfa131437ebd450ed56838fa011763c86cd7
914373,00000000000000000000a4a5644ce7e315feeeb1c586903c077993bb5f7825a2,00a04d220640c91602474b848f12f5be4863d350159d9b460de400000000000000000000eb0d363171fc2d3d48a279b35dd33e1f5cb4a64a23a320dc4ab5872599631f8dec26c468ac1102175a300e23
914371,000000000000000000013cad1d0d9a4d168c0b2dbae847fa8a2c3ba0704252c0,00807125c47328320e42272d035cad0073643fa35146f55f79ee00000000000000000000bd7c87b7c163b9061084615f9abbc6e0c9c0e7bb366f90cffa4e63664c99b59dbb21c468ac110217d5ba1524
914362,0000000000000000000170e712b2da3ba73fb618753fc44d0e4b6b1db3e3fc4b,006008203f7a2b385508a05cc2b32721756145dfa9317aba094d0100000000000000000066c1de0382413a8f224243d73d37aceb1f717dfee876aede87f3c51232e25d3a8e0cc468ac11021736448df5
914362,0000000000000000000098d9f82cd465d4a1e55fabb659d1df2464648f796777,0000783b3f7a2b385508a05cc2b32721756145dfa9317aba094d0100000000000000000048db5b54c9ce3436b157658cae512a7304da82898c59e6b7032158e1f90fe1f3860ec468ac110217672d7fe9
914360,00000000000000000001c7664aeb6f4ce7f29e3f799eb3aafb924255d6643573,0040ad291cc22dade83c2ce7b7f3893473422c283cd632b3daf3010000000000000000001471b3e94f959aff7e362f7812cd16f941cdc5cb40d6d04f61a32c8c80684b698f09c468ac110217dcd29561
914357,0000000000000000000135a4e20e4402f5f3b5798b2d49ec9f51614feb224c93,00408e25b66a8748eaa244fb8cd41fc32bec0b8d499f393c5ca80100000000000000000023d8a8125d4fd339b6f39bfebbccffe32a429fdb306554e77b777b4ee9968d7944f7c368ac1102175a3d528d
914344,000000000000000000020806ba231682bab800c757366c169b2e17259a5e3aaf,00e0e7232b929e89995b68b87553a7afea0383bd467d7b6461a80100000000000000000029e9f2b78f60359141574b1e775b2a24ce6f15649c45e26fa6929e1d4ad13926b0e3c368ac1102170d0169c2
914344,0000000000000000000075bdcb14ab9b07e87c6c5a43addb81ff6dd74c14d16e,004003202b929e89995b68b87553a7afea0383bd467d7b6461a80100000000000000000004d3821459fe3c6043b90896ea17224f239437c2f57018871d6bc9cf6928b33b53e1c368ac110217a3166e1c
914342,00000000000000000000ba485fa4bbba0416890572ff6b5853cdc24e92d7434f,0040d6233b995334cbefe9c09ad38bef90527fc484097ea234540000000000000000000092ca6058a40183784413f8d87dce7b73265297f065d5d94705d00d7254c09006c6d9c368ac1102173b3741be
914334,0000000000000000000092003874d2b869e8b986339f5bcf8c3a03f5dddd972c,000000208cd96f2fa9d9cad5cdf3c980606f42a17f06b2a3b9b6000000000000000000009d7c2fbbda61aad6c58a0c0f6871b806fea480c13326bf60bbd14dfb936f20347dcac368ac110217231a45e9
914332,000000000000000000016c286d182701403f8eb2e322a844a019c933ba6082cb,0000ff3f0da0aa5fdbe2efc140729414992410bbcc7e7f1bf75301000000000000000000909e269c6ea2caaf2e24c4aeff22f5e9e7eecd3a8ca4e1bc9deb9975f78bb6ed49c5c368ac110217fc063011
914332,0000000000000000000122a9c97762f507cc57df067f07b826ab0a81cb4e787f,00c00b200da0aa5fdbe2efc140729414992410bbcc7e7f1bf7530100000000000000000088fb0b73c4d1102ae215c0bb5ae799023d1e9209eb80d379f7d5bcb6c12e4e5f40c1c368ac1102171873973f
914331,00000000000000000000439817c63926873f46ca396974268b1f9f6eae84b1c1,00c00620a47f3806fb0107f54898997acfa3653ec56e00f68f0301000000000000000000c3ab851af94d4c486579d4643d037470aa9b87f0c3900adb5412c6235d3801753bbcc368ac110217a0067493
914329,00000000000000000002097c6c16d3e4065640c744d544d35dd797d06189a4ab,00603b2406947da999591fc6164db64a8445971cc55cbb3a69d60000000000000000000022881561a7507ad88f3f278a4c19731e8913045a69f5f48e46b7517b17cd296808b5c368ac110217cd975dad
914319,000000000000000000008223e92e8a65a3400761c5307b01f0b87270bd24bafa,00e00f20471bb0c301ca76c341e8b7c6bedfc1dcd13ad194ae990100000000000000000097234e6f8960bf95bfe73a5a5d410768d33a434b5ab5f8987c423cce1e2e470dbca5c368ac1102172924c946
914318,00000000000000000001de4957ebb1c9e08d28fd604f017cb288bed2481455ed,0020b02b5860bdd0995c065f1955fdb0d6ee2a685ee7ba689002000000000000000000007f8d5b586b268c6fafd1c4834fc783b57d3d339df85a161b28463aeda881153a81a3c368ac11021782664964
914301,00000000000000000000a4b0e87728228afec5a5333d32c1de4631708be29e5f,00809533d16a6144a65746f1d8f02dd56b97dd177f015eeece7900000000000000000000eeb8feaaa4c85347c6c108d17918484a0224394d9d6159cd0b83a267530d99973261c368ac110217367d72d7
914282,00000000000000000001f6d6612ed8d40c023858249952fdee7d7d99c081f0cf,0040f5266d72296a250a099e32dc257c1a4a55561e5f16950df400000000000000000000054908d135392a44d6b16be8ea7c431cf04b52535673bf0ee53f271991cbdb00923cc368ac110217029af326
914282,00000000000000000001208a381476ad1cd93142df2fdc9f978a991a496e0aa0,00805a256d72296a250a099e32dc257c1a4a55561e5f16950df4000000000000000000003b2a2cc1873981673bf45cfe9b243500867034e01a5f80afaa182ca4829ad953303ec368ac110217a909062b
914261,00000000000000000000ce42c5b1a6fb01d652fa82f25458f6c3d53364fb9f69,004003206c6d9589037eaf069a7cc98db8db221f152706ed6b680000000000000000000090a7aa08434e10e255df2dac9953660d7e084a653ecb0c28fca6bf12644897867a0bc368ac110217ede60a89
913761,000000000000000000012629aab559078d8c001ed05cb2595f14dabbe327e3df,004000207ed0e45ee73fd3084120e11b34be3759535983000b390100000000000000000084d68d43eb1b792a43be05d9209eabfcee19c080af97daa2d9004a98d8d522024c00bf68ac110217d7a74b89
912722,0000000000000000000005d69e1b45c5fc045a7ef36281054690125aa4e1eafe,00804425d6e459d124c03ee5b75186941653baa180251b89d2f9010000000000000000004e4a0f0132e0fe11f331b4ab8638ca48b85f016a06f68657c6ea996f378eac0bbfc7b568912b02172b57180d
912698,000000000000000000000cdf5d7f499305261f6fadab837f94a3e5acb28795b8,00a01224021800ce5b6895bc806c920f15017a8239b08fcf3ceb00000000000000000000c8703c5800f6bf39badad311b17a4471aa8b7f476e2ca5c33275f1c9eb5f70f98094b568912b0217887946a6
910525,00000000000000000000d7723ab64114f913df8c3a14fe3d13a96017e5ad87a6,00800520cfc798d92690cb6449531fa0aaefc11257a740fd3d490100000000000000000064f96b8ee28eabddc69316b2ffe93eca10da2f395a016d1da974d4847abe58f23670a268b32c02175dee1f64
909879,0000000000000000000176b1c0bb5631744070241315d3f5b630861c51c0e632,00000022c09c8ef73aa45abf868150a971df34715b76a3de2e14020000000000000000000490414aa88a10b28e81e58bcc56e11ca616996c9a2df465396b3a0a0f828b278ad39c68b32c021779c57cc3
909489,000000000000000000001cb7065caaaca472821735331118c31d188e2b7ef03d,002001200b5fddf7dd760d849551d7d58b8bd105a1b2c4defa7d00000000000000000000a5d4c41c6ae53459c9bb5f80197a89113045ef49b1397b339868c994a08df7895c4a9968b32c021733e19e34
909151,00000000000000000000e5f34a584db560faa12892ceef6fc356afb3ff4d44e5,00600820a4d4575d667533dd4ae4f8c17a17e6189f8a860d30080000000000000000000042b313ed1fa75df12994d37ad9a6a5c0acf9e097b50ef743c2d69db4dd127d24b3c495689e34021725e13309
907051,00000000000000000001aad53cc3e15fcf36766a25b15ac8c6d84fe2c2055e82,0080ec206dfdc08c266da262040fea7ccfdcc6135f7f0bc59e1c020000000000000000002c27a5735ecde4aabfb63c9a8330d1428e0dd71164184bd09d0101c81a34826a35f68268a63a02174b4c4f54
906343,00000000000000000001784f10b0ab41d62235f5e383701e2439466ce7c80ae5,00e00220a07ac5bdaac3ac1ec2bdb5ca95d792cf5bf2cf507c690100000000000000000097cc1e1fb050558d22015c8ef5aba5b0fd16fe8a4584c0a65770f832366b38351b987c68a63a02179e12294c
904806,00000000000000000000350e4b152f9a9cef7e637e1204199768d75e63303d92,00e0163169d458d4bb4a41ce3a0d9b8217f4f7fd708fed8085ed00000000000000000000fbf0d34b407fbb3f543161bb85376d99a199f5734ee685593e4cba242157f01b38d46e68166802179a4d1e02
904623,00000000000000000002274bf6db24519f56a7d6b4841f216cb82e7dc345b499,00a00b207354037a881e1786ea6a7ea5e4ef1c4670d423772b180100000000000000000015aa26d2ba86177d48a254c0d4e80964875a3742edaf3fab06fd1ba161a17ae55d506d681668021773902054
904416,0000000000000000000260e5a100f128b73fcd2b97f8b4b94badad7687515c77,0040ac21fdd9db00cec27c1ffd74c00e01ccab7a3240f4c9bc3a010000000000000000009e301a94c7774d80a687d0b1727352dd20c2aa970e8803ecad518d1d52846b077b706b6816680217596b2f88
903259,0000000000000000000030f07b4fcf25075703864456c652d50fbdb2628585fe,004012218da8d7f59f0908f6c504f84fde102b1c0558ad597d1b020000000000000000006b99bef762361892e5b112eda55fb1b522a1ae5da206b4a0462ebd3f3807b54a98766168166802175ade5936
902598,00000000000000000000ec5356968a01c439fcd8e3e3a0a4f24c1e76db2c201b,000009209e871b519858b9cc1dc2c47899f04ff1c21339a90ec401000000000000000000ef845ddeec9f6b5268a35e30172177923b2c647217d21f899bf2f872fc16ed5076685b68043a0217b3e3bb12
901939,000000000000000000019cbab2c3b04f56a5da85e28a55fa8ec5e7d793d4ad19,00a0a4230933d89dc9a492dc514c464d5f66783d578deae6c81d01000000000000000000f428b5e5ae08d7a3f46ded9c8d3f305ae690f780ab6a0e7a0c47e4b3c86048e8cc6c5468043a02175926ed86
901841,00000000000000000000580c2ea5991749960e62feec73d9fba76c058b21866c,0020ba27ae3cebe061fdf23115c190f7c87974d81ec5c36da4c301000000000000000000bdf8c8442db24e3b81c0b90249bbdd572a63c221b58afb719cc6aa2feb374122a56b5368043a021708410002
901534,0000000000000000000048165f3adf13475f42f7b0865268be3bb191658a8aa7,00a04b2e695ac49e01846e93a9ee1ffa844a2e5024a47f937ebc0100000000000000000043db5abf963fd4138f6ec8c61b6e49b281efe349d995f369999b53f4f95a1effcb4a5068043a0217a90503d6
901154,00000000000000000001044135d451cbcbf072e07680bd48fddbd933cccd4b14,00803928766b80955812a098bd3e4e2a3b44716c976cb37b672300000000000000000000eb29e1f92f0cd625cf927b014c3810c9d4a6cd4a705ae0d38125acc4b5575acbe2d84c68043a0217ac90b29f
901092,00000000000000000000c543475826e7970ec3d635c1cf03a867f5008fdb9825,0020ca34a1ca255cea7e7b32b8b5c65acfcffe58b6e9e0ec8cef0100000000000000000039d7421c0a49db5576a9aafd224701974c0f2e69277ed4aaa2f211fdc0aab43f1f3d4c687437021772302e3a
900150,00000000000000000000e14ce7a71f46b4d8238756b9cfda2977a5c4fbf8b759,00a00420d555ce9859ea3dcdfa3c4f731c8896d67b5b4951490c010000000000000000006350d86eedc825467eb664dabc5d344012b29cc8d4b78fc0589a7ebd28c055446afc436874370217ca9ba121
899701,000000000000000000017c1b530f5b25ba6659f40a343af4218fc5bc5d31c2c9,0060a02000fc799b175b5a802ac8c050fbd4f8280f46d8543dd600000000000000000000dea8854f9c69680706b1ee3be1809e6f752125227882fcc066c33c66fd743990207c3f68743702170a294db2
897442,00000000000000000001c4ffd8f406c69ed7bd1e1aff0e5486f3e808bd230f27,00800320dbe5753343ce8031bf713cb6ae1b0336c726fdc7847a0000000000000000000028d1e5b25194d9285b480d5b483a3d47a209626f9d4b47c50f49d1b50febfeecd37b2b68495002170ed30f04
894657,00000000000000000002311b7c31f1ffef1261bb53740958ed98c600ae2abd41,00e000202fb4f9b3da859593261b46c412630a9d995599126a100200000000000000000076899415d97b27183a2841ee8b0b47d008f1726bd99e9b13547d3397a562277393a31268b648021751440488
894070,00000000000000000000ab39c6a329a930734d41039ce2e3a675ad06204f9b26,0080f02993c932c70cc6f79c68a9ae401823bf83974a57bbec1e01000000000000000000641e7da32c18c454a5985dda0f7f1167202bbc408ff6f84e1c2bf35539530a94e1ec0c68b648021772671b6b
893402,00000000000000000001eca3c8283357af739fdfbde6442c6624b8ef8ae93663,00801b20790f42d16ebb145be453460f8b46b04aa88e0a814a550100000000000000000070cca2a139660e0dad0985dff3ea2ace002a6372940ea8a88e536dd8579bf53396860668b648021754c2946c
892514,0000000000000000000138347cf98316d6ef64e7b02a53639a03807dde6b3a7d,00e04322bc0d4529cb26f37f35f68b0221c4bbfd6e3147d65813010000000000000000007651207b74fe9032765863f0ed9e0223d46805ba99ade26bfa92feea6c43edee6f15fe6705510217c535c154
890041,00000000000000000001d888b8c2f8b3457470d1340faf95259339f678ec57c8,00a09a2585c498de189ce0e32af6c6bed3fbac46c13ec0c8599e00000000000000000000fa6ea137d0e98f1c21069f371520a1aefcd1a5b5404749ef9ff593f49c3a7c02e58ce8676c7902178044aa98
888946,000000000000000000005f83b550365489acdfd33dfe991dd953b01cfc17bab3,00004832323f531515da7bb71a315ac9ad519db42b749de62e2001000000000000000000f63d8fa0e9fa9ca296920768f50ada1148e25586b6bbeaeb6b0ab9d3e94011d53103df67818202177d89ecff
888098,0000000000000000000051fed8a781963efa6e0dd87299ed43ba61ec0f4b2c23,0060fc233c24f21f121f2a64ab066335f1e59287cc055f25dc4000000000000000000000742cefc8c1575c3b6bd66e15b9fbd05f3dc628db2ecc0ce4562ddd3676453e398132d76781820217b92c9371
885796,00000000000000000001509b28e96d4eba8508a8885e78dc83b60cacdeb985ea,00202d2569fbec696684a80f4397e2fcb4ed084024c2adf3e0fe000000000000000000001abd5982f07fdb3b1dc6a9fe0a0381809fda8644811b1b3725cf7a1ab930720ea071c267b18b021729f1bccb
885539,000000000000000000011099561732ebae66144b9a8ac006c0a7efa99ae57389,0040812eff8d55fc73d2c87d1382cee1006f61fa71f8ccc22def0100000000000000000004ce9414e4f30c8f7688647725a9c94be7b0e92b975629c1b63d45e686b05c7e9829c067b18b0217339a3cee
885161,000000000000000000014f0590824733a73f59b36b556798c85f0880684e0dd8,0040f7269760bedaae04190a814fd40132a6b155c4b7a1448f22000000000000000000000cc46e05d7b32daab60a555e7376b7313212cac02d5b926f304b15e65a9379fb32e9bc67b18b02179b2caf05
885039,000000000000000000025dcc497e8016ae10d613d8015bd312210607184f55e0,0020e0275679bb3d3a6d1ee89c48b4569918441d368b2f40bf400200000000000000000043127d663146fcaf94d63b30ca23a7f8d442d5dccfe0b6f98c0df9ef5373b124ffa4bb67b18b02177e0d5a7b
884487,000000000000000000012dfc3e3782aef650f0de476258c55ec07fff050cbc4e,00e0002067dff683e5e462237bf97bf07919af6fae01b495412600000000000000000000f0fdbddc24674bed078b593fd37f34e5ead243b2f2b10ca996570b9db699c9c9db36b6672677021713100a47
883674,00000000000000000001abda316319c8fec0def0564526d8282ca3a168def490,0000ff3f74862712f3ea480d77eae4f2858007e9f6fb0e0b39bc0100000000000000000004805b3d4af8beb1a7313a8b98959af52cb4754d8036019425b0332266e2e455b8c5ae67267702175cad6e72
883335,00000000000000000000d714fe269dd411cbf80b8971dafbd9edfedca401adc6,0000402033e4102659b42eda1f381cd1adff983fec2997fc6045000000000000000000001c0dba9696caca7550018ffdb45a0252f7f0e9aefed744cbfbe58a9a40800b010297ab67267702172220324c
883183,00000000000000000002585e763064d66b3f2554ef9dfb8603a2251ae16439e2,00e070268168b8b6633c1f52990d11d35191807beb6a5ef686580200000000000000000036a8d98a0a50d078c4724939a85679ec0b61175b470d62b2fed155410ebd0817bc08aa67267702176235dff4
883159,00000000000000000001810ef4e33e95c185838f27904c3e14d9ff7565ea6aa8,00601b2172e4e3c323ee36a3fd04e4eac67ad85176f4f80f2112010000000000000000006a4900595821f67cd96bf7a32aa5015cf37a2f9043d2f8137407a52bc21846704ed1a96726770217400c7e0a
882968,000000000000000000027b4b0c4248269a852754b99ecc4df80e53853c95f62e,00e0fd2481b90e9466b58d73a7457bb3d6f0b14b2aea9f3e85df000000000000000000009c02b0fdc1c577b8fdd7133cb486c0c1e86db8848e9bc2b3a4abcb3d0fb734dd671ca8678a9a02170e5396f4
881953,000000000000000000007faee36bc09b2ab33e348e5991858f1ad938fb88a570,00e09523b9156fc8f306041dd3a08531055863b8dd4e9395860c02000000000000000000bda4def674f0be7f765798502c9d3a670c3d49f24bf0dbce44e569f9b619560bec429f678a9a02175e756a8e
881780,00000000000000000002745046f0bb6fab9fd306b5df8afea25e5a4cc80f9282,0000003aed727f57cc32d6c587b2a8dbf8a9804689db97bf0ae501000000000000000000948f1a6ebe2f8919331e7e15070e254ac365f2b464b9d9d37dd2fd1d5eb977fe1e139e678a9a0217b6cfc09e
881441,0000000000000000000210d5b36ad7189d9a822efec8df61b3b0d2e461b4a73a,00208122488a2ec8c6cc643afb1ceed4b301bb99fb857ce4f88c00000000000000000000d6b3a3bd20db09d0ef9727758b56ddcf7785280c5d81bd64be3403ea0d8439a687e19a678a9a021795d3a553
880932,000000000000000000014873584f9bf66973ae51d57c2d58b0341fa10782a620,00c07c26d0b68d63c21afcd0824c97f92b01b57acacaf7e2a74200000000000000000000ce8ec40a3e41e8986a08f7a178cbab7476e6a59707d9ea330e6997b6374256f1e0799667618c021750ed9419
878195,0000000000000000000118ba6ca352890cb4c6a87f7370ee2fafa73985fdcbea,0080bd20d6fb3fb656db6079439edc1fd7571781a1780dd9ce60010000000000000000009c742e82b40b697417a19583ad0c01f5b24953f2908516c77eb73e094fc421a3a9d77c675c900217572c2da7
877991,000000000000000000012a98597fb5e713fd7d343d423be6f5df6f5ceb3c0729,0000a624100cfa8d69edd706a67d7d2807996021fc9435eac16a000000000000000000005679c8c1350f01661753cf7b65736e14d11ac6de284c11d8ab492ee5402eacb6b1e57a675c90021740490bf8
877991,000000000000000000009d1b54066c961d1afe5eba8aeb0e7b2c512f3752d985,0040a030100cfa8d69edd706a67d7d2807996021fc9435eac16a00000000000000000000571905582358f83570b8de39fec49942da9acab7c0b8d8ed266d3f82fadbbe38b1e57a675c900217a44e8972
877770,00000000000000000000451bdfb9fbd0b836ee62da952e68bbb7c5a3ceb191df,0080c625d95c08c3ea201b93b94b0733b4b286ec1435adc4e49701000000000000000000d6be54763d4a0b517109104827dbdb0f7c7d5cebb569b948e27138e1cbc9a274ca0c79675c900217de1abf9d
875589,0000000000000000000005eee6163885d621cd0b4e999630d00433b905ac264e,00e016203466845c7c9b4bad5f3798c06a23ca10b294861c9cba01000000000000000000e26e7cbae92d3a067ea392fc4939d8bfb16082230487c784e6502cdc09d1898dd2666567fa970217b3d43e24
874036,00000000000000000002829ecf6967a9729412446dd571de06e02007a3cdc451,00c09d22ee506a679a86a5a00895ad9ea0593c1926502c75699c0200000000000000000012ecce81b21ae57a201d3c451c7198cd30dcbd5dcfc1048cc8e1d5be53732d210b9a576763b50217225b56a6
873558,00000000000000000000ba2ab3a02b9de883cd7368bf57da3e04cd2ba3bd04af,0000c42676a1b7e58b5f891b354c2a76d5bd2b6d8ae6f92b471f0100000000000000000069d57a1479ff45fe502ce822780082b7aa08fb1779400d7f2eadb441b379e992d87b536763b5021774540aad
870380,00000000000000000000ee7b3b7a868e091f9ec406f389580740b8618abfb48b,0000e020688731952339aa6a56c368c79d4629016edc089ee35a01000000000000000000349fcb136600769991ff971bc4082b55aab631b76dfe3d8f43dd6354f15149d56c063767e4c402174644acd2
869945,000000000000000000016be3d9caf175bfe74a609453e12e917aa42d939a30b3,00e06127212f5bc0c370813aaf17e23fdf4a10450ba405e8f95502000000000000000000beb060baaa1bb4da677f2b89873f244828fa51f73a1827085315e6f2c88b4897ccdf3267e4c4021750c185a0
866719,0000000000000000000114d1f1c1ddf51e83d6c0d660b2c1fa9f9a345f36624a,00205721239d8b1e26fc111015857175534b06489ca07c18d62c010000000000000000008e3d6cfcf7f1f10664eb9c32d1367572a3ef32dcb462440898c4f48cc0d9e55866631667cd0e0317591d5663
865699,00000000000000000002648ba35429c4e46e38d5261331bbddd7244baf94d515,0040b8258c8222e2e0055f5a54feb6a50b98b9178ee173e9c42b01000000000000000000e2b517fe5c326aeb318ba0fc75cf310fa8033e625ac1266428e7e3a795a791c460fc0d67cd0e031787b6b09e
865333,00000000000000000001c279027823424fa99dee2e4d282eab5b833b5a6f3452,0000003e1a2f53492353722e8037994eeaed91afff885b550ada020000000000000000003bd9925a1243ba280588edd85fab25ee8bd8acf509be5ddc0e77ad6748da8ea19b8c0a67cd0e0317e65ccb47
865079,0000000000000000000075ee83d26deb2f74777eb011df6f18d20bba6aefa639,0080292ab7dbd8f9a3e60e666e1d1896fc5f6f24beabc5903997020000000000000000006429634a5b86fc482e019851137282d0f6a48f9679988663dac75a0964e6379d77320867cd0e031755e545d5
864527,00000000000000000000eba0dd417c220a4f2b0d58bfd35e9b61f8410e70fade,00e0472594780bd5daf487cf280f8b7a48ddc7835b8a758f7f9b00000000000000000000869c56fe99c74293b574c3f9eed282f3fc8c1e3ce8ff485e2a0bf4951719780b2a470367142f0317fb1c8dd7
863888,000000000000000000022336ca639c1483ce4bfc33f07909659c1be89d133238,0020f0235711fc7391e921d6e3949cc377d82457944f09673a11020000000000000000007f1c743b7dede0e8fc39d4ef44e06bc057cee5bc7bc854129117e15c421b51fe05f3fd66142f0317773eafeb
863731,00000000000000000000fe25a8ed9a1deaf7004670ce6ffa09fd8709bc6146ea,00c05b2ceec5f93b75325b24f90cf56e94ec3bf64507cffc9c4602000000000000000000eef05fb78b797db654387e9521c3cfce6b7d5da6e8ecbee23b52bcbfe290b6f495a4fc66142f03170e9c245a
862068,000000000000000000004b7f2b9b9a9c910a93500d84fbb8926a17dd1ace2f8d,0040f32ff60340da90e40729b313187e6f920e956d7ecad98901000000000000000000009c3d4b8b13d6291e86b30a961abb4293d6bd54c546448a18047d9e6f59290db0d9f7ec668c09031798e93d62
859749,000000000000000000001b2d82e3c85f3e9a6d64056a9af77cfceb2819f01059,00000032bc1af48d0c66b56cb9195ac95040ab9ba82d02b5729d020000000000000000001e685a68cf0e90d8a6fbfc598c630772c83f5441d3123a252d2475d9bde02250f388d7665b25031713f58b17
858693,00000000000000000000116a310c5f3cb780b0c324ec12cb00c5a0b2c4e82e5d,00e0cc2982847c345470bafe9a51eefb1981f2abdea98a6a485100000000000000000000eb1c0901ae821751d69e9e707c39ecd1285610de7f1089c1139b0f630d02a9a63c2bce66763d0317396814c1
858607,000000000000000000020d5a1e9725dc333da00c03d123b7187bf713a88b6d66,00e0442b9bcdbb62094fa2cb535df63c4c89e74a9291521b28a00200000000000000000056bf998798cc157391ef5a9a46e002dcc6a835b8b0c3d93f55f7a1b204f04dab8c71cd66763d03172c50ad24
858156,000000000000000000021e5ef0ac499f4be9b11789ec7d67a1b929926363a4a5,00e0ff3f1f380fcb5f5767ae6265173f50954bc21dfed4b6b8e7020000000000000000006f5aa4b6d53cc1762909c268274d86ff4ae61ab842ec7c98086ac3ff6fcd9e9ced1ac966763d03176c2ca37a
856689,0000000000000000000049ed2a8a4527f8c83192f9ab13fcd5444aed37405cc3,0000c020d6f0c521be8eddae8182bbd4ba9d5c2bd66011776d8901000000000000000000b5dea90046290ff97dcfdda3e32675fd079cc157d7bc29cefcf8edd4e700bda66e33bc66be1a03171c435b90
853185,0000000000000000000026c0346042277e9a464778417b70c81334d98d617fd9,00c00920090e7cdbe195f6b61264f98be6a136b1ada5609348540100000000000000000075c74fe3e72c9a6465e4311c8023c557b13017f4f1b096f661c61b40f89298704dc69c663a6e03173aad572f
853120,000000000000000000019066a8be0724175e18539db741579622738f1ce1f2ee,0000ff3fb2946f21da970b7189fa0530e9310de1036db5889afd0100000000000000000039ac74ada5f4016d64117acdae35cd62fdf2ccb31e80888df99b7abfbf7de0a37d4d9c663a6e031701ee450c
853051,000000000000000000007ad9be842fdb143133a8e5353627473006f94bcc086b,00c001200fc92028eee38b706f9d7414c699b994640a728cc891010000000000000000001ad0becc3ac421dfdb8e695cec5172218b484d1cbeea7623ca526a3c17d8de913ab09b663a6e03175dbe2e7a
851248,00000000000000000001b302a79f8db40c150cdbaccaf43666b1ecfac9560a69,008086277e1ba1be9342e22391ffe785497a68708aef8e382d5e02000000000000000000beb0cf86d274b8f4b312f9640ca6d11f56529b6cbfb6d734278f087f9318d6cf79d08b666d8a03170638b5b4
851170,0000000000000000000283dca37cca165a799e910fb566026968cfd28cffc3b3,00c00022dd27db16561ff2afb05e97b64815c01a7bbe14c5866c00000000000000000000c3a52fe572568dc4682a9e35d8348946ee72e4fbb28e6cb5cf5138ffcd39eb7a283d8b666d8a0317390ce322
849233,0000000000000000000020ea4b48f075a066131024c242b6f83eb20724c642d1,00401326836dc1fd3d5b80eea8546e52ca1d532cb16e3623937b020000000000000000001800e7811aa3c25e7623178b1035ce1955d8f9b5eb2a372fb93fd7a10a34591081d87866255d031769705114
848968,000000000000000000006aade64c55965be1542f138da658dcdb93005e5c486b,0060c52e6d1ca822fe8a1737c2b529e11430215771304c501edf00000000000000000000b9029934d1e89e8e1519ce26779419acb1ff96868b76bea7f604d5fe2eab309634277666255d0317a69335b2
848860,000000000000000000003f620e65976fc1768e6f81705cc7fdf25cfcb421825a,0000002682cf204cd1615b70a1de83aaec411fdb005a6004f7c701000000000000000000f92440cbf1cc9d5a4c3fe9c289270ed0351e8ceb978fdd09aebd3410bac2c67d9c237566255d031771f431a1
848526,000000000000000000002d8525fc551d9f794d8e89eb5a13ddd78ae80e9a3357,00a0d328b175916aea021ad91ed27937db3dfffb3b3e08d1823701000000000000000000a1aeff92de780161a3b73a353957043c332383553faa447be171f3b0183fa9de28f97166b85c031732cabd57
848477,00000000000000000002ad15f6680bf74febab1020128641fab0da4bdfa5b4bd,00e004200d8d8cb38e5f9a24272dfa37a363084aa1bb496bb6ad0000000000000000000008a6bfff1c4986acc88518b98f10bf047b5d6cc326f733a7ddd7ad0cc2717f291a857166b85c031765847e42
847849,0000000000000000000327cda2d3d99ac20342aaaa6986837fbfa8903a7b2196,00201e2265580f510676da18709260d206548a87d837e116fffb0100000000000000000044bf02a0da845106aa5ae66027c5d38f035718ae25c80ab0b0d537bcf986fe5d39be6b66b85c03171e40bda7
845869,00000000000000000000858fe3cb999f449bcbfcadd3bdb240641b6b9c39bb30,00c0b32aaeed5d2ca53a4425993aa027341e6f1705ccb73b3a6d02000000000000000000f753e78652798f0f952a91782377f276b70dcb6221826a04a39e66a8bc09135499565966f055031756748434
845627,0000000000000000000011018adf88550ea5d3e90ed0cfba89976aebc4e7f098,00c0e12eaa768e4327d5408ea8bf944d02fbda7cc3d50fc4b544010000000000000000002920bbb4c8dd8cea12e8c32604cd6f8f64e802da4cc7b27db75a5c64b15d51668efb5666f055031738290368
843741,000000000000000000009186f08b48d2a0dce51df8c0dac593286a8981675eb2,00000020a715cff55f9711822e49d1e1d548a0dcea4b3853500002000000000000000000a9513ae7a6228aee1afbf6a461cfde92ff32bd517e5c96a37d062e36d21ee662d05546669a6203171c741a9e
842665,00000000000000000002ac309c443aaa8468cfb59fdf84fca1e3fd42d623df39,00e0fd33d67074390f13443dbfc3bf86dc6065ee98d01f3b062501000000000000000000e1cc5a5cde31058674490b6810fefffed05ee75dea3fc1b83e53c3bab362e9d171693c66db3103178b27bdc9
841424,000000000000000000010998fc2714f8ae10ffb73f1986eecc58f5afc457ee07,00207f2a259416d80376923b496e4c1f5064665c19aeff6a3c9600000000000000000000dffd15861e031a81b614aeb71223b44c04dd3fb3f95c1dd742cd3dbdbef10feefe243066db31031752dcc2b5
839152,0000000000000000000138944addd37b6ef038349062c29b98ade5914de97ff9,0040d72467a062be465b71e91a79be7ad1f33770fff8674fb4f2010000000000000000009833b29d84959e3687c70cd07383ed7494320b2e0b24e5ff57453d0cfcc9c817468b1b66194203170332863e
838792,00000000000000000002af7214c8796e102b0e9074a5d469266d7afe5af2f087,00e0ff379fbe71fa0958b2fa0af0e08f36f8404b4e4ead63775300000000000000000000b7e5e40438a38783b38eb3d137146a5c469d9b24a7f739ba25bc43a4be18e4cb1759186619420317051ba524
837957,00000000000000000000e8713be25a5a68bfb7fc2c8c4b89a3e889a13f58d829,0020002043d4e37f3e25eb842a84d79292a0951d1b2f51d951a6020000000000000000006f7da78e36bb926e7d2fd6478657c7e4508a9c3550fa649985344c3881de5d19081e1166d36203172a47be6b
837929,000000000000000000016978fc164a420a2060c0a54290365df2f88587204c40,0060f3216fa40b3b47a3e0cbc78264127ac7eb079b675e7175e6010000000000000000007e89b1aa75348e0e5cb9e5581998e12be440745497eaed32a34952e0d282f5811bdb1066d362031771455556
836806,0000000000000000000206e3a637468ec7c7b73632d9df302237d8899e8c6bba,00004020a899a855b656e23655386aa1a630547bc791efa893940200000000000000000080b326d48ecfc30d3970f78876d01641aaf19afadc45e4f3295ae5ee00c74292c1d20666d36203175d827b2a
833411,000000000000000000018450917aeae08339ffd3172807420dd35c736032898f,00e0002062d25565fac30cf479e92cb21873358acb488527444302000000000000000000d9deadcb6fe9da9d192ef89967f47525c897f726e93dacfcdb6f72210d458edc1079e865128c0317965a609a
832881,0000000000000000000147af858b815ba7fab00984df3811810a722d4624df8d,00206e22a2cc639cca9df3950d47483156f1900742ab52fd0c7603000000000000000000e031ea60cdf7cdb675caf3dda24dd932b2017a24e9b1d584a40a9a69f345e8c77fb6e365128c03177589b58a
831769,0000000000000000000154b96a59a8f38ae20ab2978e30f5b3e3f15629f28019,00609f322087fc9c4e6e0e6ede69dd4ea99661cbcfd9588c4a2d01000000000000000000ed771cbc92d469bd529a17ec62d485023b8ad1c66beaaefbf644abf2c174d9e64b4cd965b17103176eb86924
829613,0000000000000000000357088139cba6dc295875d7d3b2dd1fd764705727e451,0060cc2ec42d0c1d848f4e09ff5b72ef7d1cb58f0b12011a4639010000000000000000007dcd5c1df85b33279178cfb9ea66331af41903ea01768cc870272e5aeced2700e0b3c5655dba03175c9c55aa
828366,0000000000000000000222082e0016ece6119a9175adcf4ba416631279dc5611,004028308686ea95d20291b99ba946e5823cd05271811c981e4c0300000000000000000015302596f4e592827b4a45553efea2e69eee6360ddb2ae8116890733776931f92172bb655a0004176f654234
827853,00000000000000000002c7de4016a0d09a47c19075cb73947e7f66e3461efd27,0080f6259b68603ed211f9687bc66ce2e5ac6a321aa8c7c70de0020000000000000000007796ff12348e79a8a6917e38541f1145fcafc26d823ba76583ab79549d2e57bb8ebab6655a00041758d578a7
826263,0000000000000000000284c1a998c1c8f67a4ff0f06d11fa3bcc5cc15fad3757,00e08723f51ad4684f207a42920fdd35e53cf4a35ef38b9f0bda010000000000000000004bc2af6e2573c116e8f48fde220ab9a53476711f49889a9714948045c10661fc5c22a96569d8031765b1c13d
826152,00000000000000000000d4e6d4c176163b6c0608aee462ada8dd95b2e694dea1,00403d21b26c35307505148c289853798919b0956451f2c94bdb010000000000000000001d6437a2d8399818ef27197b09698e0cc9830df28ff18862b7eb8ae3953f4175ee0ba86569d803176c5403df
824221,00000000000000000003a0653dbab14cc0f6fef121442b29d6b4005cdcdbc0d5,00006020a1039511f19662caab014384dc2f51fae85ed3a3dc02010000000000000000006aed1e6fce1961e60346dd9f5a7886a8423d6ccfea48ac87311bff4e2a5aca4178eb9565b3e8031728a6156f
824205,0000000000000000000220bd41fab8dad392be76480bf05c33487527f0d4407a,00c01b2b5ba6ff3aa4fef7a9822f714157aed95b9494766dfca4030000000000000000003f1b4abbc815c7ccbb6bfdbbdc6774bbb276e3717f912e73cf9e925700965c1ed1cb9565b3e803171358fc1e
823672,000000000000000000001f317d0fdf0dbb37e5e5b0c858cb12f58eab4ff7ad91,0000002052de261a2aabd5ad5a0abdb201199651d40fee5aa92a01000000000000000000280085d026fdf14e8b1425b615a4a5613720a20a2e4966ddc9ddb1cf82d32a9db7fb9065b3e8031713903a0d
823653,000000000000000000027d790dd4e3b6977815d390cde864a8bb4caf24b52552,0000c0201aea929bccd71d576100ce0791c55fe9a45930b8819a02000000000000000000b70d628e4ffb79b08918f418cf839b8aeb9f06d33942de8a89870b218be014092fd69065b3e8031745115466
823226,0000000000000000000365e705dbbea406f6e383f510d400fa23e40eae71e056,000000241da7fa68024cc77531305dbd7a0a21bbfecafc2a26f502000000000000000000957ede58ed39056c26d5a1e6eaa36ddee621700191eeda2207ff27a0fe1f081fe7e88c65b3e80317bd8a210f
822941,00000000000000000003aaaacecbebd40417c2e6c39b5774a8a212d5b324052b,00000020770e315488829b098a0f200abba413667d9e116d51fe000000000000000000002cb31fc08513801675ad8c70a96b8ff780fa32d1cd5fcd3a69916c980965ebc6f50a8a65b3e80317ca76b0e4
822261,00000000000000000003cc5fcca883d8474fe09d4d5fbbaaf526a201c61be2fb,0020692d3410778c573cdeeee54d42c2a5c7b07350a8c96212f003000000000000000000ee04e798fe50bd977d30b79cfb8aefa2f618b4a00ed8b7bc32b0a470474a82b54a6d8465952e041756f99983
820819,000000000000000000008c3db1b630fe634eaef3c5a18d2e6289aa3bb8538d8d,00a0962fbfd0f1debd31cd0d1b77af7d3067fe6812c888307e38020000000000000000000690ef0af6bee93733325c05bc67bb0d0eeebe67db50eed561635ad8440c243168fc7765952e04172c7d53b6
819343,0000000000000000000262af3fb1dd3bc62ad5a119c48a57267a3b96145ce82c,00e0b62f640ab29f8d8a75ad926f81a960bea7f220db0268940d02000000000000000000d081faa72bdfc5b1c54151877922f1a9145042aa6ca598e1ac1bc02f014d973c47586a655024041718353ada
818038,000000000000000000029afbc6cbd660df5548a90ca9202e80866c5c680f29e4,008001202a1916eee14423443b7647920f111ed83367194d334a0300000000000000000068f02c6b220706f5bf0fae1eed9a9b714aea0e27fa7dfa633f118e442b70988f2ec25e65125a0417fc8e8632
816784,0000000000000000000248843d730c9645f67265d4ebc007859d4022f2de7c7f,00006020b56294d0f8ba8d2ef3ac8bbbf4fb27bc64057045f79b01000000000000000000addd1265eb47ef747aced7f0a38d2236b095936da3026078092b274a880df4c283eb5365125a0417643a091b
816358,00000000000000000001d5f92e2dbbfcbc1e859873117e7983dd574857da5e14,00600020514881d5c04cc135915b71e02f3686a9b7de4a081d270400000000000000000053df89773788fe7f5257103a292fca55f46a333c88506c63ce018a96644465ef1ef44f6594810417a1dc5150
815570,000000000000000000024c1b977ae540b29e329ccfc3bbb37f3b0880c2336212,0000ff3f5b85fad4d772b89c4f1c2f0f8ead7eca56e542e26dcc03000000000000000000eebcd9c436616320cfed26469dc1f1a55cc9d654e6fdf11cbef7726ba33335b245ce4865948104173da2750b
815288,00000000000000000000e41cff8222ded062e05a7f274d29243cbce880fe95bb,04c06d32a5e7a90f3a6d71a523da185f2862c0e2b94fce443d1f0200000000000000000052c1668c9c3d629d948804fec0bade7df26aa8538cde4a47401c49c4b95fe31d4c6246659481041713604526
815202,0000000000000000000093917031004a140b6db5c6adec217f814db98d7f0bde,00402f2a1d9bb206447ac24de80af83bf48e59c49aca4262d097020000000000000000007d297e8f1d04bf23ef76cbff1788c37701bfa7acd9351ac0192c13318c08035662b845659481041752d64ecc
815041,000000000000000000018dbe43dce84e99e8b6e3c486b6b99f5d35664ac3d894,00002020c5b5cfbbd730c17b93fbeca09c2ae6e87824fdb5c902030000000000000000000cf25d11ad8b87f26d8d4f1cdcf13e393a9cbf480137713adcbba286b56c9c1e103744659481041735b965cd
813352,0000000000000000000400e7b7fb436481265499f1abf00cfc7eb73c96ab64f4,0060f025df4f9cca6ee2ebbda1b8cd3084661fe69211df10e59502000000000000000000647737ec51990a10883d7a353f411402470b9ecf3acdeacd8b2ac6e07d06d55d69443565a99c0417456d9fec
813210,000000000000000000021c9f203786c0adcd7ae9a68a25d5e430d2a3dba613d5,00e0ff3f050ab767d277cce40a59e2b4612a8dc3cfce95bbaa87030000000000000000004d0fb022cf3219874b01b1c8915b6e6464476995d3e34726da13c325cd8c6c6872013465a99c04178da4ca71
812860,000000000000000000005a65fb93cb1793cec24d0bf385dcd62da60f7e9db937,00a00120369ba233ab37901622b36fe35cff91c0853c4efae06f000000000000000000005e58f4ba56b3683d38d89660cbed19166a0a52949a2f6cecc5388f95f7a9ee0f91b63065a99c0417110ab2cf
811703,0000000000000000000270d5eed2457bf394e45f5035c1d721f4f3ccecbb2ba5,0080592512f2f946ec5b0d4bb75528f4697998b96625cad295ac01000000000000000000c268de7c42a8a5b2e7581c17aadaba76e05a285151f9b5b122d32b934cec1310459426650fe904172c410fef
810631,00000000000000000004a2b31c38cd724c92d3b33f9dcbe99bfb50ad167ab2ee,0000e02002c1c9f145f8ac8e2ad573c91b4fa26cc2c3ae6ad5270100000000000000000097ee172777445d717bceb5bb96422b026cd0c3f15c7d8dfb0dbba612b826c5e035921d650fe90417985656e4
809493,000000000000000000016b60e199e1f47ea3e3b4e8a6fe50f0ca1bc2d4dab442,00001824463ca21014cd2bf3f1be577f618a78294a069c85fccf04000000000000000000d10a66398cacec91a1b343c9e3ca3e2a0cebc4c0ca47d0574a84ba1b1ea2c518858113657fed0417231dbca3
808821,00000000000000000000afb04a569842491ecfda6a03ff5e8d9322e5888e512b,0000c32f64afbf5aae0c191dc401e7121cf53e80ee4e2e03fd5f030000000000000000005879d2d58ed05f09f2cb41bd16db2525a117d718a78f2ef3af68b185721fb00c3c470d657fed04176f8312e1
807025,000000000000000000048d93a8093bd9b104cadd46957a6d14ba3ce6f2a29b9f,0020e720b634f104a335326971f2e4b9b035b124744f6946d85a040000000000000000001f14c10987b6f4cbb04b3c8b5939f1c19246780b84ba2c56f0bdb583fef8be6c2eacfd64ae3205172a872043
804900,00000000000000000004c20bfe0ed1a9b714fbc07710531b8252dc998f9ccd67,000040204814d533acbcd01908a1ec2f707a985d1af6f6382bcb0200000000000000000077103de5418a74a9ccc864846eb2b08cc51e854fca0ce6664b5840285996403d80ace9647b0f051782647880
803389,00000000000000000002ea858e57fc91ec34ae26a1d2a53720d7d4e08334fba2,00a036241ec3e0ef314de82c56b7f016b1fddde0610cc322b926000000000000000000006f45ef9ac20699b6a78ee7c55557ee5cfc75b79ecad3e2d59ecde80e73f10949833adc645b5f05173f8d8fda
802859,000000000000000000052822cb66ad7eacacf11e8e0f16c268679f7ea25abc98,006000206265cce205ca62ebf015405c4deb48d9aa9a923587260500000000000000000077d797119566eedb40329bb1f7e0aae3aa3bb921e3690bcd493e1c063b1042acdac5d7645b5f05172da7e3c3
802617,00000000000000000003cde17280f9c458ef226f5a77271ee82489daa6ac1819,000000206cc4a6e055cb6d1010efb25d525e6f2a0ed5c2201acc02000000000000000000920dfeaa177a781c6491d1065403fc0e6c09e8471825f18aa5043d5acf1ea6f9eacad5645b5f051733722d40
800786,000000000000000000020e419bbdd75f21609d5a050a24bafe45b73a1574127d,00c0e12231119d890a1f9c246e1aea541ccae51c99009eae044702000000000000000000b0e20ea8294ecc76f83f2cace380637603a78d824e5ec556541bf4b11e3143d3dc31c56402610517608dd093
798601,00000000000000000003e6e0ca6e4b679bc315b0a1d523153db531df244e34b2,0000a020bfbe503d8194c70fc1e3ef65dee20f2ab3bc8c917aa304000000000000000000626f587ab5200ab2c8b925589aecea337725669d098db610f8315f40a7be91205ac1b0649438051757a0f83b
797752,0000000000000000000048c6ee31c9f6d913ce3689705b8b1fc388d5762a9c80,00800120bf91ec4fe765c40985c6cfa081e0e97da7dc03c7ff4404000000000000000000f4e3f670f7d8dd7fa34272ff2ebcd89784c036ba05d2937a37290ffe3578a63fff1ca964be8e05175e804a35
797434,00000000000000000000fe9e3172a5d9ee3b815d952476a31056bc007657b83f,0000c02038169b1525cfc4b2a294dbd5ccda8aaea6ec242e7418010000000000000000000ed41354f2e9a2b6aaf64a57e189048e1beb832c01989cbf7e5a6e2d1adb330b03c4a664be8e051735723ef0
796720,00000000000000000001266fa925ca2a17a4b546dfbb24c321372b9576c36f0e,000080203a9a4aa4961727f548f85532abd2df8f11e4b6c3543a0400000000000000000070450b76197f336f89ed25e363a65a3239c46485dda779a449a53d6a998e8a57564da064be8e051783de20da
796288,00000000000000000002c72834766a5eac00f50d8a203a6fd03217dc22ff2437,00e00020e05a83dff7b549e61c2134df957bfc9051ac46e8ab150200000000000000000074e64f2eb24fd440834b9cd9bb991add7294cdba7baf907adf3a62044e5cf1f4913f9c646d60051717afa34e
796038,0000000000000000000552fdbbe1edbff2887ea7879dc777b33f8cefc4ba665e,0020ee2d106e1b1571239bc32ebdaab2e5bfd34a903c5f8b3137000000000000000000000ad4becfd639ae3683f2a1526087944b23480bcb71887c13987000f591a3ea5942c799646d6005172c66e636
795426,000000000000000000045d66a7991b54de7e11776eed27e34df24a59b7de370e,00a061260d213b3feeff45e2b36ab3b6733b3a51f88ed8ad06f30100000000000000000035db9aa39d3d9ada7240884b358a3d1bab821f6d0cd7339240515455a2b00a1fb82b94646d600517061a873b
794931,000000000000000000030cd5244e8b366e810bfff953bab79c736d7310dac407,00002020343ed3501307dd4c1c815cf58bd82a73d48a35b136cb02000000000000000000ff0bab9fee8705fbdce5356f4cd7d1580fd8aef6538b5a6805e9e4f9f8580b4c9e4a8f646d60051777549db5
792379,000000000000000000032956cbfd8721abe0572d81542e75e38e6185312bee09,00803a22f5601b3383a658beeb6e25da373cc7d815332045735d030000000000000000005fdb186bd710fbf6a64a01e7869c1e0509d456c9ead50033ff5895903aa7e40eec907864697e05172cf96c78
790984,000000000000000000059e4f1f36c54edacc9a6e3a196acd567dae83a7f44dbd,00602420b26777d15b94a731e5d7f1f78f430cd0d8a78e2ce64e020000000000000000001c55803e46d9e17ad08bee4cd1358235c578f0feef4894b02f4fd76480e3d79b933b6c643aae051745566892
790825,000000000000000000015227bfc84327b07a7e1796ff89c0ddf62d4777a38c06,00400020fdbd2f00698eb1cdee15476e654d68d34dbd9eff9a5002000000000000000000c0c669dcb2d19d9e221c883a15e5805dcfef7e3b10842375e71806e188a54359a8d76a643aae051749f1104d
789603,00000000000000000002cf6c7ae527fb21ce7721a7772c1da2998aa866b8a37a,00c0052bec9446cee7d027dee6336404b826d4711204027081f402000000000000000000cf0a51c427b04b50b60350a972b25ad78da527bbd93b17f52ef3fc6fb45ad49d5520606401dd05172179aadb
789147,000000000000000000044390f8c5e9cfec8b27ba6d876d3cb7986b961f0eb30d,00c03f3383cb4c6845a3bccf5272cf43813e5c2b31d11188baf6010000000000000000000eeb4e0b7d2016b8318ec273ce1d73380f40201c0f829b68f86fed266511594f4b075c6401dd05177b4ab1e7
789135,0000000000000000000271e983f5999ee41b8fada533ffeb77a750e7d3a47c31,04e001200f53d68fb0eb0df14abc55dbdc981642c3e0aa7d542e000000000000000000001198b05a1b7adb278cd10ddfa0a5cb930649f9403a7c073067c9a2ad795f2a80a3f75b6401dd051702fd2254
788837,00000000000000000002f51100fafb5c60b2dc9623554c219afef3cf398cecbe,00a07b319aa071b917a83c62b2a75cdad95129f23569a309e5180000000000000000000038eccec175355fba42636acd09208b64ea9dfca0fba8d2d8dd3decc090b62ab9976c596401dd051748a2fd68
788805,0000000000000000000313dae7541b4c58e93832ddeaf96f8d6a5b5f8157d494,00c0e3215c4d363aed01d6b2f8397da6e4a46564a7544fe9362a03000000000000000000def1811c42a688b486819ca933cb2c99631fb45d254a70fe3f801decdf5f76c3dc16596401dd05171bae5737
788687,0000000000000000000070ec61b72a3cab40a0f5cea33e4266a08044fd48ee27,004001204b0b20b68ffbfe7566be93799f0ffc9d6cc9a436222e03000000000000000000995d277033771ac3f87fa00a93f96eb5a406227199d08c6042b8d6255f7747b5460e586401dd0517fa7f0ad8
788686,000000000000000000032e2236a4c96c9dfc0f9f7993be6675fefb8fb6200b4b,0060812ca65ffcefa217cff692956327eabfe48a102a7fd92152010000000000000000005277c029aa3d44652fb1d1b03d509ef7f7c8f843b4ae6d9ac3d06b5882d86710d60d586401dd0517454d5665
788254,000000000000000000015fe8c549ffcf5ef09e4ca884688d37c93e101a4f185c,00c01a2d8fb1c38a9a741acc1198e70ba2766153ee11c5da97910400000000000000000091742b16a614ae5571ecc4c5c8918c709752556ad395129ca3e5a562054024a6ecc5536439c70517471abcd7
788212,000000000000000000045a12749906f1cb6d2b2259a16110ae5fdae1d8c39cde,0060ae23271e137c911ddb5090a0992e63a111ac2593af4803a403000000000000000000e8dc993c1b4c2be305dafef9ce6f79152e1f58023aa42b85a832f3f7949104507453536439c7051770daff45
788129,00000000000000000004ee0cd74815f2be02664762dffaa9e0a9090f228fa697,00e0112adb050774cd1d3b4f7af9bcda05711af141bc4078705f0000000000000000000040725166f94938da63c0a3e220acb9e301bcd394086e1f25ec5e3a27db031b3a46b8526439c705173729702b
788016,000000000000000000052fc166ebc6f7148b0c7b2e681551302ef941c6558cc9,00608d3326849725dad8e731d5300231424807cbe9d915b9d619040000000000000000008a2f09361ca6ddd280078f2dabe040f6a3f2c93f4482dbd3e47748f344fc4b15fea6516439c70517698efedf
786453,00000000000000000004950cc7159fe9a96fbf22b2ee39afb5c0bcfbfa2fef8e,00e0a52352eabd49cd697ae0925626f5321477881fdfa76906ad010000000000000000006dc457446d663e1bdd9ce1ff26e4006d2870a7d6fe149992bb59e6135f6a02846026436439c705171cce4369
783830,0000000000000000000366d2c12772a350f507879a5325203424e58ec440249b,00a00120c419caa18ca0583cba3fabb0741cca23afe00c7a53e003000000000000000000de22446fc8a5c020b3ede5fb869f36c72939aea2357a2f154f6a9520023a1cc4e6892b643e020617aaf698ee
783478,0000000000000000000446f7d3093688ae697386fed3f52a63812678ea6b251d,0080002065395867c61933f10940c38e9aafc21cd944b5c3905704000000000000000000164d8b7e2bb4dd358aea6c703f163912061933b1dc8757e368caeb3c4d5b1222264528643e02061775f4ea63
783010,0000000000000000000340499a069de771c0559841c75d5230dd7802c3588d98,0000ff3fb5b63178fb19a16256707250dea1e4499439a2cf4e9801000000000000000000c6393fd733629c1efdeaadc39340ac981729a269782c96555ced8bf84db8074aae1424643e020617cbe1da5d
782333,00000000000000000001a1abda3a2eb4acc211f64f8748d1a7635aad80690b7a,00406321291c34d9d0e3817834ccc8bea3dd3c2ea38d9d166d78050000000000000000007eb0ea3883da04f3d155b5a7ac7b8c7799c0f772fa4ca192ef54258088bf7fdae0d11d643e020617447a9858
782129,000000000000000000036f461ab63c78f08401d3907a67fd2237166d8a373193,00a00120004c091111d59a193cfcda23d1447ae84dc83108a960030000000000000000005527781c3a0a26bb0efa8becda083857b667738fca889526d0a48ef0215c733b813c1c648176061769420c28
781487,0000000000000000000125e5d7c0d2e1b83982e5284ea21e08f5a73b8109d41b,0000002091c290fcfb620c209eb502e180a44168cb00e0bdffc20500000000000000000025a8d79742b68264bf3063df2298fb0f92fdc1916db5a78981309f0fad38a12e7ccd1664817606170052b90a
781277,0000000000000000000388f42000fa901c01f2bfae36042bbae133ee430e6485,00809e2512574ec5a79549c7a8eccdfadec16403cf9528cc7d62040000000000000000001def85e66e13bb95a17d931d29495963b6175235acb33de981394168adb6e85bb6161564817606177ef82ca3
780994,00000000000000000001b666391fe81859e96fdfdbb83f1a1eafb7951c738c77,00e0582d4a188cfc26d790239e091ab78b5964760195039b87f40200000000000000000026838fe89983872aa8719b6ce846ad37129842cc9887e5f2d1dea3c6349d42cbcf6d126481760617631e0c57
780979,000000000000000000012ae175cb998a3057002e532d432f669d0a30e8292c6b,00a0f429d94a6847494392b1334b530759125feef0b69653cf7802000000000000000000cd05b119306702dc5c2033a69903c9635e132806d0d79cbfd1475aa720324564764f1264817606175d4630d6
777550,00000000000000000001f75b65b9066c46682ebd2b8358d7e64affb4d6adb5b3,0080d02cae49eac37903ebffb12001145c1373a7d24d827050e9060000000000000000006639e2a80792a13b28966dc1c0fa95df4b80acdba5472af59c94c51f49b08e2309faf36339300717646e1b74
777172,0000000000000000000215ac1b6fd564d8d4707631f6b77273521eb1e242cf28,000040206116aa207b954bc884cb61582d8ac4dceaab3cfcfe5e030000000000000000004ec17156c4d8fdc7bcb0c294d4be35c8ab759f7cafb0efce0cf9d86a083dab50a5d0f06339300717426325f1
776941,00000000000000000004cc87382e38118248ec926716565d50d63f0637c22c07,00800020365a368ac47e6ecfb8bf6f31f5a3203ff356fc959e22010000000000000000006aa59468adbf0949649ba8033ded412c47bb248ba051d087daf9c18d8a7147df21edee633930071761f68530
775828,0000000000000000000387d7c748413c63aa50c493185f64b0b0b14a1692745a,0000a020603d223b9600e0e27171e2b9c767d80f9ba00743d49f04000000000000000000beedd21ab8468aca7764aee38ffa64f051b950a01a19788096d6ca17f0fdfc619cabe56320270717330e0f45
775827,000000000000000000049fd44307a09b0fd867c7b9e27171e2e000963b223d60,000000201ddcc05e646295ca8ce8306a5600e58e79600c1c37b901000000000000000000bd9d4dba3f8200532f3c70d2a293c99e5b3af31a6f66d6c278dffe69102914a1c0a9e5632027071744235263
775414,00000000000000000003b23db507ad4aef50fbc9ad358a234f73ba95c656a0c0,00600120d0fdeac55ce96982b0209adfa421212f0f3aa9d9a3c5000000000000000000003b73552131774ee02267a2d4c93b26e4914b0fa5b783f177baf2232e0b4b40ce8213e26320270717eb7a8c2b
773104,00000000000000000004b4b574cdb3d36dcd8dbe538d8ceef646a140dacd1d30,00e031337415f24e1235bc2981a5e1977667e8bbe69f82bcd2e902000000000000000000b7cc500b96676c9c635aa2e159dc849409edfc194660a7bc6e135ef40bcbcb6f815fcd63e27c071735ca175e
773077,0000000000000000000397ec2f830eec065035fcb98e0a0c0a8f075666673066,00001421120805fec8d92dfc886bc9c832fd2959c8dee1cb889500000000000000000000c9b13a6269193ce3392fe845d8865871e9f3eb6366c6457d15a40ea618a15886e627cd63e27c0717711832a1
772981,0000000000000000000682990a0dae862b48e0451d619938215dd47ed9560200,00404b22f0292c413562cbac4c5b9958ff7e1250d7576bf232f806000000000000000000aa85b9acccfbd92491a158dff768c61a65769e2b3251926deff3fca6a9d00050ec32cc63e27c07170c1e04d0
771745,00000000000000000004370a77a30add64bba97c26a90ca9643b45a75219b2a6,00600f209eba22f2dc8ed10ed7350df34f13d8d0dbdeabda30c6030000000000000000000257fe076399de10e041ee09b4439de6509dc9caf7e7371e622337ae53652309926ec1637e4108174424434b
771627,00000000000000000005a92bdb6f9d55ea8d2b42579e0db6ca7764f97b6910e1,00008020de1943d8fbdb9a660e359c355ccdcdd06ad2c297be8b03000000000000000000312cf636e28ecbd3b62567f572e9fe1e98c14be330fec73be1e4413035ed62c6c866c0637e41081724a19f8c
769710,000000000000000000025bc9698bd43a720a55a27a17347366ca7d608d5bfeb6,0480212fd718b66a793eda77504dad57524731e835f4f19e43de06000000000000000000be80b3146e82eb40f4b489332b8caafc6ea2861885d25ef03fa479d92f691cf5811bb06390f507175a38a1dd
769575,000000000000000000000871bb09533dfc2c9ce5bd8eae0fc80a9a815944d716,04e00020d0115828756c766c0703e1353c22328c409585a9a26207000000000000000000fbd299591ff876891bd7e4ab4e8a02b4a2c72a825c3d5138cdd09ade5910742d2118af6390f5071785227377
769546,00000000000000000006ed9fd2f5c5710e3f6278300516fb90da8685e4cbf0a8,0020e82382b3304aecae5c8918a1ef5fee5f554ecf7d155eb25f040000000000000000009573379f6519e38b7e990ada17d75498e3c88dc44ce9b7d158c5779f8574c35f00dbae6390f507174d056341
764744,000000000000000000034df3f4bbd3007a1f647151f870bf9e04988f164c7341,04e0ff3f31d07ca923ad2873c0e825bb15a09f0c913c8c771442050000000000000000004ed4ee01738cb056cf53d546987a096b717fb4b9f975d5f95cd52f7a95bbc944d69e8163159e0717c74cb810
763445,000000000000000000065d0f6847466feeeaffa9663895cedde33aa12c262e00,040000201ce503a631d24ab858684d57e4515e87d5db172e493f03000000000000000000811c8936a68aed57f2ff87e34554a0f9a7bb6d71c62c91bc44cab74e972bb9f52f06756312a80717230e69f4
761335,000000000000000000053a15fb7aeca2e399a9ef15375c1255d15ce42ce8721b,04604727314df939a2bc22de7c9a50a63c238a0daf4b4c02e54b01000000000000000000bccf2c085b885add3326a196f6333712ad310ae71b474102e068ceeee3dc7824dfb2616329a407174e2def28
760347,000000000000000000079c322e576683da8844f747675a6e811447614e299b68,048066298771d4d98cc0be43d017f8aad03020a01949044b293e030000000000000000004f62dcddf9490addf10a8b375c58050ade5738dd077bffd63e39a241686d7a23d5f6586329a40717059a7d65
759781,000000000000000000025edbf5ea025e4af2674b318ba82206f70681d97ca162,00200120702c97321f3df8923e82ce629776dc3ef41d43d379310700000000000000000002aabe2f2d43a717d6d59bbb4fe0520be6fa274f13312093f22ddecc1e50936e418d536372e707170d216d23
754633,0000000000000000000152502bebd5bc13756d28b247c348df1a9e42ba08d64c,04e0ff3f0462e94043ae6c80d7bac72ae5e72611f77e00b43423060000000000000000003d5c39d38cdc93ab0fc83e8eedfce59872d8c5022468634e4f12fbb844b51d6df8d9266394c80817a4ef751b
753503,000000000000000000047d1cd835034fb1d3a59a25f93eddc8a408372a010022,04e0ff370b5859f8b9cee9b54b5748e05df3e518d24d9223bc48070000000000000000004b4908d136f8716dadda5dbf1df10ffcf64b61c1750c7fb2272c59563fd9c71ad6e61c6320160917b35276af
751763,0000000000000000000993e1c4ab09844605bbec0b810e70beb0c364312bce86,04805f2b29734607eb97402b244d09fd72f36ff9162a92007ec001000000000000000000514aa67a8e258cc5864f1d085b56290d365ed33e44e7eac32589e1e1a61b3bd125450d6388ed09170aaa9a60
747880,00000000000000000008d99e58ea26b6a7653fbcf007e1203b4d5935ad769b3e,0400c020aea5675192dd6631063d1028e97c3483819b7ee59413090000000000000000007c93235ae044a86fafe49acdc45e8f3189a85edd2dbb078ab9c89a71cf945d95d53deb62042a0a1760ed5ab2
741082,00000000000000000004e2891d08337eb9263b703eb1c897e05dc59e8b246a9b,00c0f82fa1a56056e9c144a97ea0740e1a32fb975742b8d82ab303000000000000000000f924f5d6df3174fb88209458421f8ece145681806aa9601271a193c24e64eff44c8cab626a4b0917161ef36c
740280,000000000000000000008d05de4d0b44b57d0745f2753515c4110c48e5344787,04e0ff37cfaee69d4120af99602919229f190d710b37ac1162010100000000000000000092ed3808ca203e2bea72c83eebe9aaa300716910e8759d0e5455f806db6a569e86f7a3626a4b0917f514baf2
737765,00000000000000000002ebc63dfcb840c72fa81559a7909b7a6c0a58ce259fe8,0440002084434b5591dfcb37d3f34342335e2d2dd934822cea3900000000000000000000ca37e9f8f34fe8fae3537dba1ee9857eff9a9b62b07ce7eecc1539b13c090944f5648d62ba010917223704a2
737130,00000000000000000006975197c02823e9104076cc682a2151871f88d2965418,0440ab2de41287ce7d5049ff7e018b3f17c1f4ced7023691f37808000000000000000000202231f85a48f56a67ed613a53d01ddd795d6209c0653b3c80938dce26095cbe2f248762ba0109173d5450ea
737110,0000000000000000000578aa645c2a10e9dc8556be042d29991c0d3c08dd8644,0400e0203c9e1e083efa08f3b0c0e1fdea7d2a7b7718f5c5a1de05000000000000000000a8e0f4e601bea5cdf0847f726bf57856d35cdae5e56c95268eb949ce0b52069634e78662ba0109177a9d54d8
737096,00000000000000000002b07a9a9f066d463844960542d96e88b4815e063fab08,004055259b274e295205f08928be13944fda516943b4bd72eb4004000000000000000000f5c546c83687907cd683fab6f0e1b36d8d43055f0aec311f75ddb7e77d91a2afb5c58662ba01091750a6e474
736408,00000000000000000005224c9af9bbdf3bea89d720a490651ce64f388b4b0673,000080201c23dc6698cd135e7c910b854066a36a2cb71ea9d3c40200000000000000000097414db84515e026ee763803221a138c4472a87790bfd787b2a6094cba1b1419202b8062ba010917808330b5
734981,000000000000000000013b8819d8d272e100ac368cbc1e763252ad76d403d486,000080207f687685a7d6352b41c3e24bc5eaaf7977e92d71aa150700000000000000000044412d96d92bbe49ffb568757f47ea24b3d9b41af3787738f6c2ab5864701a6f13747362757209175dd22838
733430,00000000000000000006ead1cff09f279f7beb31a7290c2a603b0776d98dc334,0000e0203030254440cba1a1ed3a51fbdc252fd7710edba6f62a08000000000000000000922ff8e058d220ee98070f53e6b88c2edd39f46a36f234fc1e1727e2e4081ef4a40f6662d9f809173b0d4dde
730848,000000000000000000029ec31578132d01696910f299f8d104f29b8f8bbdc24f,00403b26d0e047c8dd6166c6234fa2b3323469f9a61774f60241080000000000000000004fc3d9ad26e8e3e05cbb112e2ceed8aebac6d328126f1d8042a1419723d1a78cf6e34e6297d80917748de0f8
728744,00000000000000000006cae3d864b21d8820fcc5a11859c3193b7065a661628e,046000208a456b3798798a6c4fe950455e7139847997b2f5277b060000000000000000008b937d17dbbf90a37a75f5ed10c03ee6f41e83c0ec40130c73637dd8c57a15e69be03b62c0400a1727ce2a70
726699,000000000000000000032733a93e6a7495d7c361174c2db4389dc611a43f1514,00200020110e61009d3088c2daea3420df35a653f801c652b9b4030000000000000000007dcf9188f45b4374a401660df9d5177f9ded88dd1eb8d10ce7129fa77e249c11e2ea296273370a1745e27f94
726382,000000000000000000035ac5d0c3428f86fda650fb38be576d51f4d907e77894,04c0ff3ffcf91147dacbecec5c475dac0d3b668fa7b0a7444cc801000000000000000000bd0bfbbb9e764a9b58b9ff05c294cb69b48a16ae1c8a40f408e450c2a5d81f7a6d16276273370a1794c48aa6
726300,000000000000000000043960a5a94b18f7d94c647354d1fb1e75c34055910ecd,042000205fe5ba3ec5aa5c5a01659e876f5530bdd51519b47acc04000000000000000000ed73004e7cd4859cfbbaf0eaf274b2884c597568b104e1937c7be8085025b49b5938266273370a17ab595e94
723102,00000000000000000006a970fdd8e537521747aff917d909bf3a78b4b68143e1,00c0992817b4b771b2ec76b997590d03c236c221b0cf32152031020000000000000000004df9c88a78a8e34c6f19abd38ff8f2289728bc29a5bee854bdce6e93ea4f496e96070962b48b0a175ff044d7
722065,0000000000000000000a217ca107bd9139fe3c9d17ec119a3460dddb26880a3d,04807a289ac321081c29516bf7b51470a00c13a8379e0938b8bf080000000000000000009fb3cb94b118b7e2e46a8b528fb83288b42adbb643073f45d92edc9f3f8393eb35eeff61b48b0a177b7070c9
715440,00000000000000000002693ba34e32bed6442dfa553a4b9cb50b7a8c9dc2d58d,000060207bb804f0582f8e0a53579790a7ec9b3be7ef67263fdd08000000000000000000055682b4d448378edf58cefbdab420dc03d021327e42bbfec5a7f3f73e4730cbadcdc4611fa20b17173c4766
715276,00000000000000000009b160476c5f407ccd4957e20346b862d8fc46004759f0,04006020c3d570cdf9688e6ab3e27f6c887d9923c618870f6c460a000000000000000000ae806e37ff787cd00e45afcfb03545a5acee6202008b9b0e15261318dd60c3732e5cc3611fa20b1789d93949
715139,0000000000000000000407bc4e26035c137869cdb677dfcab268b3faf7d7b5d1,0400a020a1052c6b5ee1f82a672d04aa60c7ab2ba2b6efea95480200000000000000000099c0d4de55c349ab902da93a61dc79566813d45141404514f98c9ed2ae8477318529c2611fa20b1760c80666
714637,00000000000000000009f819d004fea5bcb77bda25f4906d0a39e79c9ba19590,00000020282271367c537a83a313ddaf21796626ce648aba63310a000000000000000000fa9b384ec061a9ad83e6b23f4a9cd5057c03800fb66d35a36ce289a9b3982550b5a1bd611fa20b178d37cf0d
714367,0000000000000000000b2e70d7675bc7b4e89d384d0e6e1a7ecc2779e1d93244,0400802048957509a57dd72c9ac48d017f9a69ba346b9e3f87e401000000000000000000ad303dd578d50df02d286e84c21ea9fb365298e402417ce45ad9a6da2671c841e8efba611fa20b172200d14c
712644,0000000000000000000a26afbe02926658c019d0e52d6eae5454a33ff8713fcf,04609b2bd4092f007139cc81cb842d84fd84691369d7f666f9b305000000000000000000b1f5d51e38f89647c50c623f44ebef5f9b86f3bae3c4af24435951770fb45df90e3aac61139a0c170c3c0cb0
712008,000000000000000000045d50de0c18d3a15e3f4bf540fa0838297ff1f06cea21,04000020170b04ae16c33f724eda419fd4b81210b05f6e3dbd1109000000000000000000716ab9969e550800a486fb566577c9cec08e3907f72e1809c48a8fbd4aa6e09a50b1a661139a0c175c481103
710969,0000000000000000000be41b423608eee18feb7e0f6fb9ac6c27835c530179c2,044000208f2d580e3db13f40aaee4659ffe83cd440555940d04d000000000000000000002f6c2956f670091711d319fca6b672b4e5362c18ae6e91f93d8c5b5c67c50894d1d49c61ea690c178114ee03
710226,0000000000000000000299304196510f9f40d0e640a94258a473009efe587516,0400c02046a27dab0fd3fff97b52f7bb99d1a87ad9e2d1266fb302000000000000000000d1ac3e6cdd466d7fe0dade52dd62860a488aa38821ef876675b48547944e86057ac99561ea690c1712742e36
710201,000000000000000000031074ef00ff3903f2b80cc324cf41463ef927dabd407b,0000ff3ffd7d886190af45d5337b264734b1948527836441736c05000000000000000000bc99503124bb1e674610082b7086cdc5467e7906bc606c38a8226fe1b81f951033929561ea690c176e6b7bcf
709228,00000000000000000003e53e3e5bc529a365fc1d0025b253c428dc94dedafa4b,0400a0204a925e02cd55a7ef5c0aa64f6f07f46d63bb8e271dc8060000000000000000003d63872e73425e0dd185f5f913e6bb55804aac2442349198b6af25d20d2edc3442068d61cffe0c1755737a0e
708901,00000000000000000002b66cb38b639b7d3e8ffe63b9d062fb0ab6bd56474fc0,04008020474ddedd9de34d926233d24a75d3f8ac9b9151f9d51100000000000000000000ff5490e8c12ca4f8ad228f89010f90f8a54b8248142d81c891af841107e8ad53c54a8a61cffe0c17289bec57
708720,00000000000000000008d925331b5f55745724881dc6aa7d1dc66dd3f668b248,04004020393e5d31d41cee8822dbc802d9cf2aeeb53d941e3db208000000000000000000c3d646b51dda86c85c9cb5da6059145f12871df2f9c9ff96e2e8a1d706266f2c16818861cffe0c17f8afeae7
708622,00000000000000000001a2e49fc7d218f65a13174b2c8dbe6cea5e95e2df621b,04e0ff3f04c504041081629e8fd21b51bf38423a6d03668be5bd0900000000000000000017e76c70da2f47ebaa3f9971b9e4fbeb640a3cbf909d04145d958c1f8f780beb61c98761cffe0c17fde28f11
708426,0000000000000000000a5ee4cbb64a5e1496d6840b4744ecf3b559449a96148c,04c06a28767b4048871927a0d5962ebba86655199529b7aa6ffe0a0000000000000000007083a034ec72fb447c882c7652971209ec1ca91265cd4503a5d9eb46bed7b4be15f78561cffe0c1725641f7b
707998,0000000000000000000bdc845158b07c6906d2984ecb23cf97905d0bc93ba5dc,04e000203ff050fd2c24347b4f397aaae29e127f576e763ac060080000000000000000006344e899466c5aae02721ba50fa6db614acc994c271be839f269745f3a6fb0212d498261cffe0c172ee4e20e
707433,0000000000000000000929e8bd3c60c7b01941c8a46ef5ca98b0f3193c47dd35,04e00020091000deecada79f3b8e19108be043d9320e7cd648e709000000000000000000bdfc2b7aeb90d9cd822bae6eb6e14bd02d7ad3269c0990f66c3a589580ee84b5804e7d6108040e17825e5532
706575,0000000000000000000cd4c148073e2cf6b0746ce5411afbb571df2557ef2e96,0400ff3f1de7a26c63b82b02b752adcc24eb0e2303491ae904fc09000000000000000000785fbe56f94484c92a052c8fc06cecfcf79e5deffb62e225075cf2555c35fcc6ce4f766108040e17ff6ae2cf
706409,0000000000000000000d6d4a65126b6e5c8cd9edf65b332f2f6a5189f9e800b6,04002020647581c6446b2ac4c4ed56547b00cafa0323c74d1e8507000000000000000000b884ab6bfd3277b5e51183843de093055310841bf017f33724e3665c16dfe2798f05756108040e170dde2b0e
705970,00000000000000000002328fe71f98eff128c9566bbf344d76234570b4a96e69,0400402097a3eca1351dc8e92a5979ae3ff277b6468bc6a8de330800000000000000000045c230509c7fe248d3551d6aac734bb3d52182b19d4ab4dd447ee6bc513b9df02923716108040e1727831b65
704860,0000000000000000000082662395224ba78d2ba1fdd3cb5a918ab8c7d5d63beb,044000209263890b29ba85d11be65bdaf1ff6de5ec7846e943150d000000000000000000e2c031461308e18b0b1fa21b0d35e134e889215f72cb39df6ab26818bd8d15196a34676132260e173c63f40d
702379,000000000000000000001b644ac038024ee1c44794fbd6670cfab26f45688351,0400e020e9b95e32aab2aaa143e23e00fbc962dd4f96ae773392040000000000000000006d4a0fb5e1ff9531c3d3d5b683a55e877f4983054e21cca271b53f51b16bce4887585161ebd00e174813b40a
699616,00000000000000000004d9477fbe6a4cb42cdac0994ef5205a4d2234a654d985,0400202033b125c9fd03b2b66ca813fea97a0bc7889645049ca005000000000000000000d2516df6e0703d94669a7ffb7baf29a3a7a5d38b25a77c23ea33c6c4caee604c87953861e4480f1778bae72b
699479,00000000000000000003b9c475c8bf7ca29ab28191c137db262bbac9854ee574,040060206ec72bb35be1b7fc8c78e1053ae9172d8f1e015257d7060000000000000000003b6de9578b88cf676fe24ad03042ca230e9a7023527033a9e09928655a9f7c21d2513761a0fa0f17788efb8f
698460,0000000000000000000d5bb28890cc7320559f91eae0bc5781d1d70a7d3a879d,040080200ccce0724c11d44c0aabeef956ad0031628d6ad4b8b201000000000000000000ecbd0cfca781a007deb93c47a8ccb6dca189e24453309ecf36cf53d10a07b4f605a42e61a0fa0f1775c65121
697008,000000000000000000077247c3ca9bae18511418667c4562fc6f92477b5d339e,04000020aafaddd419f5a09b2d56ab8d9a952da91007b55a801907000000000000000000044c71094b2f41dff9637a80bf6dde962414b8cf53a6d97caed91ac82595fd00be2f22610b18121792e351a0
696145,00000000000000000007c8948e5a89cd01804b7e5c6f454597c49d5b3b368b66,0400c020b2cb6c8b032bac3658399cb67251f5e467121f8a79df11000000000000000000cf83038a090991e94aaf543b754bff9ae341cdc81d8e75af09f0398873bbbeb0ac121b610b1812170532e222
695955,0000000000000000000dda4944c25d8845f01d009856e3536a963f4ee3352b8b,040040207b1f297217f54e66a43fba6a163d929afd74c9f91b4205000000000000000000f72af9d9bd6536cf59e867fcfcf6af574607c7c2e53915be138e41fe28a9b3bd288619610b181217650f290b
695327,0000000000000000000c696f74f34cf755bfcce4f8a3afb8bda9f33ff7fe96c2,04e00020f5d162221f918cdf3ebd5bf87e2c2ef13c49099a68b00b0000000000000000008c3544b6603fa16aea2c1bf643ee2295e8999039805b9e42215d0f874a7eb4cba6481461a26a13172927920a
694347,000000000000000000105d326ace68e342ae9851fa395937c890ace4882385e1,0400c0206756a9a1c601f5ce2b3492152a21c43f30615e70a19e030000000000000000002a841a1cc2b400661d5b4acb457acb00f0778eaca9db5e099b9f4d2ce8a9ea3a011f0c61a26a13176076b0a3
694157,00000000000000000006e24bdc5c1875fa40909ace270fb2b8756ac652ede82d,04000020df7067a397e9f1334ec8555a43b0e08332d369221e92030000000000000000006bf03016ad6fc6d2121ce044218323644429856a65477931dbee04c134c6088127800a61a26a13170cbb3718
693481,00000000000000000003fc00a7a6ec3d82ece5675dbb0eb16feb1f65081a4e47,0400402093d506307920cd729fc19c28763420dd4f5bf305d96002000000000000000000a3d666817e1c29946ec41cb65303e6c1b7fff0e24c0959c737167186397d8e1324b20461249614176cac035f
693141,0000000000000000000a4dbe9f44be64d4a5d53b8309ecce87d38bdf6c72f978,04000020ffe7345e4003a3c17edce9e45c1fc4a0d6f23c5c86141200000000000000000061b76404e3527bfb1d1a51b3f3d66769d01d1166d130cf2308e7634b69c2ab2325e80161249614179ad1f565
693118,00000000000000000011563e0ffef300d61465d69c92875e510050fc332bbe99,04e0ff274e6348597336964e9e244728ab5a5e3a2c3b545b072b02000000000000000000bd61b835973715df645c681af41dff707f305134f990a35f5e233e8b2c3b85c711b20161249614170fa8df66
692894,00000000000000000007b160fdec44c7a20d01bcfe9ac0b46a3a897359fb1d69,0400e0209b2054478ef761c07c9855ce9987c5d7911167b197500400000000000000000071c84934536a6a8e617bf9347d7eb4bfe6d083b32eb7dc0f41a884c1172bed7b14f7ff60249614172b8cf49f
690988,000000000000000000113905e9dd92bfe7fe39ebc8829072fe89b6108b639d54,04006020e5d7e7aecd72901e60d985eba0df76506dbfe1cec2fb100000000000000000003d7cf59ee166e93182c32f46f818dbaf00c364a4c61ffd9e9ab1bffe7f211480d4e0ee60ce981317483318c9
688437,00000000000000000004aafdd22b32acd703b5de4ec6d4a081599dd9a5f8eb85,04000020af82072b67ebb91ec25063622dc554ee0999b7d1a9030700000000000000000021ae6b1416bed7742bc1bbbbf6179f28a4a1ebe959207edcad4b06ed18ef76a9a720d160f91e0e177e39aad2
688397,0000000000000000000c4dd521d26fa61bc27cfe48083ae2ae378f6835d43205,04008020c6be90b726f1c21a7fb86a85fa257bdf5507752a80870a000000000000000000420d8e7247a5e775004c08a386c94c77f373e6fa9368c4a898eb0c4684e461f47bc7d060f91e0e17ccea2037
688349,0000000000000000000daac33e1cf1ecb1972b202e51c9b864050601dcd6f0ef,040000205523030d07654f57623e80cca8bf5e2913336c52db4d05000000000000000000aa339c50773b727beadf054b5751ec9e14e2d3b28beafd12dafddde4370620e41e16d060f91e0e1714729ee5
688056,00000000000000000008fb1ea0c477adf2a472c486a2d9ea42865900ee55c8c7,040000202332d78bcd7b264d9ab9bfd3d3bfd6fa689d306d44560d000000000000000000e16879d67a1b99a26ec1e1a85721032c9b474ed3f4324c48030c91bc5fcdd4e0be77cc60f91e0e17fd11cec9
687512,0000000000000000000019b04c28105876ecb2859abbcdd031dfa93ae2be8c44,0400602034782b0f584d6ed26bf617867834583c6eaea1d65f5005000000000000000000679d8a95f82763e0593c63da05c06eaca15eaf17073f9d3aa62c4e7c61454d0041d5c660f91e0e176a3ff67c
686408,0000000000000000000461f56d66d9638c0ca75520387df4bb9844f5802d4ad7,04e0ff375659dbb9180b6b4b68ede140daa831964c867e66eab70000000000000000000057bf9a21b0e36af37fd88ba13b5f38eafdac33e3240f15089e2c2d62d5a8798133c6bb607b5f0d17dc6d0b82
686028,000000000000000000057efe0b954a46081ca35e7f1862145cb48c48e57c7937,04000020bf12337940f8e44a8818a804d7c4852262850dd4912708000000000000000000081b19fbead2c9669485f4ca5b22e6b2d8416a4956f166435773aa3a9d5669a6df1fb8607b5f0d178cc05172
685135,00000000000000000001737a81638210d3181d3469fa280959cdeb0514bb3d32,04e0ff278ed1331fe0d54dcce74a82cc33cf75d4ee3b158be8cb00000000000000000000707927a1dc1d8b95f1364df9c32707ff0f1f59d623c55b6a85f7bbad8c7b18bc0e5caf60e93c0b17e61d9cc1
685036,000000000000000000058a8ff07f4aacfb1f20ca8482547fdba73ab9bef70b3e,04e00020143742c56df15da92483edee491851e1961704ebf890070000000000000000007fc82eadd36a5c3d0f0713378930e359fe2658dc4608a394c3699fb070830f3cf86aae60e93c0b17e0d57d87
683989,0000000000000000000a33440aaf4651cc871a7e949b13ae64b2525ce2f42432,0000002008580eea3ea595859701cedc46429331ab04bae3b18a030000000000000000006ccbf7ff797d5d2b41fa1e8a9042cdab8b4a8897f0027f56a236bd99714ff5bc8a9fa260e93c0b17d95821ca
683862,0000000000000000000ac05c6cccccb53afe71b1462c34371af22d56eda96550,04008020472a79680b5eb52c85a1d8151129613b948fdbbbaf4e09000000000000000000593fbcd6307250e11a7a71ee948fd79d1ed3bd44abaaa69e73cf5e50d478c821ce46a160e93c0b1723bf6fac
680889,000000000000000000047360a231ee98549729b114f834d900c34dbccaf9b396,00008020e781735f1cb5c6e44e67b977f1f4198aa019551c02fa09000000000000000000e3ca607385a329e251a529e419148dc1fc99bf442620e7ff477a1510d30a9613f2ab886093ef0b17d1560543
680708,000000000000000000085e7db79413029e10b1c08770fa9157fabbb170ca2c69,000000206c80af6ed3a4dcfd5fbff780b0559777dc7aa7010cee080000000000000000008cb1a3b4a1ccf9a857db6d7c71a6a3397dd56d1098679c868b1789c37816c07ffde1866093ef0b172445d3d6
679823,000000000000000000000f0d7742e6cd22da819b59af361224f452baee8d31c4,00e0ff27c1b6d8108db5895f47bcc47977f9f1bb55dbcb8c10510100000000000000000078286c6c4e4a56ad00085e6abc5649a2aee7c26c989f8cd1814ee4494fc3bcccfae07d6093ef0b17954b2c52
679244,000000000000000000071e1cad14e552b22337efa59f9d6e095139c8377792b9,000000205696ef168a4ed79677bdce1b9a88a09f330d474154b901000000000000000000f1d336905924cd2b0ae6de095366c6e3d582a591cc320621748b1f7fcb725ae6ca767760482a0c170c498489
677346,00000000000000000002ba465c231ebcfda85f348ea566ccf13c695ca54dd76e,0000c0204ccf1a3b9281cf482a1fde9d74cf064555871de43b4a0b000000000000000000fb8a111db6d9eca70d77440df13769bae6783fcab44979c0011f5112f9b6e4e03a2266606fdf0c1752d45300
677102,000000000000000000044dfef81ca818882c24cdfb3178dd183ec7f9817b3fa1,00e0ff37ac4bed82b9733614f014c19d7d727edbfc784346eb180a00000000000000000028d50042bcb541e326b1d50825bdaee63c509092b7a6da6ab87ec9f29d5c47a2940b64606fdf0c17fa3bbe78
676749,0000000000000000000b67a0cd7b6263c524bd3f4d11f715a513b8345db13e7d,00e0ff27cd49fde2834826c5ed5cc04ae9d6a5e904906979837606000000000000000000e256594859be84fae6e56f0cc779363cee8d8750d9a26a5e14ad02185929cb97e9ea60606fdf0c171e162366
676653,000000000000000000013acb9bf5bec0d7cc1a1f697686b5895e539399c8e72b,000040205dd30cb734897bba6b2f057b4cf42549eb00da1e2e00040000000000000000005728fc904d2e353f9c54ca505811f242c609e6fc9342362ce060d85235a5e2f3f21960606fdf0c178efeffa5
676234,0000000000000000000630c9911f16737a0e4a8d4a32de8ce9cd06cc5bb82733,000040207389e10afe73b40f15d283edd3d399a875d1129a56600300000000000000000096ad12337cf778d19006d8e5b5278146dc9da15a094520a1a384d440f2cbd795656f5c606fdf0c17c4aa788b
676003,00000000000000000009e7bed1cc04f048e723bf9acad18aa8effb5f0270e8e4,0000002065a8f9d92f250526581c19bc9557651b95430c9b683b07000000000000000000ebadd0a53ac8dfbbeee4720fdb6549996d265afec773a9bcc907382c23271e6adb765a606fdf0c17c0d1cecd
675815,000000000000000000052677c72ed5786a84fc841125b207e68410fb5084032b,00400020db386d6f9065df220a5ff60603f03c88e5869f22f34507000000000000000000ab7dec2c40a9fd20795666a64bb30f919f8925de62ec3b9ee3a3773ed861838af7dc58606fdf0c178871d934
675407,00000000000000000006e2aca3e49d3314782aac196548f8cfe12c34b98c8934,00000020287e8df00b6178ff91c1c717258d3ca54b891087eef30a0000000000000000006306a3ba71a1f15f7ff6f2a32a7b3fd2802dcaf79e02406e7c6f28a6a34ec055f86855606fdf0c17c4504ac7
675392,0000000000000000000c64c3eb0e99f14024ca84ccdefc8d01aaf4aa5fadbafa,000000206fb4eff307447edee958ca8d938e4ff06893da94bee608000000000000000000a32e6c37f21082f72b4801127ebf83cb8d643ee63038217765a0d0e8436cbb53ed4555606fdf0c17c6958edf
675064,0000000000000000000829711891b872b01a12cc3349b2a8b3f5251d88ece9e5,0000c0209a4f8721d923ef70937e423879f6a6f7f2f16eebb2340b0000000000000000009046c31f0f386add05151f4d876289748e88abc26100a63a1fe623308227d0d1855c52608c1f0d17a687ffe2
674623,000000000000000000099a5144d0fc47f16e829bbce8a8245d92b480c5f12248,0000c02063f5255639ee29dbbf4753824e4b908c112168b882390900000000000000000007f400e6fbadb2067353f0c3def82d8555aaa524bacbeca1803853cc4a3a190983594e608c1f0d17500ba5c4
674283,000000000000000000063e82c5670f49bea07f8a0310229c550926ab91d91153,0000c0203f51ceba5fe42d576e1f78f38c9361c15b4b539c29200a000000000000000000ff12a0c7a539edb9a5baf9833f2f95132944453f22e2c8340b96baefa6b4e536625f4b608c1f0d1792e160d9
674131,00000000000000000001cfa87d7b500dfb10e862f4bdae7d0ca41043bfad65c2,00400020ce817b1167328d03cefb61c0703c11de35d4d32014c703000000000000000000eb711b2f476c72e36ecf764966b9592bd8f3becd6aff2d346834948db7b58fb5f4024a608c1f0d178460202d
673781,0000000000000000000a2b674d3441dbd0f333d4b465c9f538628b9167f16755,00000020653a6754237dae3a58a9ab420293714cb25eecbd54140d000000000000000000702aec4edcc1f5a9a9ef40db583964d90bfbf8fe95183236ed7fc9671f52d5e849b846608c1f0d17d979f8b8
671759,00000000000000000002ebd581ecbbf98fe96290a9481254ef9fe0eeea569f7c,0000002019a265bac0b5d83929dae4b7c439d86977a7557e0a1b03000000000000000000b3ce61b29cf12d29247db172f1ef57f4859d0573711432747d408f04d17f4e063f473460e3f40c17287c8b2b
671646,000000000000000000040e2e14931819cd282023c46c4e19ecc2f9daa36f6eaa,00e0002053242b49babd127a959d8d163224872184da2bdacc7d0200000000000000000051eca172fd2b7e47dddfd9a732513cad50cdc3530f3adf997b7a34d5ead9dd3f4f2d3360e3f40c1705d5c771
671511,000000000000000000031dbcad41bafe1756aaeb7eddc243625d3627dba023ef,00200020951ab07adc21c864c68ce279f54471e7ae377e5e9d6501000000000000000000bb949339e8b0568b0625747325b0cece31f2fcde87bf5f6e0487ad6964d745e76ae23160e3f40c17b3dc21c9
671216,00000000000000000005c71f3a13da52116b8924740d39b4a52a2a7cb3988bfc,00e0ff276aeba546cd058229e78e8489907bc8553b7e47d2e64f0c000000000000000000197e708762acaf34109aa6aa3f2badf80d6cc3fff5c626f23a9732cf6b2a3da5724c2f60b9210d178c6a497c
670359,000000000000000000054930adc58478325c6cfe045ee41ae22e394ca6805108,0000002002b8e2a835808e5135394cca42e50c0f3b49aaf3d9dc030000000000000000006a8d5b70b6a706c60e9c556fe149cadbf11d3b3d3f5a76b7f0e11066c5a21aa5b64d2760b9210d179194b08b
669930,00000000000000000006d7f67388bbd5570ce1c7c06b738ecb4b70d0a30ccf08,00000020d7b63c8aedd9be9a93f480c317cd5803afabdcded51b0b000000000000000000af90d4ed969158b743122965e06491ac3d1586f4a586cf2508dacca3ebcfbbd113382360b9210d17e48f1483
669918,00000000000000000002d0b9fc2eee0c71ef035b7d066c067cb494b3462a9ca3,00e00020f9800c39acb4631746dff4535bf80f96c8c792d16c3307000000000000000000467c9aee1b20774f3f656e16951c9771196479d08eb898377c7346d3b11b922323222360b9210d178b44eed0
669066,0000000000000000000bf03577b92f5439062b36270b821a7e915c6c98abc919,0000ff3fcf891b10d20dc63573fa8074bb85468a681059a662380b000000000000000000f6b73c87c0e4510ebaaf9afe107352f96aa05706f4d3bfc5f0251353f4fcc648d0011c6057840d17ed40fa16
668666,0000000000000000000717ffae6ff8e585fe50e2f358e3e197d26e88cd19eef3,0000802059aa474359667182866c7d7810e14ecb2204ebda69db040000000000000000009ad549d916a4d54c8081a4b961cb03d7f7a667de4f4d222831472b275b4b79b05785186057840d173a14aaff
668031,00000000000000000007cffb0712f3820e38e2078d0ecd6d2b19a98a4cb9c849,0000402017ef9745c43366b1c9e0e48552dc60e9e5164bce4e0f03000000000000000000bc9e3549b485f0ff430a51966f40d06aeef8bf7fcf4d42692f68945b0290e5ce45a0126057840d17450809c4
667881,0000000000000000000a2ae23d56ad7bdb31104e9b6b2cdc737db9a3fe325092,0000c0204f0499adc5b4b79ef799121728b5184bfad194a79b910400000000000000000022b6bbb32d60dc38ef7b14bd42e2459e54d614cdd505f01e76c0956c1486a629a942116057840d17c120900d
666931,0000000000000000000412c466b6f1e85bbf381b63889cd4b48a42d3a67b1017,00e0ff3f190621da6244448d9c4106822e2b7761dc3966ebfc55070000000000000000007eb0367b8d02410431c0ccfc3e786e6ff33050d2c868156e55cbbf320aca654277790860a1a80d17df9269db
666833,00000000000000000005e086e9e74aae37139ba27c5ba8b50ba5c773e22c6b61,0000002059d2ff7ac0b1e52caf69a434ec0c1e18c8f619f9283f0800000000000000000090b5e4b78945bc932e166ba509f8b1dc53d9b6edfd8935e55e831a918e29b032b1840760a1a80d17c4e77408
666793,00000000000000000009c6131c431436862392d7f11268e0fe02ce575cd549d1,00004020972256a880d60c0d6eaae77c37fe02c6f2a4cb494ad905000000000000000000ac0983cac995bc0309c9197c7684b4e6fcb107cf1c83ccfcb15bc7f24407859ed62b0760a1a80d1745de0b03
666086,0000000000000000000404c633d0ffc0b5fbc915bbee9ae5f6df13da21cce240,0060002013eb69ed6406db87faeaee5e93cff76c8161d64dc8430a00000000000000000069ed6edef129e7c0735d2df80eeef70a539ba31d213508fe594523cefee5dcfd46cd0060a1a80d170b8d3067
665714,00000000000000000003b6f0620ae473583668c8df00979e9e9b55326ce97f6d,0000002046911146790f363dd8c3c8985cbfc380a38b3880ef590d000000000000000000ad994528f0143cda014ba912d40df607fb82a7234afc11e18171c872d52eff83db72fd5fa1a80d171610eb65
665005,00000000000000000001039fa3b04eb66a658c44632ac1d3694f772ea50f865f,0000ff3f26befa86bb58840f6123faf5fa6ff9c49d2768bda17d0700000000000000000092e9a7168e06d68207a30096e46dcfee7d8ac33ea8d78e2ef4d4b53fa064b27ce255f75f17220f176f80d6d3
664578,0000000000000000000cd89993f89e1414de84169914b487f49d1d0131ac5d62,00e0ff371ba48705dd94bc1c744ed958349ee1a5a1d04e1cd5310b0000000000000000007c5f9229aba56101ab471771414d24083f232655a232e3609dba7937f9750b76a7f2f35f17220f176781ed07
663788,0000000000000000000c7727c791fee3cddfc6af91373c70b89aa0765aaf7ba0,00c0ff3f4566c2a8100a3a9a7a886d42458dfe142d160e7069f207000000000000000000ae82040c10bc8fa5bdc64d6408265304bc54141d909b34916c093891b38b3d0e7768ed5f17220f170f04d88a
663658,0000000000000000000148c1f3d0e39d4a1fc1a0923515fa3994e51fbf931221,00e00020a3624458ab8ab6e1dc04e8fb4027798a0722054a730508000000000000000000f061ef88cc7f9335e7a66e8a4ada8acb6e170bb775fc60ab4cc0f4701bc3d2f4ea4eec5f17220f17e49e7e34
663533,0000000000000000000799e624a634546e822bbf26a5579c2e90da4c5ecf1598,00000020732202f13d5158cadf71708d397e8bc312f8fa4aefae0b000000000000000000bf5ee62e26b73abfc709f9c916c01ddc49e982fe3b75db119cd5a6e2c456240e447beb5f17220f172cfe0fb7
663426,000000000000000000000d691e98e804dcfd8772e6af1bbc63b62d895bbc533c,00e000206c3004cd8f403faf9e884a2ff1482895afdd13db39f7000000000000000000001ff460d437d74f36d0b594443bfdccdfc6abe869151ef56cbe46ce0ca96dbd8b5c7aea5f17220f17725b9613
663253,0000000000000000000d20beeec3ed8fd25d0cde0a8e6fb4f26c2314c9bb243a,00000020a66550bef742bf10089f5c56671b8a872a886299d7c2040000000000000000000a5ed91dbb15efe18a554ce5ab0aa6400ba15a32e4f3e6646d93a1e789e97314d809e95f72130f1728bf9035
663133,0000000000000000000e59e5b263266bf69efa43cae8919792af1d4b068fc41d,0000002019bd4a5f46de706d6ab254ba9783f97fabe3633ede060f000000000000000000c043b4e4a9144208d14764e74065f3b5ad0a8aa96214d209e016ea868caeaf63baf2e75f72130f17ced4cc42
663043,000000000000000000019a6273252cd334c21baf6cbf727bb3d3e23fe44dbaf1,00e0ff3fda51b35640fcd12ec9ccf89a5650e843d5aebddc0000080000000000000000003d4d1f282728f3c46e21853a71ee526e4f76fff86e114d5527fd510bb9a95e51db2ce75f72130f17df4bfb0b
662642,0000000000000000000c7af1e0b2172f1eed6b4d0707ea135c267ba263c7acf1,000000203a5eec465d892287ccb7915081c0d8faf17b2b32c18302000000000000000000f483bef840eecb37ac81cdd385a2fdd91e6566564b4ee3ce507b37543dbde4934d3fe35f72130f17159de4f2
662123,000000000000000000014167c2f2f8922967cf659a41292bc8b8c16eff71bc96,0000002031bc1d9b58003b1945f3c3375df957d727dccb2bede00d000000000000000000fa07108ebf58028abcd724aba8da6b24e0ff01bcb3f0ccddd3c1626f9a3d8f0ac492de5f72130f177b8ea8e4
661983,00000000000000000006d890e1147294bf6d34bff9028d0567f2d48105c7b56a,000080209f328f88cf9a4252520f888a69d176209e09104788880a00000000000000000061ee37d1c28a4d751150c9a45737f81802e3bcaa7a162e2c554d5d9dfbf37d30436edd5f72130f17ab5ca6ed
661866,0000000000000000000b0586ccc742cf6ba0f18e37237bbefc6a818dbbecbf27,00e0ff2fc7b43d3b4c57a2ac7d0117fe718a34e75b53d575854a0a0000000000000000009250f75e6eecd57001fa1e0f0541cd3bbbfb24fa63f2dec21d0c76fb72ee8a477c6ddc5f72130f17b2f9d663
661122,0000000000000000000e0e769652e151ffd7ec27ed7e80288063c4ecbda9cd68,00e0ff3f082e8a4346746aac701ad59514d79f531a7e8a5da466010000000000000000000830169b3f1f131551df96d12312345125f411b56f6ee4b74b82b2954a10e83d708dd55f56b10e177edb5314
661082,00000000000000000000b38392efc06f7dc7ba0eb962dc2902a37892ef428c63,000000200b4d8458b429200211b9688842d48e81eb8c96cb00ec0d00000000000000000004fbd24bb57009506a0f0fa682dd0acaf88d7f83c5e0b1699ab7d1886400755b9733d55f56b10e173af782e4
661031,00000000000000000009e052f86798ca10f2d63051eceb3dac421aa552e657aa,00e000204d85086d1b79e16ff64954287b65a5b51b57ead610f00000000000000000000062e6d357d93225d8697c1177b6b50c92a9470f19d913598cfd1f7e14de27c0d93cb8d45f56b10e17708e2607
661031,00000000000000000002e6261cb0e6a455fe735f5daf1b0ea4f8aaffee3c6f1a,000000204d85086d1b79e16ff64954287b65a5b51b57ead610f000000000000000000000e3c68298b5ca19eb2d99a9371bac0d2fca92c93ec55fc2313966af43016abe4b4bb8d45f56b10e177aa41603
660938,0000000000000000000e2a84d45524fe91a8067cc7c66c5405fbf38828e9a218,000080203e1c11656ca33a79b376ca924e513ebd5b2307aee85e0e000000000000000000e59df5370b3cf6a70075084e02dc9f2cda4f228babac86d1275b2860f3b77d104fc4d35f56b10e17500688cd
660903,000000000000000000095fe6785b8572b933b9d9fda4649cbe33068e743a714c,00002020be6c372a34278a53e4d26c7382a73194f6fd9c08e60103000000000000000000ac1cb07e1c8f71c2996f3e316990d1008943a5c513a1200b3763f46afc992b312d72d35f56b10e1706b8c120
660840,000000000000000000027d34c43d035676bdc364945809c3f666a25ff73ed357,00e0ff2f51b49cbb4ea2644793f41a4ffb0591b807a2140d9da6040000000000000000004022cbb7b4f7f0b6a78b8fee7f202c2d66a8cc943c1a154af7fdef5218e95ca1d8e0d25f56b10e178a24606b
660586,0000000000000000000ac815bf563c5ce88c98802d9582784a5b5511a06e1658,0000802063afb0d5314f00dd450a3d5e202f43ad4c6534277aa50e000000000000000000996321cdd911cc992719f93a2828bff4cd29260e3bbdb86cd80ff54e5048de787d62d05f56b10e1730a89eca
658550,00000000000000000000615273567268c22eb93d02830e6b82e08c6f3f64bc96,0000c020a21eee558f6576ad0fe12001491eb8e5eb2301b2ae920c0000000000000000006232372eab9921c94df7d64343a70ccd39de51ef8360eb522aabd27dd5ac5835cfd9bd5fddfe0f1724f1c2ab
657730,000000000000000000015311bc1807d4e7a68226b69a3785dbc1a0aa61e80b9d,00000020317d60b102c2ce0c3cf3ecd78949d267f2cec0a5e0bb0a000000000000000000001f432bd22b5311dfe4de2ffce090e23d4ee9465eb58bbc17cf8fbc00ddbceccc0eb75fddfe0f1702d27834
657664,0000000000000000000a6134af268892e6b7492e5eb48acea42eaaff020d4e43,00e0ff372fd4c63adfb70eea9dae99079fe1884cbcadcf0e41fe0a000000000000000000c602c8b2719b736f38dbbf90170ce1d0ec46c515817081e04b965fb803d24a8e4a7bb65fddfe0f173ea7f12b
657561,0000000000000000000c2c0fb3fa1e1fc003c6f1393b1491e66307d9bdab2402,00e0ff3fd0333d7a6b7240079164609fd296bad91c114314ce7e00000000000000000000acca618561ff9ee0e0394826e4c6bb2e019ff408607b53cbe2334537f960017ee66ab55fddfe0f170b95beb7
657053,00000000000000000000049605d9582b95a7e746c41d56d16550e476e7be3673,00e0ff2fc1edc86896a2966f2ca9f0fef803764761b94a6317ba0c000000000000000000ed61909ff601ddd6e97b9654d949022c401c6e92b19aed53c78995dcad6e72b25d4bb15f33c410173ac68af5
656767,0000000000000000000d1228138018746b0bea59dff3b7e6de98af0ede293941,000080204c5eee91880b97ebb9bf1c271f46596b377ad0d940310c000000000000000000316ce9a9efeff2896e353bc594ed1686667b2e68eb01e15a9c248c63133b5f4eb7a9ae5f33c4101764d607b8
656641,0000000000000000000722835436489adbe627358b4f14d0dd122cf0200babb9,000000208c4ef2c52a047b7a4e4ba70a50f666edf192af6d6c8b03000000000000000000ecc9e72935cdfa2d950ea73f339c05a7087c2fa169ecc8067fc19c1facc916200794ad5f33c4101758de855c
656478,00000000000000000005f8f74e57aa4584aacfed509b8a6feb20bc22e7d60a34,000000201b8d64d09741a5aa99b866f5da40232123a16199df57040000000000000000003be81c3be75d6dd4b9414c7c9bf3ce06a1d0bbfacc31702c04c007b733311b3c9734ac5f33c41017f702ad5c
656477,0000000000000000000457df9961a123212340daf566b899aaa54197d0648d1b,00e00020f4d80a703565fd7d1cb4fa73f94083c0b6569abc233c10000000000000000000b8926d433b64f5d76495cb3694f4a25298b2c595c372177f4a1e70c448d0addb1d32ac5f33c41017e15d6425
655864,000000000000000000088692e55a40306e76732be060178ee919aa8f91e4a3c2,0000a020b5c909902e5b8dbdf592dc16519ae46c2d21142964d006000000000000000000144bc5bac73ba7fd918fcfb70386f10f3aaab3d6a39c369337b214a4c29ba49675dea65f33c4101780c86679
655333,0000000000000000000dbf679191ac4d06fdc2198ff94aa4ffa960617393d905,0000002086bb2f23bd6c3af69a7d919773b20d2ee059811d0bc1050000000000000000009b0d83e861336542b456c804ef88dd9fccdf7bc0c91df9fb7cc9ee79bc1ec544953da25f33c410172a3b8cf4
655313,00000000000000000003899b4521357c1a914c924d33e370e0a1b1ad0cea67b3,0000c02029110668674e5de00f164c37282a06e66c94691e6cd20c000000000000000000c23653cf7aa20c78df3eb25ad6c93ff10b2ecbdaa324cd020fcb5f4df71f327f2f19a25f33c4101764b817e4
655220,000000000000000000086cb8ad2bd042cd57b5f1bf6fbaf764e8f850f1d1cf62,00e0ff3fdccb391d89ba5fea79d1cc420972fedace4f2c8c31bf0200000000000000000026eec12d0de3033a5ae53328024b335bba0561393eb1afbc43802cb7d370ee00fd3ea15f33c410177deb63c4
655206,00000000000000000006dec1e0c6a73fb14a8d3975f7032bf7afe7387cb6613a,00e0ff3752fe998db01288c774ffaa401a3918cd29e6116a5f6b0800000000000000000026dc4ff18ffbfcaf9565e93d7f36a4419c0938212ef82bae978e7aea2e66be6fd11ba15f33c41017e0ced64e
655191,0000000000000000000d84896f7e9ad2c29da4c8bf0766cb167ca7e73e5535b9,00e0ff37624ce2d5f9023dad14799d1bfbf406f5eb2269b4446a0d000000000000000000562ca28e6a2ff72b989e1c3c035cd0498c6ffb9b9d17a11d3256d1d1936e9c4a3304a15f4e130e1729b42065
655049,00000000000000000001d1c130f9f850caa690dbe693716223325d1b0cd7db7f,00000020b0d6ccc1646bc146f232ace8499f3c1a007600274fa806000000000000000000ef5e119340f8a949c65843619c496de8d957d399f20fd4bcbb1fb3e0482e813581399f5f4e130e17676f4f43
654795,00000000000000000006ce6a5e8abc9132a4bcf22673ffc8b88feb9c64c07e49,00e0ff3fcfe419351325fb631ec873ed3278241865187b21ab7f0a000000000000000000662cda171a47c31fc14c57b8a2ae4a73314d2805519aed9a48fe8e3932bfca3402499c5f4e130e17165f7966
654683,0000000000000000000a872e5cbdf79938b7fbf429cb63421112a8e919600c3d,00e0ff373b5606e720ff61caa3526b7e7e382c1ec0daa1e08afb03000000000000000000a0720e73b775dd3a76a8ce7b94943a2cb991c822e6f7abcb723c977ec4c0c7b6c2089b5f4e130e1705298553
654526,00000000000000000005447f73cb1766c396c9afdca13d76a2bddd0b69afbc6b,00e0ff2750b56919c197ff4d3c03d6f565165768a53ed8d36ad600000000000000000000564ff4aeb285fec8abad9c6b12a837ce90bd8c0b60e358146e57313c071ce7faedff985f4e130e1770f60002
654526,0000000000000000000309d878ee05b72b4b51bbf45f356da00f823b7b369b09,0000ff3f50b56919c197ff4d3c03d6f565165768a53ed8d36ad6000000000000000000009344b8781934afab546b4e2957db086a61c66e5120280e004d7d4f8dabd99e5d5cff985f4e130e17b8524726
653835,00000000000000000003daa47cc9190cb32dcea750dce17684458beabe89fbec,0000002013c3c53380c85a2a043df308712099e68b24185a89a002000000000000000000c843cc07158575c3316055bb8db2adf87f0d41174ddfc934e542a993efa13f16628e915f4e130e17ab988de0
653768,00000000000000000001e103359f810f977e5598c33f058206f8bc239ad11d9a,00000020e67de5fa9f7038230c10da36224b44aeaad7148a49e1070000000000000000000c69cd958b23af68ac6e945ec327e4fb5be8053cc20589793e5ebc149e19a89c3ce6905f4e130e17c9734c07
652982,000000000000000000032e38df0e5b03029b61a8a0e7f98f9c63fa7dbe0e07da,00000020363bb20794a3122adf45651c2c2bfdce98880ae06a4f05000000000000000000db4da30847fe3bc87cba14648aa55ebcba91cbf02eae67dd24cb3e41f20e7ce1ca70895fde950e17da034f02
652526,0000000000000000000e42c7e71c09c6e31c6f740d19c22b151242952ebef322,000000209b0e94f02284abc00509e6708f4bb2c966cbeccfef4207000000000000000000d83c3fc625c187f5a946d3e6962e83ee308b892ce88ab76e3f43031a36ce806de283855fde950e17083b396b
652526,0000000000000000000a858824af67b6e59845b0de48bcac1e8133c5d7411dfa,00e0ff379b0e94f02284abc00509e6708f4bb2c966cbeccfef4207000000000000000000bbb08dd57c75a2a3cab3c433a9330c108f90d5616c8590e74ae379528fdf1a35e283855fde950e17df68fe0d
652526,000000000000000000073b64e3d8e3f0f2ce2ccc6f63cc04a0a9c7a61092c97a,00e0ff279b0e94f02284abc00509e6708f4bb2c966cbeccfef420700000000000000000035de04efa13bdf1216792add7644b9da5fb9f88f074b2454f67883dd5bbe492ee283855fde950e17d11856f2
652526,0000000000000000000600a00a3ce071b98d7c961cabe775c7bb73983d0e961c,00e0ff2f9b0e94f02284abc00509e6708f4bb2c966cbeccfef42070000000000000000006bc08068292b17e85244be45f935f3a6482418d4fd1b8ad134d650aa25558b9be283855fde950e175cae1d0a
652526,0000000000000000000480c4d9ea36b08d181882f81b00d3c66babe9e3012182,00e0ff379b0e94f02284abc00509e6708f4bb2c966cbeccfef42070000000000000000000bef1c4fe702b9be105aef04937c5415ff2e83c5ca6670ccb380d7bf35337a38e283855fde950e17e1825471
652377,00000000000000000003b8dbdcd67824d763a67d20601e251f90e70af19525b8,000080206a87f1ebdbb6cca6fec9b0fde386181ce2705f2aaaaa0c0000000000000000003ad90a91b5426c7391055b4cd920e2bbbe4f23c2b1b6c03ad58436e1fac421cc6833845fde950e1754af9651
651874,00000000000000000008df8e70e629348353dfa586492f91dcec31229dbd1eea,00e0ff3f15744aecc9b4d57c19eae8868a697bcd7ed925c52bbb0800000000000000000001bdcd426ec586818da01879925d9ef44806e3932780944071a43067eaf4225cf5927f5fde950e175dfec6c6
650491,00000000000000000007a7691b799d895602ce6b1ccd303c6446703a41e6d6de,000000207f0ffa636f9ed15446547ed10f97a62f582f52517de106000000000000000000a39168ad6f515eb977783a0f952457c1899c888e4251508e61b7109adcd04b83a0ff725faa920e17cfd9fce1
650473,0000000000000000000dba80455fcb5a8f9716375845f295dd755edb29e32fd8,000000202a6523848bb81b54271776c757ff84b65053e811f08b04000000000000000000f2a8830008932006fa5c6cdb8697289ea7e70bf9b68c3331b3ae2e51d0639dd4fbcd725faa920e17388229c7
649585,00000000000000000006c8024fe052b0141339995d8a724450635fbee3eedce4,00e0ff276f01549fe3e5d2d52875efa2a98b6c95680bfdd834c308000000000000000000164f3d2465c3cad6f590adc852daf04ac1ec2cc7df8bfbfb90f5d08fada1c91e4ad56a5faa920e174821d664
649333,000000000000000000021aeb19b908e8eb071be0fb9964d8636c5f5d846126ed,0000002049e9b72bc9cc0d858fefceb129a214966850725f470205000000000000000000e23fd70bed09f3fbd568cf78380c40a96d699eab3ce9defb463c4d44f55a357fa554685faa920e17f9214b10
649042,0000000000000000000ea7dfef484d3097105882330e01f009e89bc8c4fc899f,00000020933b4bfa65151167471a879f82014f8636e8d8c2a8ae0a00000000000000000003f6de7ef028cea19c6bc819f46908f1ae369f06d07266b71df231a756bd772d52c8655f123a1017015c72c8
648790,0000000000000000000e2cfa23d34bdf1485fcdfdb60e7bff9da95d03a9e18cb,00000020f023f7f46910ba7c58dae5730d89ec577dc4459960370500000000000000000039bd61c1fb0170d1a8ff6fe131c1ac31e9c38d3115431c0eaaca00bb1cbc1f5c8db3635f123a1017ac91a13a
648060,000000000000000000018431f759c8a5cdffb59d2d407bfaa8dae1bba1993c7a,00000020a38112e72ec5518beedc36aac650f95669c5947c35c40000000000000000000070d3f3d2b50cd4d76feb87f88c91acce2140395f7e2cc8693752365bdb12f301abcf5d5f123a1017d1bfa589
647767,0000000000000000000eabb5628b8008710fb3f81f9224065126979bf4f38135,0000ff3f289373db327b8bf5491b13cbe7b9d5ae62fc7194bf900a0000000000000000009a1524b7b5390a17ad40c6bb4f276ed9dbef6b0216dbf86e6bc8f0739dac8b6b9c775b5f123a10175fc1e08c
645179,00000000000000000004c1baa2412fd31eb75bbe79def4f66ef97e0e15a20668,00e0ff3f4c35a33eb078c6a7f4083b7ebf9e076304894b3887ec01000000000000000000065608e9e20e989d83f10c07f27c42557b7b4eb3ef679bbb438193a8f04fadea2614445fea071017348a0a69
644708,00000000000000000008bd49d6baf8c61bccf4b0b7fd5803df40e5880c73867d,00e0ff2f57e3474956f96da6ac3aec93d3b1cfadbf3222cc1c9005000000000000000000ffe334df49bf399712b8586af0f24f54e9d99d2d68f9bd3abf07511ac41dc1d915c43f5fac9b10177305ab4f
644543,0000000000000000000ac8d61492ab76dab7451373c6eaa6803ec0244f623395,00e0ff37405a2f15fec25c06c4a7269ff3618b143183d447a4dc0f000000000000000000833562890bed0a2c1c8a5eb468b9b17a819db14986f2d95a644c0e6c45001f8cb5603e5fac9b1017375fb425
644370,0000000000000000000e62e8d4ccca57203cb6f48592eca8f7438940c22fb4ee,00000020b4a5d2072f15bb4fb1ccfbbd53e4d596c95a50db390e0a000000000000000000f9d5fb2379d49729c35af72fe2d214dd448caaf73120cacab2304e31bddcdb7674be3c5fac9b10178bfdb688
643511,000000000000000000022686c66f9b3c7b2964a66a149c4a8d8b324668309ca3,000000208698123c9fe7893cc2a5be6896a095a6e7701df02b42070000000000000000002cef0800f80f132b10c71b154121667b5fae1c083957320d871c841898670fe05b10355fac9b10178aa304eb
643109,0000000000000000000d2f399065ee9be3150a37fd6c9ee1676a7688862ae2fd,00e0ff37bc1b4481538bdeb383d110a3f58534871d85070d73db0f000000000000000000c08618dc12e96d23167560558da12fa8451cf4152fe7f265be9da0a0a68309f5daab315fac9b10175e1f9270
642669,00000000000000000007959607cb8aa17386a665f0caabdb4e8b69deb635d259,000000204574a47dc8af1865f0d86a6269a32478bf19394b79810b000000000000000000e0151f589674b0f6e6353141fd1972e9836539f2dfbcc0cd6857e4a700b3f75092a72d5ff8b410170d046fd9
642647,0000000000000000000622ac83c1e231735b53b6e0d2e19c25c081c528a040c6,00000020347eb9d97b2b0894f3837dd5dbca4e66509c5f4a916807000000000000000000f37f4349de0dbe2c2e92f37f3d9cd8e141c490d2500a918d1cd7f5c4fc12db15cd762d5ff8b41017af189672
642589,00000000000000000000aae7c05b5d930e479f462e9f905c5dc21557bd4a0d0a,00e0ff2f420e79b97ca09c16d2b51a3bc690d1022180c6d8884202000000000000000000e4ada85dd5c8c818850eaacc5fc4ea3d2c4629140c7f0e28c854c676eacbe33bbef12c5ff8b4101752682b08
642522,000000000000000000036f762effd9c6879299d358ac41ceb0f445ddb1eda495,0000c02077033ff3278fdae2012f7f7c7b0b9843b3352762a8e505000000000000000000d179095c5c57fb76382723397d3821dada2768f2232c3e0c6dc84cf098735da0495c2c5ff8b41017368d1ce0
642161,0000000000000000001058b1de1aa74aa4741cbd1c9497cd0beaa513405b0b38,0000802076daf4630f9fa49c2256f8e0c1561b529c6d598daa4b09000000000000000000d202b999df1f0f34f9a6f7fc5ba6befac5a63cfeaae12284b8149b4948f2e1ac8b0d295ff8b4101710d01a30
642120,000000000000000000025367e5c14831322ad37e82cab461e2d21b7348c051d3,0000c020092dd3ddd07141b8cd101a844a5e9217142b050c8f13060000000000000000007c714b22521ced6968684d5c1523541277ae25da1cc81fbbee9e9077fce163848da6285ff8b410170f276b65
641944,0000000000000000001029028a6f46d9f49e26fe9f81f5a0fb3cf6700a38249f,0000802007c9389b233fa615abaf5103daced9528b594b293c210000000000000000000098838c7460c81b53066cbda56a56cc64b8eed93935aadfb9266db4346f5458bce632275ff8b41017060789a3
641922,00000000000000000006392caf6a894d98483b36f1e057e2a2377ef9db367d23,00000020cfc2a7431b095dac77a93d0b5e5d33b25982e6d1ba8d0500000000000000000059dd0cfdff1b008ace4af98e8004065bd57005f2d9a96f1066ad7d01c575e487a902275ff8b410177cda7001
640952,000000000000000000027d19d59121c1d38e53555bcf3760af910d9e8b971e6b,0000c02011035b335d40519820d5e7f5be39b80dc47fb5e84c7a0a000000000000000000132ab70354100a37650a90b9a7fb0c8ab7333b6fe6dc328f2f6a349550ca11cfa1231e5f153a1017c0f89da8
639040,0000000000000000000c052e7e6d1f5b12cce2ceda854bbce70157f5c8182d66,00e0ff2faa840b5fcb162782e981986db2de38eb82eb9eebcd0403000000000000000000ca415981a059223b65eb7a788293ac3a9ad5d66bc868c52049441200f4abe89b4df90b5f19d51117564216a1
638888,00000000000000000002c28e33c4bd6776f693a7f95338f6c6d1eb0489a821db,0000002020294fa1cd609e3dabb80b8560429700eece135907750b000000000000000000e12fefa74aae27ada6726702e7a9c7f228edfc023e5de0f6bf7273a496c60011deca0a5f19d51117149c8f0c
638572,000000000000000000096134e3d9ef56272a4239491c1bb9b411c7ea205963b9,00e0ff3f975bc079fe94767d2f0220b3259fa4d0dd96de2a5b5a03000000000000000000278296e4c6a682471b53590d10d1dd84eb891ee72b5630d61ca0777baa02212d4309085f19d5111760fe9732
638519,00000000000000000011398b899fb881c61bd6e8670270fbc8e225c11fd95d26,00000020cef093f2854ec0eeb40b47518c6da81045b9dfb79e9d0d000000000000000000a878b5ac04d153a24246b9d69d67b853eca49fa850e1d9c10b9796b25848ed7c9197075f19d51117d0f54962
638000,0000000000000000000267ada2f2af62ec23a73ed1a046362a0493f4574d2a08,00e0ff2f893ed645914f907bfcfd5c9bb1c87a1a03301f1cf43306000000000000000000d628c411f9878ca1b901e45f3a39795c856e1bcef64e425dd6fca4d9ef5c29838450035f19d511175362a2a8
637749,00000000000000000007754fa29bb63a7d28460f0be2987f1901f3156aac3c29,00000020196e14b0d8371ea68e1950c772a1068d45e97608b98a0a000000000000000000a91caab8c519560208d854188278a22852156985f5c91aa0cec3a620b019c82bde2d015f19d51117709d0263
637199,0000000000000000000746f9698708c7a683c8eedc46a658575d065c051868f7,000000209a385e9982ef5f9c0e4889e0f26ef4fbbf12edf6b3a60f0000000000000000009aec0283a5e7d0363dc79bbf0bc512cbefb52f8d5bca6ca27931acc22fc5c12310b8fc5e19d511170cf28582
637110,0000000000000000000aa0415a6efa13adfb092c3af3bdce80b0db19af69a491,00000020903452901880fec01e9379fb284cb33bc3474f4af34100000000000000000000c0bf6e4457e6cd30c1a93e0b08bfebf996ae2cc0cba09ecefc9ff094fb26ff266a04fc5e19d51117369655c5
636449,00000000000000000009dd0580e1e897058734ff34685c78ae961be66dc4eb8e,0000c02086a14645c84c7cb6803ecf5da5465ee1c570bab4aea90f0000000000000000008e651c50cf1def58eca538c8583b2e86c9326a43971d47576a1baea9972fe8cc961ef65ef2d41117cb4a7c4c
636190,0000000000000000000eb3e017c081b6006fc3138a0b34649219569a9dffc961,0000c02056da8b01102d0ebb3235c81572edbbfa20c8bd5b835407000000000000000000f0234c84748b6c4305ead65c1151505a8ed8232a6d85e3630323f749ed87e36098b8f35ef2d411170d5e098a
635366,0000000000000000000e83ae1e2f069094cc1deab4aede641e028df3c8507b41,00e0ff370dd2a51462cfe1ca1d78d2753d02a8b89db98ed978cc0a0000000000000000005a3f5751f497ad6d7300f3d7211517eb0bdaee68139239cb590d47769d6d2bd11d40ec5ef2d41117deffee8e
635287,0000000000000000000b3fe84e2318e025e10cfa086c4eeeb7a86a72a19be0ca,00000020cdfed71627343258993822f5675640e7aeb3a44d44e10100000000000000000069ec858c3605612a4704f67221d20443781633b73a034deb61307d1b0ed117cedd71eb5ef2d411177f5ce083
634707,0000000000000000000202a9e5a9d6086a604038209d6ce70acae159b252c5be,00e0ff371a23d3d0c796de9d4ff6f3aebe6b5d907124aa285e0e0d0000000000000000008f5ae161b0989319f5f8b843c1caf15ac4358aa5f2fbb51df72ca64b30f9d38cb122e65e357f1417b85166dd
634467,000000000000000000068588f0045a0e8da55620a533082279f3cceee4ca1c21,000040204e28b03ebc89e6a7175f3818c8e28e9cf88352be761f04000000000000000000b39f29667f355024f2bbe7bb860cf0b662dd64990b8d7b6359adc7282e539995651ee45e357f14176aa15203
633898,00000000000000000006e4f72bf9dda0ee692a4f36bc3562eeae3c259ea449e6,0000402081e2784e22534f3e2301496e4ff24ed06d7592a2e40610000000000000000000e34d393dacc407019f1a0b5351b19265d6d58a9db2b3aa0b7bf005b8e5f46b9124bddf5e357f1417446ae89e
633550,0000000000000000001470238e3b4e880f1608223a2192707ad04cb8d38110f7,00e0ff277404dd6d6273efe5bfe1d6246538bd9f996c422a1c1d0a000000000000000000e125a05ebbd00a23ffd6e16dfa0446afc51073c7165289a6cd4118e951ca4a68d3c2dc5e357f14174814605f
632749,00000000000000000009eb4b7e3fc497d4d6909069f9a06b3efd7d1664c77e77,00e000208d4a094eec5f8950715fbbc0fdaec50fea2621b2f9720000000000000000000044432688c11856a9d3067daac63d0d4b74feea6d35d8c5e63d9a1b7fd9a588449f64d65ef69712172ff48fa3
632064,0000000000000000001102d5c5e3891ffb14ff61600ba21eeff7d40f3c122459,00e0ff37989489a55943618b45fb3c83be28737b0f94bfff52f402000000000000000000f3e62733213181e54f42812195e5bd8d855544487b842bb7eb4b788bb3345873edf3cf5ef6971217646740dc
631518,0000000000000000000caff4c4583a66d158d5002d7ea23612b9e0a58467ba44,00000020121313621d0f9e491551dd607bb82a11ce4e4a1ead410e00000000000000000033adbf6a954cedf95cc8f9854aa0c340afe91f91117b7bf1b68b60b5f26d6a68d933ca5ef6971217fe2c775e
630783,0000000000000000000beefad2d5a655c131bbc5af786006acc22e750502646c,00000020faf6105e69740910ad3c2e1bc2a8d79cc9703bdfc8ee010000000000000000004378d2ae990366b544e8b9b4e5b2c0bb5d68df6b14b6080ee405742332ecff44e606c25e397a1117101ef555
628490,0000000000000000000f18592c64fbb62fdc29795c47c70478f38b548d2fd3b3,0000c02049534499e7676b871709b60a2c0128a4d9ae32433ee1020000000000000000002c332f23b37128506fc50b45188edc5539f12ced047c2e8e2d6dabc324b89a9637b7ac5e33a31117c8ec46b6
628089,00000000000000000010c4359e2eb26b527b56a44c5dab4fb57635731c496366,00000020d526c1338673d0efe1c073c95db76be1f518987ab03c0d000000000000000000267cd78a6c8e52caccce75de4ed3bf7323786543faec88305f3a24ce6e6dbe222ceea85e33a3111771cedcc6
627663,0000000000000000000dc99404426032f8bdfc3d13551bac83e98487a086c626,00004020c8f576e8dd04edf26f4880179bfade43bcca5598f458070000000000000000007565bbd11d6208a947202c4add6abed8787ea15a23bb8b8ef1f98a4c1df6ad8f550ba55e33a3111714d5d0d9
626037,00000000000000000001f905ed555d9024c3c846624992d1c3db29cef59323a4,00008020d3a46cac703d0ccc66efc1f7682cd379b2235d2f872706000000000000000000ee9696efe24a3e8cc3404574896f0d00ed03b8c37a3c9440f53eafd4cdf5d7bc0481965ebc20131790f1d3d5
625964,0000000000000000000b15f6475c47a75b03ede17498e5075f654c597f57f5f2,000040202edf2bf73fc5b2e9c37723223068be14ade13705efed0b0000000000000000009fff29f5550b8ff5b403ccd87c9dae0b715f171806ec5a04aab9d5ef877f46f7dee8955ebc201317a0778b4a
623220,0000000000000000000d6502316008e4aaffe4ff786914d1851da5ae148083db,0000002055570092cabf90914ffa854cdce505eb0c4d0e373a0e00000000000000000000c417fd1fc3b9780cd0e6f24c827844e90dd87d99030f4060b4979372ffc70c76555b7e5e413b14177b04e6a5
623028,0000000000000000000453d4dde4cb99994357b167a536e46c4035d6c879be09,00e00020f8c27930b80bc4327cc02bf0133e80ebdf88e44d061f0a000000000000000000bc3c3ae4c7bfcad15ca54230122e6343b0be1bcaa024928f664c89ff0324e5b476b97c5e413b1417fe439296
623024,000000000000000000071cf6bc3703bb4dc24d4a43ceff3a0e6ac86cb74b1b91,00000020a60c8ea894679ebfdd19bb36546b31451acfd226ee990f00000000000000000036fc3998e366b8363c2bd3a2be6364b6b822f28ba5f43dd8d7800f37512a42cb73ae7c5e413b1417c100472c
622178,0000000000000000000b068deb4520b4acf83f5ade4e2958c4f8ce1663741b71,0000ff3f736da276e6b494fdc2611fd53d23b85c08f2f7687dde03000000000000000000812c736040e9551c1e0cc796f49b9f914a077a94e1f730826e039ccf05f18700964d735e1901111767d6132c
621425,00000000000000000008d9cc7e483ac336aaa8f792250f17264b948ab9398a2f,00200020bff384d6750205a7d809d032be980896c48f34bfa760010000000000000000007f2023053eedf41781d2ade02a7e28487b21f520d2a40780b50bc670b244ffdab9eb6a5e19011117dd2cf10d
619970,000000000000000000110b16b926a38efa1343afd42fc92bc84fcfaa7b20dff5,0000c02064a9771e429947a3ba9973c5d18d2cdf0f2fad0f297b0600000000000000000041216f5e425046e1d5f630e9091c65214fec40d0d9b84a69ea5bb3a414fa6a562d245e5ebc2c1217357a0b35
619915,00000000000000000011742482cf54ee9933e6d827acf7cf680a439857d61e3c,00c0ff3f3547cd9ddb183575e2207370e8b81ce19cec4c5882f701000000000000000000a0994a07332469917924ff1eede391c321430bbe7e151b2bc975c7ca9459ee35c0af5d5ebc2c12174ab7dcac
619141,0000000000000000000afb64a255edf537c7c90e5d10d62a7743f2d189e9bbc3,000000204ba560bf0251e3ccea94854f2a98146ec4aab29fbb6710000000000000000000b8e26202721f9c139b058c7fb5ce7d5fc449f30b30d42e037a89a826bdfd39878b1c575ebc2c12179c405553
618607,0000000000000000000970e75c996a01a0dec03709d068124310d0d2dd4a608c,00e0ff3fd11a83a8180b9747f8306dc4d70151efa6182f00fb8c100000000000000000003b4859378520bc02a43ed83caadb3e22a83ccacac6d261b6801aaa22fe76363f8f18525ed41a1217aa3437c5
618465,00000000000000000005ff1702c937f23d1121b62c483a38722bc4274b4b9675,00008020ab26754f04ca4b31090902f7489f6ac0dbc44727f93f110000000000000000001b06d61a98a3dee90d323e265e5cdb166c27c6da7bfb7e557003278c1bcc598a5fc6505ed41a1217c82479c8
618235,0000000000000000000d1ac8f8f3121140fc08d36e19cc9f01400c5d48c0bf1d,0020002050620837f4d5159c37e7a7bc02198931a22fe8a2b5480100000000000000000088d75cd2daf92447af360cfc34c43544c80e8b6c6092b59793b6c12b86bf669908c54e5ed41a1217a049594c
616960,000000000000000000108f0e774fe41d100725f0ca3eea0b205d3c5912dbe7f3,000000200e2478b6d6f761975a03edaf1116f3808c91aed849df0d00000000000000000016eb8f4d059fb382bb9bfe1e0653d00943df8d9be2e6b1ebbddc6be1f2ae8fcd4bf8425ed41a1217caba206c
616423,00000000000000000006d0d410adb0351e136ba991047e92f881cc6c2eef7654,000000207eb4f2f02ed18c4f391b48a2182d093d8e1dfe8168f60b000000000000000000af32409ef242217a0558dfbe540b876170a5b70e1ebabb3d30c60cb7bff7fbff18dc3d5eff32121722d83080
616393,00000000000000000003702b2d8cdc985ee60c95cb38f81f13b8552e7bcf43ef,00c0ff3fb48e071f43f35c23938f0df28ac4fe7a56e827ec7172070000000000000000004c1f9f64dbed205187f48e519ce3d6470c51807eae950f48fd88a5268c463b2c6b883d5eff321217ec9bcf4b
614732,0000000000000000000e879312e640f33750e5497491424c618345c0531e6e00,00e0002092d73c06a5a55474d2e6f22fdfdb0ee19c759b6a42fb0d000000000000000000c01bb507123b44aac6935631d9b9dcfdf97f2fa83d0b4818fb0687fd1b60b16234772e5e780c13176367ba84
614601,0000000000000000000cd4fe0479cad63e7eb6df154c28dec9d7ed37a510bfbf,00200020b8301ba042f3b03de6af005d1e62cc8df15df7179dc5020000000000000000005ba257c79b3c211076f77c04a8687508aba344973a6cd4503490cc8a00a8d1b6e3482d5e780c131719c7156e
614207,0000000000000000000305f9d4c42f2b52ff4fbdbcc6465f38082467aa31b78e,00e0ff3fd54915861258f7f30b0b5d9c0cf8ac48d83d204f778a020000000000000000001c22774742c209c678881aa8950471d7ac3165dc8967da9044221a443fb3ca9ba5f3295e780c1317e6aa23c1
613758,000000000000000000059aebad53ff5045b0ee5b54cd1b0b1bd6ea928aac3301,00e00020f6fc8b475388ef21282056b6ff951868b5c6b382e183020000000000000000000d22a53e4b08c01c1d2778ea435218567e27df431693900cd27af8df84bbb36bcd21265e780c1317ff7f5320
613748,0000000000000000000c26904c257e704a552349889f0fc2be54c48452eccf37,00e0ff3f43bcc36a32f4b70276348c7d3a175c7526b7013b225710000000000000000000c96e0bfc6be91fbf0e35697dc5dce5df25cfe29d017c4c52b3be0736e5b39c72e306265e780c131786247fa5
613661,000000000000000000048fea2c143ad8074586720d9cece1121f220a9c52fad9,0000ff3ffa39303eaaf0abfef132015a0b8a35834da4eb0300570d0000000000000000002c42e77f5ed4e6067a59e6b5cb88a6061fbad959bbec4867865d0ccfd2f72b254d62255e780c1317a4fd162b
613657,0000000000000000000b121355a393ab955f76349412a10cdb9f252a06f08874,00000020766c997646bd10c372aaaa93ff1f5ec04c2430670fbe0a0000000000000000003b7a2c7b26d89b11d9889ce06e0812ca70a50292fb8f4939b434a9b9eaa2bc9aba55255e780c1317db7700e9
613646,0000000000000000000217205d4aad05b44e1658b83c17fce5ad70e8ca2b4482,000000200e530f3932082c4895b7ba0bc671488daa27e4ae46fa0300000000000000000056e74c2175649a8db21e1aaed70dfd47c973edf01d524d38bf172efc7a73a0ed3139255e780c1317159849a2
612833,00000000000000000000e3d8e446127ced4defc84aec2fc2562891fcfd3b0329,0000c020a1b2116f917932c2750a130a7f0d87aad07b4a7dece2000000000000000000002e7e93f4d95a90a2bd1a66f61d2bb5c42363c5831531f384f206b88fd3d5a744a41c1e5ef2651417b6e0cf1d
612798,000000000000000000052c40aacc9320e993f0a15f6eef1e17ae249cdec0e636,00000020f1ce56ca7f458398b797ec0d0e83b3d454b8a36d66150c0000000000000000004e39c83fe57483867f1bf77aa3155b6727898ea7ab71026732936263bec5e7fb53c01d5ef2651417090a954f
612057,0000000000000000000a7f4a86f8383e8c77ccf2c71c99e1019bf8751fd89171,0000002046e026a39513aa7ab368348e25920e42d368a863b83a0e000000000000000000e3622a553e40f5786f595a0dac45356b24464924a9f1b746cebcfeaff7cd9e292f56175ef26514174701efb6
611945,000000000000000000144ddd08a0785fb6802efef84351c516792f208cc1b25a,0000ff3fbd080099583d428ac460ab5de9e010735797170462980c000000000000000000328f33b83e060b1aee6ec836112eb3a88e8c4d3469dce4e2864c331294fb6d4b204c165ef2651417f76f9639
607673,0000000000000000000fac4555d885511f322497c2f44c6e3db90057f5cfb463,000040205aacc8a1eab9c5774a2cb9bc4a4da31ea45f019808330f0000000000000000003336bfd313f0ea5008d6f0c1c6891665a8596d994256065b543958b493fe04d75822f15dd2db15178a009d34
604939,0000000000000000000704ee0d64be5764b22536ae0ce616c0c6e1b5dcfc2e29,00e000205b2574b471f9687096983b1491ea85838e96d6a0f88001000000000000000000fc16dd6d2b42a329fad5641fde557e50031fe87a407b624af8c039990a91024a822cd85d3eb2151792a40c93
603084,00000000000000000003f157f664d073add98ab0ad49b2d56da8b93ee870a854,00e0ff3f07804e18e48d1ba9af57abb24afdb19a828ebcca65e714000000000000000000aa35f0b79ff5f52800405d56a8f10fc5d2f277f48ba4557984e3545a9541f3408f8bc75dd12016174c0ee20b
602714,0000000000000000000154625d1aaddb007c78fd2dedd6720413f8de0d5af00d,00000020fe01c5417bc7786062bf99f0d89ceff634feb1f8a2af00000000000000000000aecf053349f710c9b20cfe43e1d7732e5ef61a3431135befbe5d5ecdf700c585f4f2c35ddf8e1417eefd5f9a
602597,0000000000000000000c4ce7ca2b431b84aafc2d31fe66fbbcd59f41fff3d904,00000020528ab25119c17e29f9535558b0fbfa33493f30f1a39911000000000000000000638505e7893dab9a19c308d54d2c974e4d51924b229576df96e17350b2725a1f22e1c25ddf8e1417d8bfde65
600308,00000000000000000012cd51c80d0799f2203524258a8211a70e5b98ea6c8789,00000020eeebbde1c9346720833154114244cab30abc885cb44b02000000000000000000758f810229399dcee5838c89b4a451231b97e0cc0ad0e708906f6c7c8005f6d62930ad5d5ca3151792fd2f55
600132,0000000000000000000cbde2cd379631dca3e115b137eebe619f70f801ddabe6,00200020cf2ae3d2fd16e8838feb4f128ef6eb0db627f0e43880020000000000000000005fb24b226d9c77821cd2487c9fc2b05aa6cb80665294e2399b94740ed567251fe78aab5d5ca31517673e3e35
599604,00000000000000000007cab2644261df83f039cf75ee21eb761cd26f4cec79a6,0000002030bd5433704e090187667b12babea1cc126559f88dce09000000000000000000afdfede9732627ff4bb02004f2ac95acca288e9a98a44393b7ef5f31616726df2b00a75d5ca31517e29a4781
599587,00000000000000000012e55a5c5b0464ceab40b29af6cacb4b02ef6cc009a4b4,0000c020020e9b2abe3cd229790d547418e25fb1a27a9eaa579413000000000000000000d48d61590d52de10ca35d810a05b1e33d43b833c2c62710aecc96aed5d572d3d3fdaa65d5ca315177ca24597
598793,00000000000000000003042ad7a7ca619a209e386f16209adea5001e5183a827,0000c020d8989b4d745821344d2afbe88d50067a8bb716a2a41107000000000000000000147a48a9a7a25d793ca3f02f9fb5a4aa071703df7245f3091743ecc5b89c731d33889f5d5ca31517f503edb7
597567,00000000000000000001426527cb1d50ef29977ee242330a6b5149e1bceea29f,00004020fa37fdadc7bf48b75fa2bcd3eda73667981ca77bfda30f0000000000000000009209bd704d98bb2a72671e4bd43c385cff8e58eb5edd2c648032e7ca1150129446d2945d240f16174f851743
597340,000000000000000000089122684295bb05353764bb1fae0b1fc2c18a5ae17b55,00000020781dbb19c60450cab7ddf05f48df689f564e958d338e070000000000000000002c426d77802a4e97bf55f50fdb920cf69c3778cef347567f2248e83589d0e0d567d1925d240f16173d797b20
597171,00000000000000000006580101db2eec7471baea27f3ab6dd3ac2bd4e6fa0f08,00000020aeacddb81df440fc21f3d6745372f673c251d63f5ca600000000000000000000348f1661057092b23cfa13cf3e6c9d775af65a0dbf86d84a301e698824685c21c323915d240f16179f107999
596591,000000000000000000136de8d19fe5c250b396233959c0f024db53185e28b1ea,000040209a2b11f840c68c776b972cc7ae2275394027577a1c5d160000000000000000007205ce0d16927cd610d019067afc869d8e687519f14fe01d56c1e64aad70eacb76008c5df5ab1717518cbdbe
595045,0000000000000000000d3d23e861fe0f8615320c42ccb263a8e8dd1b807a76d1,00e0ff3f288b6299778573850ee9cc63d3fd0b5d5f0ecd780a7f0500000000000000000026ec9f7e56f5c346173a72b66dd440a698976bc0098ca99f991b6c67bf17d88cddc57e5df5ab1717e5df66b6
594536,00000000000000000015b2de9e25861f4e77cfb4db4b17ff9d5b78fbbe0d2b03,00000020701eef46a769f79669b0675cb8b70239c22809c03403100000000000000000001166118e27658188bdb9bfc07e1711e8fec6d3c2597e2930b7e76e15b4624eb024617a5d3e211a1782ec80da
594500,000000000000000000167f5f0e42ce306f7a125c1bc7709b7d4175607602277b,0000c020ce384dbf058559df79d694015d0a8ef0f13e9802c4df0c000000000000000000bb7ff8b0cc0740f1176bfcda40185387d1c9b4e30d079c6bc323686812ddc2bf0a0f7a5d3e211a171b47fc52
594485,0000000000000000000802ef04f7accd4591cd9f5ba2159a192c3c18180e5c9b,00008020de149d54d00c829bf1d746b57d960ce3c47633d33b4e1800000000000000000067cbb26e8c2e428f16e32f79717d603d046277087756f33592aca1e0de726117a1007a5d3e211a172c51f70a
594081,000000000000000000130e274527b7170e5ed5b80ae7b4ed59cdceb5acf62263,00008020dc980c760f5b6b93be2885531a837ecc1b76b8050aa50c000000000000000000223161f4ba34aafe88a6242873d08b7b03844999edcb111ba043f3384f5585ad94fa765d3e211a1798cdd49f
592449,0000000000000000001a4f3ad036ff22bc0de8292a5738fa4dde3de604f52e7a,0000002082d137f37a1f48d975e3a1a3088bf7009bac35deff5d12000000000000000000d443f27c30b837eb289e95bbbd037ebb757e3eb8506c94f85fb7a513646ebf965137695dd1a31b178c168213
591848,000000000000000000181b1a2354620f66868a723c0c4d5b24e4be8bdfc35a7f,00000020a3b1f6643bc6f0599e595db0f824c254f6f16263adc214000000000000000000de5f9d46ad0ca90b48705c8d822de65e6c9f3b7a63d0b0fb806cd593423d31c1eaf8635dd1a31b1738440f66
591031,0000000000000000000c0ca13721964a48358c5e1ed8119b5e2de20ab7d9048e,000080207335982a9e79f3964bca5f42310d8974444681633d3917000000000000000000b0b65dc3ef9670bd499e450ffb84119c1adce04e536495f38665fd7e97558bf0bb9b5c5dd1a31b17306e5673
590044,000000000000000000123d82514aa6cad9536b557c24fdf8bf796c1a0e70e708,00000020c391daf45e0573825a5acc55d0aa79dcf2de3cea49720000000000000000000068010b1ca09f2ae92e972d79fd334f5366297c9793ab15daecdcf4fa714bb3904cc3535d39301c1785158507
589999,00000000000000000014026826002017f841bbbd60384be2cd562dc9b6e96624,0000c0200cb88c9b004660a2f25cd87611df9c6d129442a9b49f010000000000000000008f94c0b1ec0d2b5e03a1e38cb3b62d82c79b8b6f4ed0664ac4402e35034267fe7455535d39301c178969a631
589508,0000000000000000000bb81a2063db16d47ed3c0dcb7000d437abb81a2cb8f0d,00000020b33f294c84b098b9ee9d9bd3a7baf5e9d5dc9585784c0b00000000000000000006f9be0aba53f6370a437fd24396cba2c76f70d002c6737230ede14eeac35d1245054f5d39301c17bc8be171
589477,000000000000000000171da08c19fe27f9fc8a68e80aad56c1b26e969c497025,00000020a2ebe11c66bbaedb2dccece62793a43c8862671a3e3f0000000000000000000072a51e95acd89465151aca5d66a0c18a6c8ef70c9f6ce55247dafd77ebfadc6a39ca4e5d39301c17b44e3194
588206,0000000000000000000b4b3daf230a489c3afc7238c1ae788c611e1c6c448ad9,0000c02054a9fe67c81ab4e4a776c25e1e8b9b4238226140820b0f000000000000000000e1ca226eb5f4053b0b9fbdc46a67d85356c1ed46354b49af5333a559f3e6b961370b445d083a1f174fbac905
586441,0000000000000000000ca6c919cc4015d50bf60fd38b1e10422aa1d792a9c861,0000c0206cfb4e7c777dc3aefbcc1f2ad929519b4757de475a0b0b000000000000000000cd24175aed570e12bc5565e7edb04d342b4f0e635999a1a813b3459e6c1e837a3cf9345d9b0d1f17a07921a6
586151,00000000000000000017a3d0245aaf6ea57a78d4cb2f7f61c4e07664105e3407,00004020187dd49fc57081894658813ea0a6efe027d7c4f6476400000000000000000000e4c878e66a5667ef8472fed0b03cfd2dffefcad1eaec91a65868fbc629d0413c008e325d9b0d1f17f4ddf7dc
586096,0000000000000000001df8594ebf79a3c813569d71f82f4f433bb14e0dfbb8ef,00000020ccd4352c6d408f3e18330a2efa378933420d3f04909504000000000000000000053f3165954fc2516023797c56b07978f93fd7bc4374aa9d913fa8a9f0b8eba26030325d9b0d1f17ac59b850
585083,0000000000000000001d52005a757e38b370dfe86a952f17a1647578546b0635,000000207b749fdafbeaad84981d24a20ffbfacd262288703d22140000000000000000005fef3e51239caf393eb76bf3f95013fd5b17a5926944c7a5faa420de3117b3fdf692285d9b0d1f17d0807902
584719,00000000000000000013f5cbd74ef44673d13f424fe96ef65ce21b6fb9b09d2d,000000201b10f7fc98b8eb6ee93dd1d5198b5e1ed64527649b4808000000000000000000e424fe8a8117125819d3e0fe19c31994659338ce45156d314712f5210032ac1fa20c255d9b0d1f1718e3a2df
584596,00000000000000000022fafd684ddaa824619a8ba09fad39771662133ba9fdae,00000020e234f7195b93387daa02dec6d75aa0221f71ed55f92104000000000000000000201cf406a831a6872d0ef3579ebd8d06f4f28c9b821f06cce13c1d03724bc70b800a245d2c7923171f362c68
584501,0000000000000000000cec2040cd2a8b80ec7d4434a9aa5ac0fbb7ab57d24037,00000020c47500ddcb259b6e433162090b50953f08861e6adc341b000000000000000000dca2fe533f00e8e35ac917d1da360041ec542453e25084af5da093458154a0f79c5a235d2c79231770cb06c3
584327,000000000000000000160d6c64bba17309eab4221b959cf188452d458b69b7e3,00000020a5936b7455d1c1a0bc51616aee39367b201b8c523cc10f0000000000000000007a5f1b8a47a903cfa5d21d8f890629cd23e58cd46ef845969474c1f1734d827774f6215d2c7923172c5b0788
581839,00000000000000000015f55314db07fbebd61747a8f6534d32b2ea765cbb4342,00000020c767e31819e369c59e64e1c9bc34a6fbdb92899a00a206000000000000000000e4aaaef920100dedd713bf8f038887df1479135fa0c5305e2692f20c0c25ad8535d90d5d03fd25179d1df499
580710,00000000000000000003a307259262d59513248a16a7912a2a152d1a2bfadb66,0000002079d05800d2a7c2a30cb989f1b419985b7535985949e30100000000000000000057007114fbc396d4bc7c9812bba1d60e028a288804f234f3133ba3f5717f1a2fc5c9035d03fd251706195e26
579715,00000000000000000012074f5c5506ca0fe5fd10f6b0e67533b2d62c143e7823,0000c020c581774843f94b3e229d43a5072b1583cdad1e0fe96718000000000000000000f45420e16b18ff24b1d51cf60a6a1bbef315923c5d8a13b8100ec128d8903b14e1c4fa5c76bb2517ae60db39
579169,0000000000000000000705b5fb5ffadd8bb33bb8e7b0cfd6c9c295fe9267e992,0000002023393aea9cfc0f9311a2563a285f53e7d3859fbcce891100000000000000000051c0e247fc48ed3dd5089799108c48f3d6d2a9da67244a8aa3d466bb5ffec1269b32f65c76bb25172850a255
578585,0000000000000000000e88c456cb7e52ef5c288cfc30c7cadac12beb50c3b22a,00000020be3d803cb4dbc1d394ca2e3a5fb56dc3f19f8b9a55f113000000000000000000d6294f8784770af6c35c08923d8351d0f3e1607d82531df0f82bde288307546d3d53f05c45fb2917a16f3efd
578141,0000000000000000001253a5f37d3763dbe928d21f7d72a708f05268c044179c,000040207cf23958cde65e1eda1b9d84524977e3dd42331a9c81050000000000000000009b68bd568626d11d2d603967b4a91c01a7df9b7af46a904b9543c4c4873432b609cdec5c45fb2917b4124b60
578123,00000000000000000010fe8e49ae527e56b127f60b9e3135fd4499adb900025a,00000020e1197a802d992881f863259e80e94ea456f9bd7b1d452500000000000000000016c808a2a8b5883ca1e6838a6adcd6bb7d82c71bfe8cfe66d1e36a3760a9dbb05ba3ec5c45fb29172a062207
575695,0000000000000000002409ed07fdbb1d0359a0c516014115c5451aea724baec8,00000020b0aab8eb5b5bddadf0b9e43dee86b45a124648486d2f150000000000000000006c90a0594f38754ab66865201b98a859d923b04fc1d7f8ce217a098b3e79f9998233d85c38ff2917d27e576a
575016,0000000000000000000c6c0d049d9607ab98612a32f5bddfa621f33d67cefd8b,00000020b8373ce1368160ba091c2fca610f31ec326e8a67ea332600000000000000000011d68d774f3ae6910e45a79797d16dfe9b1c2f6d7d60a2f3797ad2d3ad3edcfbbcc1d15c38ff29176171e4f2
574287,00000000000000000020d41cb0805977d7f4446684867183f2baf8f0c10ce867,00004020ee72cf81e695b393ffdc7eaf675b18cf638430aa03cc200000000000000000005f7ff2f27f0fe1efc10881623034596fa37df6ccfc9f289eab9c4b4d460d6d92fc16cb5c114e2c17095ea7b6
573380,0000000000000000001cadc54b0486649ddb0e2b7e36c97ae4e1e6a26e1e05df,00000020688b76acebf1b43d050f8a92d646c79645d620a6b371070000000000000000009959d251d07218c5f8ef9f394d02daf52ddc3311b6e49b764836d1a29cd6a93ea081c35c114e2c175a1da286
573313,0000000000000000000883f9f6eb9a459426f715ee3895a4dbb6e51e9237eceb,000000204286b3e6c4778332d4de29af0fad4d944db0318bad910b0000000000000000008e4c29859bd55a9a1364f38d64a742a390bc047f14edfb38faad62f94408af846be8c25c114e2c1771325de6
572333,0000000000000000000528b13b09f842b428401ca02f44be163868a8e719bb69,0000c0200eead7c6fb1f86462791da608ca28f62fb18049426eb1b00000000000000000014d66b00502bdb9d30f9abe950a33040a852dbc125246bbcba145e905fb6e36455eeb95c1d072c17dcb82705
571486,000000000000000000231ef103e6b509c969f3ed0ceb809de3e5441a0789fe83,00004020012aa8f95441bbf0be9ed545ed9915a0fc7a09cb2cd3260000000000000000001da333cd2001f8ffc2575c4ed61cda7891cb4536f7bf42ee3af3268297ba27cdcef5b15c1d072c17ecc2602e
570693,00000000000000000013b6ce00388b7c485d6bcef4fdd599e1d1644ce522af9c,0000ff3f6fb21edbf75d7b5f3bb298bc3516c8a85c9e164058e9050000000000000000001e2104a42c5c0474587440588eeb4c63c13f6467010a41f0d1e97f4382d3af3116c3aa5c1d072c1795cd7f4e
570572,00000000000000000014313673abfa3c9ebedc3d406f2ccd4e9e87020add593a,0000c0204c34eab5903d7dfa3d9462c1198755b0ff0b4cb7bb17050000000000000000005dcc6a3fb993a55d5e966e2c2fbbf9999d696743890ca09263dc3cd12b22931268a7a95c1d072c17314ebf11
570345,00000000000000000018a68b84ee2457362c3761a149e85b1976f401d7518b70,00000020af23fc08f70865791a7f10026d89f952bbae57a9fced080000000000000000008e54ee6eb6f31ea5d629092f22147c584df4104b6f8fc44b2f1031a46ec87d03737aa75c6c1f2c1700e7f53a
570069,000000000000000000214b7d19ea458da8f8e80bc437587a02eb418b5fd8b3aa,000000200d34ae741378e4527b28fb93c6379368a49947e93f64120000000000000000002310577b1e2edda474757278deddcc96f3cb04c848bd477008fcdb9005e66c650b09a55c6c1f2c176da9c711
566624,0000000000000000000222a9b048cd07842a6851adcf96ed634b78a0adee799d,000000208bfe6ca23d897c4dce4fb0fb260283b88c6f435c7ef828000000000000000000bfe16504c04e8ce07f582ffd23992d869bab2384fef95fef41c17db8836aac86b895865c17612e17b9f19c52
565437,0000000000000000000a83718716c6257674624f9a8e36c426de63ace038f765,00008020c63e00195d83122e61ae1da8dbdafb54408542a285a21900000000000000000080127352e07efa439a6a52eca130ab002087a6747a33e4e86cd9b8a5ac60dcc8345b7b5c505b2e175d6677f4
565106,00000000000000000028f07e327704f901b4235cd5ca5dbb1cda979e2bc091cd,0000002068c7580c9ce1616b1a4b124bc3954a7d828790cdd8662d000000000000000000f3fb97b9cf0fd908bee3fbfb9cb4c07ce42b44c7ef017b7c0e49d933c93634913473785c505b2e176d1e5926
565104,000000000000000000201914202cee0fff4d2c320618c7bd5515a9cda49f7354,0000002098aee42028288ee52c78be768e570b4ed5e97a7797bf0a000000000000000000d1ce5ca669586efe24e42d33bf847501044f63b57b32be36d06b9e7560ab9afb7a6b785c505b2e172a369253
565036,00000000000000000016ef1749615972a4598c67259d5114450cd5a09d99042b,00000020e7d885851c34dde5db7b86e7032e1300e0278525c9281900000000000000000047abc294150fdf2aea37da0736a4c1af8fbbb90acc8081f64d89d0410a3d24c7e9d8775c505b2e1718f6dcdb
564906,0000000000000000002a5fffc63ded44e8beacafaed88906cffd63bd1c1c7456,00000020070a34ba19d6c060f23af4c2488b6fc8de738d091d860200000000000000000053d703fb5d0eaf4e9566d1d9082b0f8d6ee42fbe57c0d70c0e08b80489bfbdd7f4bb765c505b2e173ec4e8f3
562876,0000000000000000000e524cefa493d62262900dea32792064d84d4ceff3f924,000000207705eb36217bf8273e5548dfd494bb98b7c4f038ba67280000000000000000009ae805ec0e2b168ca9920ce4c7290d430f9e3bf65ec0a74e346d7b39383bd4ea0044645c886f2e17710d8774
562630,0000000000000000000f021d6ba1384b7db92589b2eee80d01dcc0d5afb30452,0000802020ffe4f7a005faa83610adf7e7a52ff5700c222b9b5f0500000000000000000058c8af6bf8e8e00c3d6ff512b2133533ebdcde164de306e6b65e53157fc22b53e7d3615c886f2e17ed205930
561560,0000000000000000001a5108e954cb0c1be3727da56c6b5ad0a8d5315cc878f9,00000020420d7f1890302e802e573cc3391d680fecd1920c55a0080000000000000000005031e9c16a294253669a23b4287e92e6938b6e47625dbb3b59970cfc42dd4bf441bb585c356830174dd0c9be
560778,0000000000000000001307370297052e96f75e36c693d0792011b3ef8407dd0b,000000204777b80510e6c184e149884ef701e00aa886a5bbe4d02f000000000000000000f6d3f77cae84b7f768c915fb1bde513f32911f000ffddd16b87b8783c248f473d4b5515c35683017d22e8944
559371,00000000000000000026059ae3f61fbd77f16d8c7a8c6b9c61f46ec9e8e86097,00000020b08a418adcc18c65bf58ba8347c0500573169dee3d892e000000000000000000caec41b006fc7ac7a95ee591ce5835076aa9fbc55631e2a302b3c4c1498a1ab7e9d6445c33d62f1730be5dbb
558348,000000000000000000136da07c3034e34e360c7b2f32fb88aa7dfa3edd14ad57,00000020a5a704adfd3d15797e87ecd7c255e0e3efbe12fa05920c0000000000000000005b7427d9b0429be9fc8443459c7f85f67f52b6a8eb5726edd9b6f41c45e3bf0025233b5ca5183217806ce395
558228,0000000000000000001bfb4bbbd481a16bdacfa83156334b5294786f8029e4c6,000000207de451350d2e7a6638384c55acf2bb158ff81c6066ba2d0000000000000000009f83f8950ebee122552a234ed4404c1d228f7728deb5403488c54aef81967e47c3ed395ca51832172ee42ea0
557619,00000000000000000029ebab8bd47d86043309823f5f1577d881395f292b075a,000000207e70c57e47cc05cb7cfbc46f36a62e7339caa535608601000000000000000000da43da9acc84e4285dfe7c32e4e36bc84f9058fcb2f3f24795e9f3c41351b9e1cbc1345ca51832175c7328fe
556976,00000000000000000004b7c8cd40132c94085abc0bf2448c1696788fb1ac5460,0000002019ff4ed4019b3478fbf97f3b7830d77f7e68f060719630000000000000000000b0d692718163526139f2aff6e9af1bbcbf851ee0002297743674b2de42667e22343a2f5ca5183217b4a73d97
555745,0000000000000000002b283a6038cbe5885ab0a0bdcb8b9885a7fa6c7329bdfb,0000c020ce8064508d9c13c514494238f1b309cedfd71e2724401d000000000000000000cb3062dd915012f5ecc33c52b731dcdc362fd961abaff4a88ac650335ad182bf38cf245cf41e3717aabcde57
555155,0000000000000000002fa73d58dbc421939796bc370af1ece833f2d1ff2fdca3,00008020e6616d532386d604f6be4ab50c279fc5367ef19c42251d000000000000000000fb8d209c56f4a22ca12f33b826e4b90b2a9c5ad388712b237762613d7bce1e809efa1f5cf41e37175129dfe1
554610,00000000000000000012acb8e7bb492657450339ee1d3d3cc18c975ccfb9eb6b,0000002036dea552517b6c276b3175761a149c0d531f24747d3110000000000000000000fc1b0eec85fa49e87fc4a01059acf0203cb7d092d67b7394d9027adfabce881d486a1b5cf41e3717b00bcb69
553769,00000000000000000016eea2d3241be96f3ab3614ca92176f94fb8745abcb4fc,000000209ca78ea3b9b956ae1b3d33e2e38a9042b493d1c56cb60c00000000000000000010721b4dd80aa890a4abbe54a3ea85fbef63a9c534ed72a45650d91084ff2746ec7f135c7cd931179412a618
553457,000000000000000000209e2da61daf786ab8b1cc74011a50885c63aeeadd4698,000040203287883af064addc31c77d2592cfafd8fb5ad73ca14c1e0000000000000000009219d42edae5c93e5b6f8dd36e59dbce84c4ea8ed273054091142263d7ad9138ac4f105c7cd9311745145fc1
552951,000000000000000000248b5ff033fca9ef3c9a05cf2e36312dd01a3ba34d7593,000000205770544d0b5c5e9aa2dd1bbf4c893676b604643b2129190000000000000000003f149beb7746c8f27bc29f6fe234ae46c7b3beec188914e24aed5e9f75ee51d992040b5c7cd931173cf96123
552791,0000000000000000000bfd78946a4e49f2a401fc544c17b29ff1fb4d183944a5,0000402020f4e1bcf6db3286a254892302aa3658588bc850e0220d000000000000000000fce10f3880152c628f29f4512a44d7fab2dedc71512fc562c906b433fe7704c1b24f095c7cd93117cd909123
551355,0000000000000000001da5417e0d179d69f438698f6beacc92430791d42842a2,0000002044d6b4a06aedc95cf6bb7502dcb00a35c2f8e8bfb88307000000000000000000b57694aece10637d07bb119fd503ede13e880817bc0b6775ba52481c19e7e0a37197f95b2f4e2a177c3783db
550979,0000000000000000000408f1f2cc14b9d804f7cdbd598043f43305b8579df1c8,0000002026651d42ea0c40309c63b370e08834a8b625fb813a9629000000000000000000b24daadc7c4177c582d7638b257875a894ce8a84394bed551ab35662740885790799f55b2f4e2a174466217f
550671,0000000000000000000eee227ee8e347537bc2fde7ecda048fd2fb0bce14fac4,000000201ad2decad1d72842b2c23cadaaddd50edca53fdf4da90e00000000000000000064b65cd25f60425caf209e2ec010cd42991e539acfcd90f021c359dc3a42606d5049f25b2f4e2a1772e8ed99
550431,00000000000000000008b5e0da2d67dbeaa5ac4ac9344a8a9c14510491b5671d,00e00020f7c9464f3618bb421f211677663ceb6084741a325fd6190000000000000000003a597de3ef30fd177d9d053e16ce6a02d7143273bf232e89d9f0377bc1c8fdce46ebef5b2f4e2a172c2a7a7e
547182,0000000000000000000b1d1a9322fae2af88977762a548dc5c3d9b0dd6a88142,00000020e0adc6178b78bfb13a0412dda024144f8eb4a25b801e0000000000000000000000d0674b35cc73740a8e8b4d2d44b832b90e1903891067b859cd877a567bb2f4f4ebd05bbd2f27173b8ec607
547031,00000000000000000025f54e8fd24d284ab17aac3e6848d13a8f3c0c8c0df3cb,000000208980df6ec5b014118b2ac1f54eb1d3d79593797d6c830f0000000000000000009c2a1d9652729f78b8781f6fa8c842f8df04df638c710b262d340762a2ff16716b3dcf5bbd2f271745d8379d
545312,0000000000000000000f1faa71a8fe7544556a2d89bbc0ddafd57c2350fa8114,00000020f085c7a86a7ef0f856931b5d16cd032cea0f5dca4d9f1000000000000000000019bba046e8381b006eb0bf00a37e519563502a39f294b3fa77fea81566839936844cbf5b91c125172b8f2912
544959,00000000000000000018cceb70aeeb0811a54b1c7873bc470d5530cb61896252,000000200787ee05b04f5a0e5c353827a63d8d36ae2e46901b621b000000000000000000d3841408368cc4f935c972f7d7f2b721a255f38ede04be6d05946650d1316981c400bc5b91c1251748df152b
544765,000000000000000000020180eb022e923f5ed5750a3d235a7c855cc431711326,000000209c07acee8b73b38e0b318ef7d7c7665d07ea3ecc828f190000000000000000001dc4f1d312027a48ae5a3455906348a82ce073f450256938984761a4b9c608d41bf8b95b91c1251721c3f36c
544630,000000000000000000162716e7fd56fb60a165e91780b86022ee438075fa36eb,00000020adfa4bbf50a113e7cdc8c54f78abcea731919aad569f13000000000000000000e747ef75693bd709360994bd11ba9cb5c0c0a3df27d134d30cca46283ee80a5a10ceb85b91c1251701b772de
544568,000000000000000000253cee00eb8260deac882b2a63855152def7e220d202cd,00000020df6a9f60087b2a3d403aad2c25e33cb0b501ca81871510000000000000000000c648415bf36daede4ff1e165d6335fe20380b966896f90ebf05fd632f2c4d6cbf818b85b91c12517e5db4831
543892,000000000000000000082fd7cff6b97ba03405ec723b3649658d270a4ff12a9b,00e0ff3f936c85a6a2764947d1d04cd344f5d3a4cd5c245a265d15000000000000000000ca05b37f0e74eee1b215bb4e79064a41398459be7b8ad98ad3c12bc5acadc0848cdab15b1f5a271735ce5458
543182,0000000000000000000c632f114778b3a34e2a00087d21cf658b6747eeed4015,000000203f0dc0a57ed9d1dd171c227ad1d57745465b31c3861a0d0000000000000000008899cc87af78cf4edb0e0fb43a9cb8702065bdb7bf0817a66036fe653fef5db7bdaeab5b1f5a271732fb2dd4
541971,0000000000000000002074841ea64035c7689a657bf57abfebf05c2dab8076e6,00000020f269d1349fe4be1edba4a93d3e51a9213d0e695c1d040f0000000000000000009d55ba870b3923fd0bb5dd5c15d42feb80d68b097fef01d433d8db8bef8ca0a54824a15ba11928171135a796
540801,0000000000000000001b934f570a5a225aa47f7f127ec13456e0871ec10b9a8f,00e00020b34bba85fdccb716b6697970cced73d4b2002759c8e807000000000000000000cb4bdbc5a23a69edcba9e42de4d3b64076d6abb5b3e67902cf573558fddd84ab4d70965ba119281749870fb8
540230,00000000000000000007a67525e5243b8606ca058bbc767604011fa147f89c32,000000207ccfd79bbb8a6007c4a73f7063ed06cb6dbf2055cc841e0000000000000000005824a29c3079f17e31aa46657e7cfcd584be651b61c25b26fe08fcea3da8b9555b72915b2dd729176c2d3673
538885,000000000000000000144247137b6bddeeca782dbf47ca36ff195d37f4d3aa2d,00000020b549945e4976ad7e82222d61cb8b8effd31f88d7d46803000000000000000000801de2d87e93188313fb9523f35a4654c521175399d8e8d84cadbc6083d4d2767036855b2dd7291716c45f0a
538103,000000000000000000035016e7e79e9e459cbaa35802311ffa096f4299f8cfd4,00000020a4352a58a51dcb882d697798db9379694162cf0ec97919000000000000000000c46da4b06b6ce78197a726dd3608a00c816626ae7b829ffb3f5e1d4bfa5381de119f7e5ba70d2c17617e7726
537859,0000000000000000000c734e8e9ac497113aa2419f6bfbf0a5046d8187e137eb,00000020ffab2f1b1c006daf069406784ff7874537c690522c622400000000000000000007b08f4225bb956f35120096ae7b08716c18dc54217b222489d0b181d8838f399f947c5ba70d2c17971e348c
536375,0000000000000000001b28064cfbc118875239f2f9f8dbd82f60fb6055029e61,00000020b57e3d5ffe72c2c08b11f52e3fa030c475d37e3e4cbb0400000000000000000060dbedc7204cc5e365a8dfc44631428ba57ad791812b1d4544b23df2bc78f424e8a56f5ba70d2c171f8a96e4
536188,000000000000000000150c3cf830937ac16df5ab45fe588fc33b97cf14c3b44d,0000002006b7d78d3a13e1e9f0a2ad40cc7115607f16ceb4478110000000000000000000d534c1a993da83abb36dd452e01d308535e83af255f2c947681c2f2ac37c53244e8e6e5b7b4f2f1788d575b8
535510,0000000000000000001e2b8b62c8dc9d14f6185353fea67286a77ac9ed0a913f,000000204285198527a0ac47d1ab527aa6be8102191e179edba510000000000000000000268a6064aa9e28d4961f70b769d8d535a15e1e0f0e3954e9276b6a855efdab4eb97c685b7b4f2f17d5fc9585
535495,000000000000000000115e2f370fad2516f8c847f339044ddd3e2da8555ad168,00000020e8681808f433d37f0d14aef970929b9bc54a7a0925690f000000000000000000165adbfd5d4080d4117adba0bfa9b89670f703fe603469ba65f68acf4dec1d3fe755685b7b4f2f17546a32a3
533648,0000000000000000000cb756d90a21fa23ef67d27596d78d8abd5b0554dcbe36,00000020dac5536c3b3b618ba5c5ae430c849abc12d2aff85f200a000000000000000000aa981c7ada5cb35f5a5e1ca02075b95db74134b0e797505316cb34642bb70790ebc9585b175a36174dca3e32
533547,00000000000000000020c9e03ee11dea4daa7aa493ebf9d9d41256b1ca151497,00000020cd34e909c2b7a6bec9d81afd63a0d458b2eabe7c048610000000000000000000fa347a1a77e9f621c721f09f9cbcb772d1fcc8f2e76bce1e2e50530aecd169c9d707585b175a3617a41b4f23
532627,00000000000000000015e2e0746e78498bc5adb000a1cea1e45991bfa6d755df,00000020cc495a6f01728a874b1bd3644caf5be5a814cce3e46c200000000000000000008c141937ecb011577447a20ee75c68bc567bc9079933e2506a4e660e55cb2e63c389505b175a361726c7c49e
532489,00000000000000000002c993cd9e9b3af3da6c921b5f61765406e1e4c980e674,0000002003eeb6a93622f097ecbe23c211724d4852ecfb01484213000000000000000000da9efa345abbac1078893c05ee94f35812d89f33e499d3974ed1460ef14569495e864f5b175a36178850534c
532257,0000000000000000000d151d626c3c3ee7892a0223ecdb0ecb0b89608557020e,00000020dc8c17b655cf8154be12c836cf1deefb15445c29c4fa21000000000000000000d3b682ae60ea7d74e524455434d48c65ca6445a916edb3ce9d0f93bdacfd715d55a34d5b175a36170608ae24
532060,00000000000000000004ea2972668618586f47b9b237c931a05ac5638ae64ba3,00000020f37c26c6f0a40708ef4f6b592b3bd433867ea7cbef32130000000000000000004843e50377cb47ca394a7ad08ed1a36b5d2da3770678fa651d869904aa4b6038a0a44b5b287a34177cf4833b
531196,0000000000000000001b09798aeab0a4a601e64bf863f4c0c5ba2a49244ff44f,00000020531053ee84ee52c2a4c99e5d881992de3c659e12a2d0130000000000000000000ea34d40a843cf77d22ed26c883f155d52dd05473db8c1d5331d63ddbe44a1115d7b435b287a34179b497fdd
530707,000000000000000000180f14805b550bcc1395a5458de8ac4f2405d989d55c1d,00000020e3944d9c2016e78fb315b9076162301277750a5afb6b11000000000000000000a1828b8e34e952947d3b2f3d18b4c7c13cba2a73695c859663685d34a1c42908ec413f5b287a341766d3f0aa
530336,00000000000000000003a5422102c367e74168f0c695f2e3a04aca01bca283d6,000000205c0fa07427df8e074783d8a660668891828e410738a70d000000000000000000fd5b200cdad7b2d9bdb998e0866be1c4f95f52122961c91ef1c965962b66d3a210ad3b5b287a3417664075d4
529428,0000000000000000002f9d1ae00af4ac8777469a029de1c770fe6e2f4f59aeb7,00000020991f4dc55f28a5c9174dc7bc165a022e9010a2b5d30a22000000000000000000ecacd0b8df539cecf39f57e1f0e560b7c835662a10a51fdd13d819f9f8ddfaafa602335b566f3717af097f62
527337,00000000000000000017c11ceab093acf493f685b5354755e8f8b16bf52da36a,00000020941f4e2e1a9c8240f465924c2a62c1fd71e4eb8ea10324000000000000000000f032029173a9594f3ab4a66c8e006919233d703bed4519f76f52faff3a38622751ac215b41f83817760fed33
527089,00000000000000000033b3f31dfdc967e8f2a615ba6740abc4640a59c2a9e268,000000205295571c7bc9c39bc831436d4505fad5bb070089edb836000000000000000000d610330c0666df6b2a5ed4ef4d397a5b2db8d6db253ccfeb4001af48f695eed6735f1f5b41f83817e5c4be6a
525890,0000000000000000003d068ec400b1042b8d1ed867cf3c380b64ca074c6d12c7,00000020531b0a181cba338964a2c34163c31676a6a3cef2f1c4120000000000000000000397a1f69e7efc49b20b87747a545ffd690d06854f9ff43b6096794a4ea7748348e0145b495a4117a431c8c2
525566,00000000000000000028deda08c4303a5303d0fc9a1441f641d84c3c3b63d552,00000020fffabcee3f9a59ec76b5afabf9b532fa8243627fee92250000000000000000006353dab9e358b71bb22578423986d66d83e069c3d9605a3de07038d758e00661f818125b495a411791217613
525268,00000000000000000019e18acffaaf455b9553d73fadc7ab4a610ab0952b369c,00000020bb4115b0aafcbebc4729ef79ac8eb5eacb618b7b5b910f000000000000000000936a1a27f9b700c9b57e398c6025c27afe52299719423414b599cd39c3d0722707d10f5b495a4117b6567e78
523738,00000000000000000038dc4e4202ca390cc9b0164f38e757dab05b019e062750,0000002027643d6caa27e1ef2bd4250bf5542df3f33a241823ba280000000000000000004d209213717184dac8c62aa615b84fb38724af04017e5fa63c6635bdbd681e34c129035ba9ec4317a5ec0626
522105,000000000000000000299908d99b5eaa58c1866e8f3052ac17ebfc1105ca590c,00000020d3888aa433a861b6149a7ef5961bbdfa6086950474d4190000000000000000007c79391d849dee9b73ae27efefe4c87cef051280380c5f8851580483e801f7c05f86f45a53fb4517b37338c2
521694,0000000000000000002296da272a0a6ca7597819a5a7f8460c12daa411209eab,000000203758f219d62c398d192af06688177a7204770b09e03f4200000000000000000035f82666f617ee8d3bafbeeca428f8904661a0a6525a391f47316c538dd3ae786501f15a53fb45176328424e
520697,00000000000000000010d4226ded357a421152fe48922e8450172fa0246bfc93,00000020e36edc10a81ae27ba20d1bc93d3e39225fa7548cefcb070000000000000000008843c26e4d53b9ee1a72f6f14e2a1519edaa83c8413b4cffe288d5901395a2a30216e85a53fb4517b81a6a86
516944,0000000000000000000e4ebc30f342fcb6e131b58635555f1683619cbb99ea17,00000020afb157df911a2c4959f02be8c5b267a20e8cfedef2931900000000000000000013678b6db7bf64af2a26afcb1fb21ccdaf95ac0bf17224cf3f4ed060063962ee5edfc75ab72a5017a768cce7
516728,00000000000000000016124d88133f44878bb004669193f14d2d40e77039766f,000000202bf0d3a78a52cdc2eec3a628e622e7f49218b9333c3d1c000000000000000000ae1864d6e74af09c358d52ea967950ffaa7c33e5a39018ca66b6259112a4e037b6fac55ab72a5017730aad09
516669,000000000000000000220007fa0106fd627780ed21767c9086b6a160c8411328,00000020b9000c2ce21882e5516bc2f3fb9e638f36ff39708957210000000000000000007e45073e174682ec0324992311ef23fbe417242ebb456680610cb0fb2305d9799967c55ab72a50170d4618e0
516557,00000000000000000039a209de03bddc721668ac19df3ffc39c0dba63bf364a9,000000208e1b98f6d8f3605d42f814adcf3de489b42566ff0f920600000000000000000071a887027881632d3564d834c2b52612a093507b9998d563a25d517f3a9d8dbab372c45ab72a50179ec96897
516523,00000000000000000030a4f906051ebe91899a901dac84a1686c09e2db3a355a,00000020a2468667b1f341626c0d314bfdef21eb801aae03dab040000000000000000000ed067b33d3008a3bd3dc91e06b31add3ffde468fdcbed341fc6b8f115264ae51371cc45ab72a501706f9a81e
516432,0000000000000000000f244a350e98ddeca40854cc50ce8c640942aba29c7264,000000205c7ec5c50b6f7f4d10f985e3d7fbd2f81221b317e2d1460000000000000000002df766eb7421756f10f6440a199abd3d16b9890382a7490c5dddceffd6ce4df7be5dc35ab72a5017494d72b3
516252,00000000000000000025bb2c6d36fe7a9f8196a2dfb259f5275c155aae929718,0000002017b3604d0274fef84039cd6081b68e5c176169ababb6260000000000000000004c8ef3bde312319096ed306b215f71f1e6693a06012ff6a7d0bced29132f9a6ad6ecc15ab72a5017cafe7e0d
516242,000000000000000000284f4c8e92e1883be2456c0dcbb3112f425378abc50548,000000207fdd344df7a9559cfe800f658fff07940713ff69cb281e00000000000000000065fe41b7f1a9add0d527d7f92ecea156b19aa350d6a2315cfe4c5f02835adaafd2d1c15ab72a5017a1d3e6f8
516037,00000000000000000023bc6875764d351b4a133956397e01e5a5927f21bb9976,00000020ee244c3a727af5c0667635ae7610b1928c83b89e68612500000000000000000052196c823beb6d5b0e96b26b99c855d9e4512e3ecba730a2eaa79c5cbeb00bab0314c05a494a51178a8b0656
515776,000000000000000000486a5c1e5cb4fd29706de18d458653f1d95f8f4e0414bb,0000002051305ffa65869250d554e44a04d1982abf44e8657a1a3c000000000000000000b7785f218dfc39d1eebe2e4b35481815ca37567c3eb770982455c4de85058b289ba8bd5a494a511783b1d950
515316,00000000000000000027ee3c8bad673dae35718afea01845b06497edae0b58b2,00000020d18310e749df77e062ca126959e8471391070d5fde4720000000000000000000ebf2d4d05b2d7991d5480cfb07200aa290b6ed506d90000755518c6f79182c2b4a9fb95a494a51179c6ba3eb
515256,0000000000000000003f46592dc0e914390890be733769416e3d82b7009ea8f8,0000002055fe970abe041cf658ede7af67a49da07d4d2c6f43b120000000000000000000f560b920f52a02bc0ade7a34ff7fd15860a18b6dc079ef736980172e7f67c4739d14b95a494a511710a1b3cc
514235,00000000000000000025c54fa42d8d92ba7267a90a858451716f89ecae79244c,000000206f306515d14cbc0e2bf13825affdb14aa25763785faa0f000000000000000000781ed21b07c5fc05a9c46c0153372364af031f13882d9cd4f5aaf13e304951b0d395af5a494a511756bb7252
511270,00000000000000000015a05645d876a430d1e384416f2379a5570520ba48550b,00000020453235704f2d989de31e65bdd32260d4fae0559120a7470000000000000000007943a796657582e281c7213cb8bd82fda3246cbdaaa6c08600eb085381ca51c3a833965adc975d17e0a0445d
510542,000000000000000000487c9906924886bf7ab1f359c8dcf6d5c4ded0c0c40775,000000207e95fd210f9ef4f22811f7d63c1d4275cd994660f604040000000000000000006a6528ef364ad9150109458b7e245fc997b496d8f855c1a0130be8e508c1a8da37ff8f5adc975d1714a437d2
509842,000000000000000000552622fa1e15a2c85c6563bd7b66098965804cef3358e0,00000020c620ff6397b20511d4c52c4bcc02cbcf26780a92826646000000000000000000a28c9cf072debcdd0418ab4907e5a689a8a69b0186d16b0825c31d78385e77a4aa0e8a5af8e96117212e05dd
509677,000000000000000000412393430df277b1c5210db7f33bb1bf1babdce10e2034,000000206ad1c2c0bf5bae4204d3e324908a21b4aefedea5c2c52b000000000000000000bb8bb815776149ce36d4a76951c6860c278311c6827ac26fa3000efed8fffb881cba885af8e961179929290c
509239,00000000000000000044f109cd547566f3b756538d80b5b7017a584ef812ba87,000000200b64159d57f107ee8754fa6e56ab2079e4cdfca68a9317000000000000000000baeb125fe8234d38e0904226aabcf5f607e68717892b13db5ff46d277d57608bdac9845af8e961171014d400
509132,0000000000000000001c674f1a4d1ec606cfa2607faf72f1b80c204d8a051223,000000203ae29d2f8aebc904b03316999736287e7ac808cb80b723000000000000000000da1e57f835b0f664b17b3c661e1ae055af2ec9e24e72495b41b52e7549adcc1943fc835af8e9611706f8f7f8
508717,000000000000000000518f45517254a74178d9ff01b74d6e3e4b04fcb47e07dd,00000020851d5bcc18f8e33bc47c35852166b30bf1d8b49d47fb3200000000000000000032f27f8a2e251b9b0ad7f18cadfd06c673434467bd64b8bcc07851204f367257e7a5805af8e96117ee24aba2
508275,0000000000000000001004064ea0b04618a230f5f8e18ed0f960aff76b7fb564,00000020749180e237b95c608827b10e85cc2c10e582d146aecf09000000000000000000b66cc637db5aac240f7014b894be9f414a7c93f539c3aa2242327d5f1598f3c4eb967c5af8e96117c382c852
508270,00000000000000000035e3e4cb727262a51f2e814914d2b2fcd4e89dd1b0f4bd,00000020ac982e2357258959f0ef7219b46a11072337878169e74c000000000000000000de347735c2ec11eaf728dcd4f45d2674a289dca60237421ab21eab0bfe0f9cd6a17f7c5af8e961170ed88432
508265,00000000000000000014a88b8d394b3bcec6cfae1ab7bb3f12a08e0a8d25c47f,000000208fd382933452a0514f150ba1ec712ab87b6c3abc791715000000000000000000ea68f702c1152ca0597c91781a56b5c548f910596e600b0f950daaef6d74c425a26c7c5af8e9611744347471
508255,0000000000000000003bc150843b71b364653ed2b1114923e2daeb3b4362328a,00000020cf13401875a32b0ca9537ffb76b3dbcffe05758c58e55d000000000000000000c1384de04367155d2f3382b68620de1e9709660b169c7bdef6442d232246c5295a527c5af8e96117392a5986
508169,00000000000000000000344049294a84262d660afba88297c770a5c183c4db4a,00000020d510750bd41ac74a9ccda62eb0e766003cbf5b0f8584320000000000000000005c95bd0b40756c051691814cb98861202c94f6ca93da84027fe8a7eb891107e2468b7b5af8e96117456472e0
507498,0000000000000000001fc30b16cfead4149749beeafde9b0f7ab245181e08b35,0000002022a4fa19edd6ccb0fac722aadd6744f0c88832c5541325000000000000000000d4f4991857b5e96cc23c3ee3bc6d3e7775697ca6f27e4f4ae437253741ceae2dfb44765a46216c172bf03fef
505705,000000000000000000520a6174197bca28e864f13dd76db5ea8c9787b8ab5f62,00000020a57cf9c0a38a7b73178b9cca9e88c5d6abd106cf47fc26000000000000000000e7c55573a629c387ce73f87cfcc8942b70347e3e95a9380069e26bac1ccf0d928e26675a8c577e17a262be93
505478,000000000000000000762a4b37186fc67f5f72785e9c7b97f826a92a4ca2b534,0000002042199d439bb89d48a674256dbbdd6bd3d106434de0ea0a000000000000000000473fd54cc06763b11cc60936591a16e23cc0a6b0bb0617490de93e0ff99b1c6dfc75655a8c577e1791f87b65
505360,000000000000000000157df170483e244c67311826839c1bb4e9dd0d3684ea00,000000203eb4841b2d511f346496d9509dc6759ebc3f0e7001ae36000000000000000000a7282170aae333941c5415eadd00dea5493e80395551039b6bca71046a4d2079c1a6645a8c577e17b6246f14
505314,0000000000000000001ac7abe1799227805cc09de9e803a2db75808f707b53de,000000209d78afb83d22d474b701e965deb57856af69ca64a76c0b0000000000000000009e90f34e517f1228410aed5d43be04e8c4ac335549106b9866cca05b47e5e937d24c645a8c577e17a8f6134b
504952,00000000000000000015c30099593e9b5e974af1d27b7b49910856e3434401cc,00000020e2082bde6546c3f74d08c47a59bca6953a924b4e0b941f00000000000000000014df3a05ee4711032f1a7576af115506a495ecf0c80b4df0fe35d275667185a685b0615a8c577e170b0c9221
504786,00000000000000000057a95287b25ba863540b211052bddf27e8228ac9e70fbf,00000020936d5418feb742611e20d33e3e75617869eb603f8d4227000000000000000000c68fc2cee4e2d95e2bf0d11a568ecfd75159a4404839a18f165d4c72139027c78048605a8c577e175485c35e
504461,0000000000000000001705879f3be92385abd12b026e3b12cafb326a90fb261c,0000002056b641333e3a41db95a7a011955385946a5469ae7dc952000000000000000000eff4d88eb1ebea2a0b2f68c404e4022420ef759ecb99736225645b7257091ec241d65d5a8c577e17d2c1cc2e
503949,0000000000000000007bde14b35e5d2a71a6d4b32b9ddc26cde0acfceb03611b,0000002038d3fe91fc7a5832fb098e8145344a12eb979ff0266a2c0000000000000000009998abab3a3f901b8e68890f2e3a0814daffe354e0390bfa5d5a800ae0ad0e9ca144595ac1910018781de2ae
503839,000000000000000000604325382f569da26fca365c7bdbb0de8bd12da4c86d4f,000000200d833087cc9b7193aaf9ac54e443adeb1bded63325662b00000000000000000012b1790336a10c7bc4a4772d3f502c42a17d942ce555858145d90cdafbf4421bcc6e585ac1910018ac4722ce
503806,000000000000000000841bfca4eb3f5b4c028d78a8af8dd0e0fcdd2774d9b8b3,00000020bf2c80a0731ef062fb91d790bddc3f47b213f7d89b4e8a0000000000000000000bf5e658c66404c4bfd70e0b978ca825919b4940e19331565a5905b0d547ba97bb25585ac191001889a6d790
503646,0000000000000000006d0964444c6ba5129498a46a3506871c7087400eed8829,00000020bc9ded65540feac07e5e9703c0efe6cb2cef0a68f118080000000000000000009c16386487745228d92659fbe70a70549a83f72f24be9f33edba6bfac04901deff1a575ac19100186b13c457
503597,0000000000000000007064b49329db25acf1af8cb3396dfb9b4730be75d625ed,0000002002131e0d416d08aeba6cc3807e014633e8e06de7c6998d000000000000000000bedd05b9aeabace43f6eb85ab0b9e309fa3c56adf26e22171dd592dea9a82434ecd0565ac191001885da22a7
503056,000000000000000000300c45c0820d3fda5c6ad79b80c6fc0bf7d0e0e6d11444,0000002030b15c7e8823e6a5edc6fa96c0c8fb5bf835065246302f000000000000000000e6978322be8fead06a89e7b12bef2bebb36039ace1540869638a1c8ca0c53c861a70525ac1910018487def18
502753,0000000000000000008a2f96f309650d35586040cc41e2b8530b99ca2ae77770,0000002005e782dc96d0b332a14b9f2d18a5f9cb69a8148be125880000000000000000009569dfbbaabd0eb63155265cbf65033a9c5836f00884cc09dbb2dadcb491350fa608505ac1910018b5348297
502052,0000000000000000000a7410239f8b13c41071a2e7032fdfb1876fa18a562256,0000002023558793984ded255839fd639205a997cddf8e91f6dc3b000000000000000000f4edb900dd1de9b3b52bfc30f4c4ef09b5c7619bf1fc6ed9a290caa423e99436933c4a5ac1910018045f9f7a
500910,0000000000000000006ffc18f47f8c8ccb5e2db5e7903cab5cc391dc18087980,00000020f916c2db347284748d076869f8db292f1882ac191a877f000000000000000000fae4b9e832536a36ba71ba329615480dd586d02ebd77f36a0d8c8b77af15943d2f4e405a45960018851a5732
500568,00000000000000000080abbac4b6c8971153afa62b345dc34a13b35931942061,000000204d93b6006e7dbf3938c686ebb17c8384de3e0c159c9647000000000000000000b09c2ab1f3aa165f6086a057aeaeed3c7c308b9dd78f13904873a1d5ac36ea5589393d5a459600189e6783e2
500361,0000000000000000005f6ff63e05c98d6d0315582554dad8f523ec2e80aa63e2,0000002057216977d3afe77044d1fabd3cc154ce3b6767d7d86e1a00000000000000000028f6b74d84850f5f5f79ed612a140b96baf72aaf461ca14fc10766db5cad0d52fe473b5a459600184e49c5c0
499403,0000000000000000000478c35422db4a211c6fdb52aa0e22e39039a9ea3fb033,000000208fcf169caf42aa9b7673204fffd9f524fc888fb39b7153000000000000000000aa3443ade1c9930bd0e75ad9d76b9b6b0746960014fcc3d8fd8f3d3e40a2a2b4f881335aedb00018c0fbd09c
499303,00000000000000000097b41a0ed9590a858adec028576c667a84e5a29e3cb637,00000020ea1d1b2743b4dc490e6825a87d7f4ec66e4de4c9e3965200000000000000000020eebde9ec93ed0f19d3a72d32a8bc30716927c2a0a3a3285b54cdd161cb4e784ec5325aedb0001811b66a98
499002,0000000000000000009f3341356de702b559b79a8ea2884e96c32638e1b03ba6,0000002018d45e9ee4d6c6b6818f607cdfbaa460da2356956f0aa1000000000000000000467a1232066e75ddd404209ce47116acb9bfd8e2f760aecfd51fcb162a5c2e176db0305aedb000189c824b07
498984,0000000000000000005df7f9cbec4ec833d73d0133e5f2c31b65096f09d44443,00000020432c873caaa7b39c4cfab55cdff5fac0d52b459da4a314000000000000000000eeb35c80bdbb3faf6ac04885e8d1162cc608b94f8920081959ca40a6d7b590b4e584305aedb000186baef8c8
498307,0000000000000000000a8a698474460c625e612272242b806265444fb588c7ab,00000020cb78817e1a1566d48cfb3fc1f53ac1955669ac6216d66c0000000000000000001e4dac48aee30fc20c58daf157456b3e98cdf35a9c282db97698e5d06814e1e2c0272b5aedb000188db8ba43
498269,00000000000000000061fd082c44ac1261572655e711b1efca6f586e47e35be4,00000020ae30a37a159dc5f077296987243c8bdb8cfc3f351e21600000000000000000007be3804701f3fd08f56dcba7c23dab1fbe17a538da6358e505860a9052efac578ddc2a5aedb00018ad8f6592
497953,0000000000000000001607c9a34558d3f1716aaedaf23daaa42c7c388cea331c,000000200314b06523e19e2f201b8e6c7a63dceff51478c32f9d130000000000000000003ab0acab382541943e17fc3919af0128916eca59addeadd3f5acfa816d7906483f1e285aedb00018a57f3ff4
497871,000000000000000000c314b3c7de6a7ee8251ebbb55e9a34181afda0b3bf799b,00000020278620dfe77fbb27a757cf44fd8afb754699a3fb6a92cc000000000000000000489002d6b231d8e56b05ac3b9be68b2547f3904d06faab0adf49b6ee4cb06fec4892275af6d000183c05675e
497837,0000000000000000002bfbfeb22d696cc4361cc96945b3397e5fc86c55f9fc48,0000002056d8b06bca13f4ad1ef6f6a3af2cb51f8212f000891484000000000000000000771d9fe649fd4797fa8ee64b5581573bd9dd956ef614b1496677ed7139b27ade7468275af6d0001867bc5e5f
497373,0000000000000000000d450f4d1ccbc5107f1eaa98284c2c87b6a0702c49c439,000000206228c444540f4f2211d42d412d424b0982edca72ed9329000000000000000000733af19c1551b15ad13f01c3b04dcb52cd4e9f512cb9def8f06b5969a87d4857bfff235af6d00018c8c024ee
496648,000000000000000000c85ebbd0e18a9440335f5d2de10b102c5a031a83710932,0000002029dffc418bb8bd1ce8c081bf25bfc19f09b7b23bdfee09000000000000000000f2f324876db66d9899161e06306ea4ca2f65ef2f34ed68de13cccc1f1114836737621e5af6d000181ad02e03
495171,000000000000000000808eb41dd47d57aef25374b3c248b2b91ca9b5d97ff51f,000000201a2969402b7b73975ec5d9f5eecb0e8b1a383b772f6183000000000000000000635a6de69ca79abc8836afaff838005504d27fd63b67a4ae4dda75b2952237e63f4a125a4bce0018932d4b99
495139,000000000000000000c4aacfe36721d1f10358cfb42e69e732ffa2543ba1662f,000000207705fe975bbd8fe2a0f435930cee4cb6abeddb8f7233690000000000000000003c31161d22b436a9873e59a11dab45a1e4de237d962f8f027279ec81470bd315faf6115a4bce00187b0f7886
494949,00000000000000000034be7a2331337ff974803432f4593698f4cc825d6decd5,00000020fd9129e96ddfa32b1b9361cb1f109d4a8e363aba15a62a000000000000000000f19d206f670d3e09330b8e959be962f6970e8cd7693a44ef51462becf69836d5a062105a4bce0018d0005f53
494933,000000000000000000903fc1c651867a99512af2a9f6a804c31a9382de1fced9,00000020075ae1198ada3822a5760814a0a715efe906fe0d101e330000000000000000004a7fb04b22c446abac182541caf9719defc3670888fe62a6a303832d9c9058d0c245105a4bce0018bc7537f8
494893,00000000000000000054ae34a77c0d7c728d63767106ee4404433bdbb8eb85b3,000000208030dc2393623537d389e9cfde558659b26ea3ed654c820000000000000000002d26a6e16deb092602a715c1844074a2b418d3a10080f5c616e4f1efa361248a690d105a4bce0018d5f310f0
494892,000000000000000000824c65eda36eb2598655decfe989d33735629323dc3080,000000205f4add0ffcac02154e2bea9e288ce5d1621e5899bf8077000000000000000000b105f706c2647b0efc7d6c8c61ea99849b1e2b9d5383d1355072c674707066c5fbf50f5a4bce0018beb38884
494676,0000000000000000006d0d160c67e34273d46f1f29d8abe1139bb8c266b919a0,0000002064b3a22d5b7aa1437d16574c7cbe631c72973e7da0d70e00000000000000000055b0ab95ce69d38697e7210e6d69d26bb097ef18d54e834e36f817febe4078b896090e5a4bce0018f9ed3eb6
494348,0000000000000000008906e58933b66e20a467229391caa9d96c067a23f6e439,00000020b5c2defa872e3eed7be3cda5f9f25d89b389a46c31432d0000000000000000001956e7f658e511711652c3c075f36338ea5289adc8dd61061d6bf92a489a204ebe0b0b5a4bce00184cab4541
494144,0000000000000000006857fd1f8669536b61e34158dc286122ca5d8ae680114a,0000002068ae77eb4508caf526ee280ab9c01c0d529b694e724684000000000000000000dfc4aad1bf199fa634a739c8e62d6e8bebdec7ae840bd4a89672e39ef1ea86e8791e095a4bce00184c1d16e6
494143,000000000000000000c63f44071e5745a9663b9fd51e7963782e32daae32d3e9,000000201668b10a65a686e00470e4b2798c1bd1c9b1d386773d36000000000000000000da545a1643f26a3d6d322cd56bab1b0a87ecd3766b723e250ce21844e8e3072e321c095a4bce00186dd3d972
494124,0000000000000000004a5a8bfcf65981699911ca25a8172b63392f277e96aeb2,00000020f3c09615684e0a73c26a26c4150210e3a82baba6e1694400000000000000000026f021288d9428fd5b663bf560b2006cda1bc4eceb955ed697357f4bb57dd1f9a6e8085a4bce0018597b4e9d
494120,0000000000000000005eebfcd965ce6655d84580779e53b3f60f4bb877423b07,00000020f04f2e260eea3313e34491363a102fcc3102785b1f9b0a000000000000000000ff5bd73a225dbc0ed26cb732c9edd33eae6add98d9ef4208c03c1e1c372181d1e5de085a4bce0018a866f9be
494111,000000000000000000ac80a923d6b0010be2d667085d9e93de2dd5ea9f0e8c5f,00000020b4f34f5a1c8dcda48f04f7d1495b8e4cc8f12e05e81f4d00000000000000000024e3825e4f357ce9b8936c7272f2d84664c156f1dc216c0a5beb2a149d6f2f7274d0085a4bce0018aa3d4b2e
494100,0000000000000000008ce8fd9e64630d842996a6bdeba4a0fe67e4cda7a2fe13,00000020eb28cee6cc178bc9fd11d7c801352ad9067ed69f8cbd5100000000000000000010ba9b89ff36e4943efa9d7f39da47cc31511e593d11455a0d531377473053f2cab9085a4bce0018dd40b965
493973,00000000000000000004a854930ba81092fb42e647b43d8afdb8b91957d77aed,0000002041c76f29b351f9a3eb5c141623fb21b42daec8722acc9300000000000000000083e395720228c56112494ba1fb6fa32f937d65fadd5cc5689a266638d07191f7cc7f065a4bce0018af4d41e0
493967,000000000000000000781c613e19c52be0fce198e18bb6039f5656826e28add8,000000209fb0d95a6a8e00095d60068d25dae751bfe1dd45e83c820000000000000000003fd0f1562e34fee6435eafcb06fa48f0f113483e2d498ac4ddc456e4c0549bbd2b5e065a4bce0018b6530d38
493960,0000000000000000006bca231cc31a4df54c9b0b9cf03bdeb3408bb787aa51f6,000000202d61c193eb499aa4943bb8cff2233d61488e0d2e369f3a000000000000000000c4bfead26d06f8bae2240f6a1320f98d1857d4df4ce90f3a5f935821be11cc889134065a4bce0018643774d0
493957,0000000000000000007738824e13b4ea73a5f4600e1e9a414439a654325e7149,000000206031fe15d14fafeeeae76e9510cc2c05ee4f3e5343fb7e00000000000000000058f3a56da707f60cd0d2d25a495d3547f606105aec6c62d1f5a520f1d990154d6424065a4bce0018e5a9d323
493930,0000000000000000008fe337c1e312fea3145bb864bc5916123ec51ec5567ae6,00000020de7543c3f34eb73a5bd97c1ca2857a577dc539a1d98a6100000000000000000066ef1e5a8c3615b3d60c28d705fc1f9560cbde22385aa52ab30c934d5d02fc4c68dd055a4bce00187d87fbc3
493930,00000000000000000065c209d774cef33d906a44102c7c0119c27dff32c34b9a,00000020de7543c3f34eb73a5bd97c1ca2857a577dc539a1d98a61000000000000000000c488086ec3d4e3f1ab4e52c62a43ce3c9a56e9188549504e1d85b0b28e5a047af4d8055a4bce001826ec0238
493462,000000000000000000911d8749fe65f7a9d3c817f04ced475c18ed8c9db5af3b,00000020b674998ed962fda1fbd73bb939d5141b62cf958f2cdb560000000000000000003c186fe02b979ca907a5c7d8135cce592a920cfc7f36242cff069066eea46eb9cda9015abdc10018be43ead8
492926,000000000000000000530d9a951428ae81001fb91c9fa0a39e81568aba87350f,000000206d0a4a732223d6318d699ef0db692f4795f62bcb5f462b0000000000000000002852a2581f23c3ed935d3754f928cb95adc08abf6e3de1e210378a987e9b14d4a174fc59bdc1001886056785
492925,0000000000000000002b465fcb2bf695472f69dbf09e698d31d62322734a0a6d,000000207910dcd85b8f300420ac5e66ae3a2fa252c4b6b5407364000000000000000000f21c44b3641438ca7af27bcecd3cd399e78b9d95cf0928f6aca5f74134f33be5286efc59bdc10018a882d026
492924,000000000000000000647340b5b6c452a22f3aae665eac2004308f5bd8dc1079,00000020a654a7cba7ce203f2eaf177277ce609f3fa9aab19adba6000000000000000000749594bf09f9b3254fe7266367461d131143c9776d3655aae92a0013f52a51e0706afc59bdc10018ca1f6667
491362,0000000000000000003c573dbf45ba068ce8d8d13e998603448242b966637f25,0000002061c4d37f74cb95614897ed36fe7a1dc216c7f5e4e0200e000000000000000000ad4a723b57c4c8f8a29ca3a38f9b72411626a89dc97705ea7979d21c9b8fcb315d3cee5930eb0018cea7c5d3
490917,0000000000000000002201cef1e89b7de381a40745d30631467bd51767fb7407,020000207358c5534519bb2de7e84cc693b47f8b7f69bc1746d207000000000000000000cb48bcac1c9fae991cb8a5b6afd516f2526bcfd917a72f02f6e26ec55f4d85c7e9d1ea5930eb00180d6caba4
490703,00000000000000000071ac2356e99987eaf7199adde544f499812ff2525ebaa4,000000206477855a76a0e209bec78e07e7978407b1189bf43cf9850000000000000000002bac96de048802a5710e953498cafdcfc73147ba28e1a93344a36fa6b8e0d3bc242be95930eb00186c01bdd2
489644,000000000000000000f2738df5ba0364748f77af64680992b99c4e654553f71f,000000203f89fc7ea52763ab6ef02d21f2ac385af6a12fe1ec00cc0000000000000000008ca6762c5a902025ef7e0025fa7e6baee840da4b5d543e4915ad48356f35c6362ddbe05973fa00185acc629b
489515,0000000000000000000eede257b04aa43736dee034732f51bc1623792808bcf5,000000200946ab9c2fe82c0d242f830bbda65080d8a58e57fb08c40000000000000000004e1dcdf522dd5cfd5592a536ece3782bf5f69bf059671a6bdd4ac040563fc9de376cdf5973fa001805dae9c5
489018,00000000000000000066540de16a5bbcdcca147b86af957832285a20e6c33f43,0000002034e5ce69b8ad1ac99130d0eb6b0f7600aad5fdd1dd9c3300000000000000000020f6f3c3a140697a4450b68d1986af357b4748f3824d26230c59b3570edc27c7cb31db5973fa0018c2fb0d04
488710,0000000000000000004e45d4d36061ab43960dc083b33c807dd09f5969a9c0ef,0000002095f648df9a9dc4155d02905f9c45c986b8ea6e283668d200000000000000000053b0e83f1ac0f66331f0c9f75f800519c854e5e249728866f7f9964bb7c39bb83de8d85973fa0018273204f7
488580,000000000000000000581c04dbb1e21e48dfa910009f3eb5e896fec45a58fedb,00000020795e3c66c8cd76f4e7e723833940a21d31fe7903a94fed000000000000000000e71dc3a7682e3dd151e05a93787edccb6c5ddd2f198228285925642d66cc86afc8b3d75973fa0018c1b559ae
488470,0000000000000000003243c98ced1d077848bf92d79fb498b4e3bb19f432884e,0000002089d467efad6d2ac214a6aae55a0dc5630b207243e538a7000000000000000000f407b71dbaa5576f7a835a6b381cff63a3a5b38a856d9feb7257fcd4d386db7970dcd65973fa0018ad3a0bad
488420,0000000000000000002da01fe25697935d1454dc490b0353655844dc5f4bc6d1,00000020c25cceb228c89dfe51179373a13bce4abef9cf1f62b5a900000000000000000035ea902278823109a88c59744b22870f9e6b63f17504ecaf9e69d9d96558c49c9857d65973fa00189e489bd7
488284,00000000000000000022e5679dfd928b5ad2a8969e71d5e77fc69b4687a04b6d,0000002069e1b315e3f1ea455bda08b33c661874384a6445b4ff7e0000000000000000004f303c9988fd57dcf6bbd371a9c41e9357ec0f28ac7183d6fea16a1ca94185e626e1d45973fa0018657821cd
487620,00000000000000000010f39ece8463f3e54a1da969c591c0afd1196dbccf339c,000000205a20af1cf9f0188c8d2c0fe11aca8346e2676dea876b5e0000000000000000004eba26acd176754ab075899025db814bbe08de33ba437c9591f6493f9e49f243de04cf5918ff00185aa8b642
486411,0000000000000000006a21312b5297e69fe375fb42d8832ce6fdec4b373f275f,000000206c544d8c11c36cb362134199939053d41fb4fea3a76b660000000000000000009bcf3f245a91cf23e185b43951eb52d08dfe71e3d1e98bee65b9ff7ff1601c291d74c45918ff0018e1089726
486262,000000000000000000c64db61e05259d25af46dc4a182b25cde7d45604cd12ce,00000020e218eb2632a7a4e7a4dae4aa756cdd4e9ac54bf5b23dc000000000000000000005c19d65427a89deb2ccbf321d6aafe54e410bc610aac47551ad2b26d8b8defcd15dc35918ff0018a41060ca
486193,000000000000000000d35e65b2e88ed45d7ed3b96c08cd7e1767daa329e82db6,00000020304ec1e784446ef888e3396a66437c53edb93c1b0b107300000000000000000089c2204c803cd3419cdebd7fac22d9132a17bc61e5dbd8942b1edc91ddce8bcf97c9c25918ff0018e6f53a04
485150,0000000000000000004243f3420cc6267803750182e50e39ff806c2d7d4eadc9,00000020482abc4d05cc31062700e0c2cd106165b184c62348ad7100000000000000000005f43df86945577441544bfccaa8b6a77f02bfc880bce97dedc9bdff07879d4de1f1b9590b3101184ea99994
485016,0000000000000000001076eba0a97af193920f60a46e8fd5096029b6bad7655e,000000202a949ce365b90ad5fd3117ae99d02a949cbab255c08699000000000000000000217891cff110be23126da38bf7a4e169da1b6a3c610fe247df0a6114e320a3f3b31db9590b31011814cad3ac
484431,000000000000000000ecb95232f1b6c3c4fb8569b2559f7d37936343e069895f,00000020e0bf2d8918c9cf4bbeae7cbe93d8c641fc6b068b58a411000000000000000000bef3a6ba76ae87b1f8efed284e0ea6ea022a3af75ec73e3c857c03b547c9b6b14b81b4590b3101186097a132
484361,000000000000000000bbde1e761b3bc5a1663c2b9064f904785c042ffc6dabc7,00000020844ebf2a9a50bcda924482de977661cfed85ba4cb65e1901000000000000000039a89f6165f851b9caf437b8de052f0c8779cbbcb55fe09d1dff4e21c10f855816f8b3590b310118450a5ed5
484306,0000000000000000004d0874375c9c67ad5cd6341b1501b69cf1305014006840,0000002027a9003a02c38d77b019107cb3f09adb7cffd9c235d36e000000000000000000da731435004345720f11e96cb277662721e1c3c2b9b0af40a9a225bb1e4aad0ecfb0b3590b3101180231d9d7
484218,0000000000000000011025958789cdd9a8dd8382eae174a9b1d307e6b21faa28,00000020085d768a5803b32a63542af76dc57286c76634793d367a000000000000000000a3b5e49cc258be72bdadfe1b5be97385207b891139cb1a7a77135e57784927ecefe5b2590b310118c225baca
483897,000000000000000000756ed2241bdeb4a4b35dce547d9c4a4b1751326b1080ac,0000002079df2fee62b453528c70339f4f9600ee4ce87ee70956cd000000000000000000e5e5ba5302aa551d67e944b65bfa727e9a2fe63c6b781f2b73598e3b85a82044ba64b0590b3101181a231661
483755,0000000000000000002a5f584f90d17a7d8abde28c31c20e3fe743909dbe6067,00000020b1d4e0ef380cfddaf7529e9417615a3d2ec8ea84313434010000000000000000ac177b9f7513b2df0ba41dd4638540ea7359fcd9bbe01fee75b7cbc3a781df78ec47af59e93c0118bc2bd8a6
483608,000000000000000000daaecaf2ee62b99628239ecb851a1a2557a631bb1f4abb,0000002006e3758f84281e21817e23d278cdb1a8850c8e58e392c00000000000000000009087574e9d445a0bfb03e262961c3a2cd7f1e71dc38b94ada57c47af6f9a0ac3c05dae59e93c0118c363273d
483319,000000000000000000322e3f3334281df8300f4f55b9cac1d75641524a276757,00000020c605878e202337691c8de8a358aeed3197ef7b75a5281201000000000000000023569e84452bfb8332deb989c16fd797d459497bed489ec756d98f67a91ded944c25ac59e93c0118d383fba9
483261,00000000000000000091d8cba329aa16472e90dfa76ee0eff3e964be46a8a402,0000002047a9dbbf053f893be6371215bcc50208771628d4079d16000000000000000000f8296efc0a06b198e8937caf7bf3d8eb3473142f9be78eb289036d80793653efc2acab59e93c01181ee64fb5
482910,000000000000000000ccafc5477e199fb98ebf501a258cfc246a989160b52a5f,00000020a68bda08db5b6f6b9db75c7a16a8d11169380d1d1b45540000000000000000007976e2ed7c4d8c87b04f11014cc981c0b6a3d04ba457db011a120f90a8aa2cf429cca859e93c0118382282f2
482433,000000000000000000719cf063cbe741ccec03e60d9cc0aeef6b83a86cb09eb0,00000020a6b5ce9263dcc816aee6d9be8baf888a804b73c702ef01010000000000000000309b90a6d4004ac28895574d07934b5c4ceb0eb045774f3a55598bccf5a79aa172fda459e93c01189cf2c890
481203,0000000000000000012fde632d00c609539644dcad331a69196ececcf2d6c44a,020000206a3a5fd33ff6d8d0847dbec971bc290cf2c9047177258a000000000000000000677dfe6fe080fe0ebf54eb0642b13c486cbd82f056617362022b28a2ea34656d86d09759e03001183593dcc9
481180,00000000000000000046ec34684798780becaceb4f393dabb071f89206236998,02000020ceeefb1957bb34467032b26e8b4c7dd4ba254af390219700000000000000000090ff091f7998e8c837c70e7a1df725be39df48787ba139f40ba648d5c6d6d23c57929759e03001181b162aaf
480853,000000000000000000093a0b6064c155ea37f82429fff7c53bdac54663d47a5e,0200002024d427b2a92f0444ecd62c6494a132b57ac484e830ba0501000000000000000009b830e03821859fe214dda0c3c7f121125be4191eff46f08a0e3025fc84590218f39459e03001182894b1c6
479868,0000000000000000006f1f885e5f804201fca272fb60cc247e1de626320ce430,020000202b23d800e4111a6edcb70361268521f21654730eb255af00000000000000000013fe3ab78abceba77d962b304a6c2854b81e1e861b7c2e2f3a1e707c92d060cefba18b59e030011881c253b6
479297,000000000000000000e96ba28305f509e824f596f9b0ff83846e38945a1bc01d,020000207dc99dffb47781db4cc4ac18695a733ecaee3c523ff7e8000000000000000000f4b8a462b751ae4b701063ee3ed2b33c521e7adbc926b79f747b6d5ef793a17e08958659354701185fcf4df8
479075,000000000000000000b58e7f407be286fa8a6999a8d5160da04b5180ee5d226c,02000020891d367fbe9b20719e9d27e828a76c54d76742391bc704010000000000000000cbde62177d00199f33a5459052cf08eca08d4e4062ee8d1ed0bee8f7994f06318ede845935470118569a4e62
478964,0000000000000000008148a70446c0a8de95380de581260d071a64fee21fc347,120000205202f435d4b83c7b85e0860cdd5ba52c64fab6fbb71e0f0000000000000000000ff36816129e17fe87f94048427c4a6d854ab174d2abc869ebbc6ecc5dd12c55951b84593547011830837a64
478785,000000000000000000e561aa2044185e63b046c718c8894a8a8dbba77b4fb9c3,12000020d47883a79c85c49dcfe985d8789072ed8858a87925244b000000000000000000c933f6ea19f72f2c9ae0d4141e51577133938e97e034d47b6d750c3b08f7c940fb7f825935470118c8a3e18c
478576,000000000000000001416af072f8989829f4c60a1a9658e1cec08411798e4ffa,00000020d22e87eaa7c68d9e8f947bf5df3cabe9294050180bf4130000000000000000000eae92d9b46d81a011a79726a802d4eb195a7af8b70a09b0e115c391968c50d51c8a825935470118cd786d13
478575,00000000000000000013f40b18504029e9ab3cdff57b948f9e8dc6a7ea872ed2,000000205841aea6f06f4a0e3560ea076cf1df217ebde943a92c16010000000000000000cf8fc3bad8dad139a3dd6a30481d87e1f760122573168002cc9ef7a58fc53ad387848259354701188a3b54f7
478574,000000000000000001162ca943e9bd7e21dff16c07ea60350e4a6ff0a6ae4158,0000002044068ffd5ace2999d5e326a56ca17df7ecbb4c89c218a80000000000000000002f0d316b08350f5cd998c6a11762d10adb9f951b5f79ce2a073f8187c05f561f1b1c8259354701184834c623
478573,000000000000000000a818c2894cbbecf77da16ca526e3d59929ce5afd8f0644,00000020774f568005a00bf4ffed76b52e3a7e5e5140a5371834a00000000000000000009f5db27969fecc0ef71503279069b2df981ba545592a7b425f353b5060e77f3e7e13825935470118da70378e
478572,000000000000000000a0341837a540515e7e3a2eb576edfff40ba00580564f77,00000020dbc3eb18f4d57451085cac98bc5ea228fceec617ef012401000000000000000022606e744a29f9d4a67ff1fcd2f0e31300ddbd145f8f1db8a68270bfbde77dd88fff8159354701186af175f8
478571,0000000000000000012401ef17c6eefc28a25ebc98ac5c085174d5f418ebc3db,000000200b6620d77a15ecb46a120430e27f3e6306d86d628c9fe200000000000000000073152af68778a98fd984a158aeb29d28e094e23c3a7dff02260c345791e52498c3fb8159354701188d5abed9
478570,000000000000000000e29f8c626dd806633e7fe23004126ab4ec157ad720660b,000000207fa5085533ae45df25a045dc1bfafef59e7d022987076d0000000000000000002e4a4054e64c3f5810c23ec0144d9793aab2d5a7d77d1660eee24d3d55e8b715b543815935470118da1c00e0
478569,0000000000000000006d078729027d9ef5fefa1bdc45a025df45ae335508a57f,00000020fe52de7c797671ce6985256f4e0040dc5a660a0c6922d8000000000000000000aeed520e7c1693de5cfe7531e7d3e73dff7858b09cb6e1ec29229a75c3da2b92453e81593547011830a4314d
478568,000000000000000000d822690c0a665adc40004e6f258569ce7176797cde52fe,00000020bab02c6a78280fd5fb187ced4982d7116237b9ad727304000000000000000000ff5244613ad20fdc39b7ee6f4fbc7016432d2dbf45c2a950c59665b39c3954b5b525815935470118aa790d66
478567,000000000000000000047372adb9376211d78249ed7c18fbd50f28786a2cb0ba,00000020fbf11e24bb91021ff26c74ce0ab00e52ce88177ca9cef7000000000000000000890cf1dc60edbf0fd4fb667f28ac785849c031d8b24d5e5a0af56ee2bd8a739bf51081593547011812f32a96
478566,000000000000000000f7cea97c1788ce520eb00ace746cf21f0291bb241ef1fb,00000020f01da03cff6555a9df5c2e844225286701014cb339e84e000000000000000000cdf48b8e7ac6bf3a51d1878ee3ff7e6fd0022926dd69cc5cc8d9126e77c4dba809f58059354701188114e836
478565,0000000000000000004ee839b34c010167282542842e5cdfa95565ff3ca01df0,0000002061b45491714b05fb0f6e6673dd7ab13135f38e1d4d37cf0000000000000000009653314c1d73e4630bb485fb25ce7a2583cec7c3ccfc27a6d24163be1e9fb19530f4805935470118f17ad2c5
478564,000000000000000000cf374d1d8ef33531b17add73666e0ffb054b719154b461,00000020cceae5d370393fe043446a14f0b502a9c115561192b37500000000000000000070cb14529e8757c359c2e8b1e987f6eee6fbc4472ee9ad4a2e5df6905c19d6d70bed80593547011885ae00d0
478563,00000000000000000075b392115615c1a902b5f0146a4443e03f3970d3e5eacc,000000204ddeb88bda32f525179fa04a6a2d3a6a324d70aa826e5c00000000000000000040a045063b551b61d6a1c9db6d3231e2d7403185bbb2332ae1f66db24aac7fa288d8805935470118f15dd76b
478562,0000000000000000005c6e82aa704d326a3a2d6a4aa09f1725f532da8bb8de4d,00000020158a3e4dc9f434fe95f8306a0b3a2a86735f667488ee13000000000000000000111b85f9d3b969a1f7ff3d50af08893c500edfc5623b96dbeab6daf16a5164a40ace805935470118c4f4240a
478561,00000000000000000013ee8874665f73862a3a0b6a30f895fe34f4c94d3e8a15,020000207b258f3c03dcca84586e0b6dd46244ca6a8faf92d85ab100000000000000000058874e50628fdf83aeea4e8cbc7ade946e9ba14bcb1d8ffb28c3daf8ade84df65fca805935470118e2f51003
478560,000000000000000000b15ad892af8f6aca4462d46d0b6e5884cadc033c8f257b,00000020ec5e1a193601f25ff1d94b421ddead0dbefcb99cf91e6500000000000000000082afc8ef7eb41a4ecac1fea46983742e491f804ad662e3745ab9c6c4297d8a0862c980593547011840a772cb
478559,000000000000000000651ef99cb9fcbe0dadde1d424bd9f15ff20136191a5eec,00000020432d350741fbf28f2e1486eabe2c4e143bfe2241af6518010000000000000000abaa4bd8a48c1c6bc08ee39b66065e5e9484304cab8b56d5eed3e40b1ac996c899c480593547011822ca4ae8
476564,000000000000000001303f886ed166c8643acabc0a0e3eaaffbe9d8f42e48a5a,100000209dd0b8cb912cf67469abca1bdb7e83beda97678743572001000000000000000070f2c0e99957981b5c6c6c70ac801bda631bc0fca90b791cb61a6f2dd696d48cbd8d6f59dc5d0118fa4da62a
473721,000000000000000000373cc2bb6b8f9c2dfb3a24f8f719b01b41ec6f28b6835e,000000209a7f631dd28d84f0b1d29b6598bf7c6ce1c02f833d6a0f0000000000000000004d6bac16bad8abb42498eda82e97300fc1d4a3433a4e93cb908de702d2b442e13eee57597e8b011869cbc280
473620,00000000000000000100ac287ae2e2b62ec87b5bf18aa8e7a0b0e18518a0be9f,12000020c85c206371903a512b2ebd117c39377c619f6713aa1ca3000000000000000000237a7c574921604cbf5886e10dc43abc56a407a208a01336e282bec0b17e28f7972c57597e8b0118a4359312
473586,0000000000000000013b4569d28866fd10dbd45ed43725b9785bd8749c1f6c7f,0200002022fb9d2dc96dc0d42d2c9d82b962362532c6e40a49da3b010000000000000000739d7502b00671f125df65ffd26daafd6bc1bbbe98636e072b1cee72848823dea3de56597e8b0118a9932f4a
473064,00000000000000000006cdfe729e4aa498a0c03f1e9810fb002e7a36a780f4d1,020000208b2e1a03e162642e4a88d477d122a653829c20457be539000000000000000000de15caf2a11a3d77b83e790c6e72c0aac8726276dcb1606afc981c34381e8f7978fc51597e8b011845a87035
472975,00000000000000000067a24962827bc94d347066a2acec324625da67a0b10168,020000205f7cb7c59cf85d8ef564d68159a804f6d4db1d830b7433010000000000000000ed501cc6f948e3d8fa9e46d297f0091e7f4a65eadd76ce8b73173e8c8a54c239d82251597e8b01180516cd41
472549,000000000000000000af6a6f98033f74090f3bc2d3d82a0cd4575fba72dc53cb,00000020c095d46dbc7fefdb967521097e7e56a44342ec4060db27010000000000000000e8f16cdbe0f9b6d48ec97e3151ec6def8596dea3e459ac864c20aec489ca9573d80c4d597e8b0118c335050e
472235,000000000000000001824db26c16498a1d546dc38a7d9c14943f2bf3ebb85a56,000000207bf6432bdcb584f85360ec7fb22de4d251b8b777f1c830010000000000000000657a4cefae4331ffe0835ba838ba46b083b7ba37d5794ab1f560dc72582e0eef343a4a597e8b0118f2e1b85d
472082,00000000000000000164ae9c92644116bd50dd5c93c9d6b6709dab5220e8a2c8,000000204436d2edfa0817e1b523ea039e449aa7b681f537ea34c5000000000000000000d6ed9e0cbf5eb532a49bcc8a754ee5f6af88cdcec5bf199ecdca7acc264da92306b948597e8b011815e74ab4
472040,0000000000000000017b873b3ce4983593b0d999419e7c4015fc0952f5203035,0000002000510d4b66eb825fe13ef706cc123f9a22e0da0a8a495b000000000000000000f959df8e818c7dc7daf7aa640300db9805ebfa7b639f1de11c30924f7fc29c4e7a5b48597e8b0118e80bfb39
471982,0000000000000000013f307c997e6a107120c73796700646f26e858c1b57b070,000000206e42a10a0b12bc54db828209f1cfdbcf0309a811922aff000000000000000000a1c8488ef37640fc7b97dbdff8e4129c7f586475448e25ebddc106ada552439598f347597e8b01181d74b7b9
471292,000000000000000000d7f4aa6900f1386cb1dfd6fd486dcaab8e8fa147595c7a,00000020343e1e79bb4085b7d081ca7d2be258d118d717c2b0125a000000000000000000eaa81aab153cf0dc78a975f8410a0b74c471d7bdee4cdb4da8d9dc0852a40b895ab54159af9e0118786c7d91
471190,000000000000000001460debd0d2224221cc97dda49a72f3de3fc2bdf256a104,000000209fdba4ae222fc5c61d3ae22eeb00484129d20dfc4b68060000000000000000009111b3affab805e428c9a55d0007679aadf6286f7c0d364a61b419b9566f24cf53c64059af9e0118a97b03f6
471114,00000000000000000051196672c3f6efacbade6c0ce2e50131c0cef572b26da5,0200002048e8f57e5242e46c312c2123419d8c4c2d302221ad6e5201000000000000000087fd582c696e22794d9935fd76bfe23e941b49f4e0f9e876066e2ad7a337c6b8da194059af9e01188134c099
470930,000000000000000000114150040c6b7caead48a7432845aac037c3965109be7c,00000020acdf1800f6df545a4945cf61679ff115cc59bbc2ef7661010000000000000000554cdce23df6b07358a0f544ddc86ba20b495facfac2d0150c044c58562bfb1074623e59af9e0118b5a2652a
470613,0000000000000000000b040cdce388ee2ff443856ccfa4062afab1fb9447695c,000000201ecbf1b0c512237acd055927c179573c27b9c524d7132101000000000000000046412bed77f69ae9c9ebda647abd74746d20fa1bafae9d2581b78be218f442a6df773b59af9e011852193654
470447,0000000000000000018b2dbe2f0a2531eabfe41721f452fffa2052775e6e30e3,02000020b942d3dce6d14f96e8f0d971ad1dc0656dad66a07f01390000000000000000004cc23ddd37293756fc3c3e12d5b2b12d5e5c3fb4af381c6dd8b9aa9e3f0897d615053a59af9e011840024d80
470331,000000000000000000a4aa6bb5a01a0ef3b2cf7393259d71fb04377150500900,00000020c0f6be31db7c29979a6e4e2dbb56cac234169754d9f0dd00000000000000000074c51dbcd8ed7066091778b4d140ae2e93e13965320b6914eb1c614f3239575109053959af9e01186989f483
470307,000000000000000000d0863b014f9c9b56d5706eba08bba78b1ab3b99b6338a4,000000209f9c8abd08963b51977fa4490d4c2ff856d97a6339eee500000000000000000018dcdfaf315872448c4399bc04ff865b87e048d9341575485f47b05186949d6886dc3859af9e01187e822c48
469190,00000000000000000052b9bb3bc30c6975e66b8aa43573273d314db861b52b08,02000020099b39df8f8d46d952d4f847c87be60e2c82e627ba09830100000000000000002e230f7bf2d2d71e7779d4c4005917bf252dbe3f1b8ebfb6442772d400b8fb82dadc2f5954d80118b6162480
468922,000000000000000000aefbe0126e60ff90d7ddae8f825fb2e0a0b4a3aa3cf567,02000020994747f5fc5fc75d0d68d564e44eb585bf67cbdfa347c401000000000000000012dcaec8a779d64799e02822889bcf7e3a947a1bbd37a771059c6809a8bdfbc0c5c72d5954d801181e052f1c
468427,0000000000000000005b81c4ee3516f8a8ab7204a5012a5b558e53a647437e55,00000020137abe1e8bcb7ef640c98c84e7d5b32acad3817fcc91d701000000000000000074d34d5469a0749ea6b26c348f0643ed752bf91d32d7bf8bf44630b3e8550518cbd8295954d80118abe53ab1
468376,0000000000000000013ff08983d2881386fdd04e879e186d57ce4c8367ee17da,00000020507de46d2fea8616389e9af007b0355c733ecd60c74fe00000000000000000009ae7014e1c967b43f6b642a75389db79f751ed1141eccc12a80de9efb2024c3f057a295954d8011874de82ad
467911,000000000000000000276c79352e03d04984d4aedf80c974f89b62a92f90c82c,02000020e74b05af99bb0a23289a0c4e49125eaa7ea1fea877ba0a00000000000000000058e06498cb74236a7cad518364b50380e4d23252d7b239bb7e4ba2d03aad5dbdc09c255954d8011882a03c99
467498,0000000000000000011d479be429a699b43909a08d84bb075c6249bd5cf99664,02000020ee2abbc511b936c110651c916d467c97a4e8aab68484490000000000000000002045c38a1ae7d33518db3a94b2b29050e8a791abec54227b9a66a9c6bd13928ab7092259a7f60118dec1004e
467201,0000000000000000018d0e4f7101731b9a260a560a4ffc969144fd5315cf3acd,02000020312870e1f15e8e842c62656505b1c2b84ea0f235026c7c0000000000000000007967ab820d236bcc1d170da293f9e68216d15472664e77ef6025f31827e6219bce8a1f59a7f6011829c59e31
467186,00000000000000000014ff91181fe426c7d68fa10d333d4349b1a0b519d0863c,02000020498abb92e8c8349dc94f4dca868b62499e9d68594d740a010000000000000000b921a36ee3304d5623a333f7ba992aa76e817ea7fbf0c1d6721f429bab653fc12a6e1f59a7f601180634ef6c
467156,00000000000000000007bf9cd120a090a3150b7c78752451153cd3646040b577,00000020bd64f1a8497ae6f2e22725994b0fda234997b694e848600100000000000000001f3d9f743a396125136268d361503ba34d0af9f50802b024f003714fd00409667f371f59a7f60118dd8d14ad
466979,000000000000000000a017dc392ec54958275c1e885f2a91dd57d74e21c19e91,00000020a3c8fda75be721688a21525f887682df5e22d2927bcbda00000000000000000081883bada834728db107d2245f9840dfdf9064aaf4201b17ef42f1bb5aab294ad1a31d59a7f60118a2947038
466705,000000000000000001abee9e5f3dde018b226e5518a1fdf962f544cbaf15716c,000000202da64b7b0b351aa62bb76f8bffe05642aff8c18d192c69010000000000000000e169dc1f84128529a0562bc587edf6fca67096dfc075847f7550c00d6bb3786b00441b59a7f601182a3f7d89
466598,000000000000000000f88c9a54b57679f36526d3cd8754974b5db7c9ee8b25d5,040000008de548ddeb70d8f061a5841fe9629c4f260d7b954b01ee0000000000000000005e5c10a05a76d4850895c22febedc83383be32a01ac7ebc5e87c02cdc9c9d8a2aa331a59a7f60118a8a9571d
466252,000000000000000000c89a56fec1a04a5981e7f614e6ba2f877559fc2ef9e138,020000202ba9ebcdcaa8d59fee4b59c53dfda577ccb862e0c4b4c0000000000000000000dc84fdef2baca49c2f746533cab804e1c5a8cde99a2175c3115dcbf14c317ed8706f1759a7f6011884849e53
466161,00000000000000000068a23c66fa9e7e04915e80668cf26abc04ef0a8a72d55d,020000209e397969ba9736d30964c956ba12c13437b0cf18ca5f82010000000000000000ac1f239570013fab6b44152496ab6cc343f97d187f110bc50414646e22a6a394c4b41659a7f601188ce36453
465722,0000000000000000013503d24a8c9b8001f663a4d5ea9f06f9f38d58805723ae,000000203d01d73e2604c16c3d2f8929a8a69ba0930bab7ea03c4f0000000000000000003a4c0f6c8c96e807d9cf9450ae12559efc38ff597cf9e64c825c337940f87d8afecc1259a7f601182690b836
464681,000000000000000001e43a1b261fc531a502ea1294985282f357af352a284c7a,00000020641b43e2b95c50ce443c78b4b9d4c41774a42289bc3c2c01000000000000000029d81a88335f4298e3ae2feae6ba2c4e06a0ab2dfca5344d3f0ce5b9e8e95c62b2270a593e1b0218339a0831
464447,000000000000000000bbcb4fa772da81f8dfecbc1452e7841dcda8f4c8fea7c5,020000203166249a038db0f5af09beff85d1afb860d4f9400f96750000000000000000001d90b1c8acf335129ea749a2a4c71ee53e38e63f4dd78827a0974538b815f8af050c08593e1b0218aa6da393
464297,000000000000000000e95aae8940adb30084caf4f432fd13c04c1e6efe4db8ba,02000020fa5980649e1eb1fa0f6583be9f73333aa5d125904a2455010000000000000000e8048f4a889eef96b3f9b8f76a88853716ae01210a817176d982f888930a723974b306593e1b0218be4fd725
464185,000000000000000001f0edf2c095ea0265ef4e0c7de70f358eb3cb4ecd8324dd,00000020652a357d384296e1f5bf3d5d4fcdf53958f7ec5d759571000000000000000000b78fcfa20c7bde20961ce5bda53f63a658e0980ba9e5c9364a1a677c3f94b63c0fcd05593e1b0218086c325c
463505,000000000000000000ad4d5b2828bbe0e44f31ad185f93dba642e37bc204d9a2,00000020860d759535d6ad91d14ec984b280ed7167a514fea0c0670100000000000000008ca1eadff065df24a6896fb61423b00642e4480772fd92657c05cfa334b63fe68ad8ff58731c021860111599
463316,0000000000000000016e953348d08f41daffb1f84dcdd547bd00300cffd6f1b1,00000020e204dfe986bc6dbc20fde5ab0e1514f78abe11f5d5d6770100000000000000006791b52adf15ee6e1a6749439b5e3809accd9b8c01beee076c0e3f9a6d03972340fbfd58731c0218d2c7ddd9
462962,00000000000000000103a3376976d62e45634563e9386aca31da067e3f9a3cd0,0200002071d8d3772f309958f08c57c73f5fb906de3f9b0b95f584000000000000000000d74b9748f4b29f5e62fea94dbb12c73321575e205f5cdbda5bee2e2572187fa62cd3fa58731c021856987d53
462645,000000000000000001ca7d5e740c0cf0227216805e7bc19d770fc732547d9aa1,0200002058a210cdcb9348b125e1056208b51517e00fbd491a891d00000000000000000011a74a1bc3e3eb614484fe1eed84fa6ac59fd22605e1634186dad8f556a02369e014f858731c0218b5753260
462172,000000000000000001ac1a141d088056d37d2b3f46226f3f04b96e1f4f566f87,02000020c0ff90bdc1e627216cacb7e1ed39b857ee8fdcba16e9cf000000000000000000589c629920076a5629126f574660844ee105308aa919977d37e88749c3eebc4b74bdf358731c0218589f0897
461952,000000000000000000602ebf82b74d4ba727a538f19e812d9802fdde5f49afe0,0000002026df36429d45b78833613f6226bca15718ece8c50da78e010000000000000000d2d41d0bde7bf706025fb2e3bcd497905f982c64bfd273842d710b5b8bb532488ab9f158731c02184087727d
461508,0000000000000000004fb319362d93e8926120f5c035cd7c698d60a682ec5169,02000020ed834aa103fbbe07bdca44db408f7b61c7f015c126763b00000000000000000004b2817e6bbf512f14c9b5e7ea36134e3c8691498b5a51a50b73aac091badc805d7eed585a33021856ed172a
461246,0000000000000000003c6fe479122bfa4a9187493937af1734e1e5cd9f198ec7,000000203d5c9a791118444247e397013769e568beaac8c87d61580100000000000000008e76f2255e2827c33c8737b5b83020089effe185bc12be516457f8b8fd44c5ecab4ceb585a330218fed44b2e
460524,0000000000000000012c2bc5e94185df03c7f5077c4e56c506aaae8ca74da7ba,0200002049f5fc7ce2374faccf1126a96d7edbd46cd7037f4a630601000000000000000018a628c8395d37e072e3bfc26d57ca8fc7246aa585026e9d2efc280f65f01488bd01e5585a330218359cc853
459432,00000000000000000111ddac6e40c208bbf31eb03de250e68da93bc17a94c89d,02000020f641895780a74db246fdb17c80143dbbad03bf6e48bcc700000000000000000065359faf17d41eb39c4afd3ff7d59da4ede63ad8595c5a368b3202291690a6b9a456db58b14f02189ea5f9f8
458383,0000000000000000022c1fb7b29483974c632e1d6ea09a145595c59faf3cd747,00000020a4bc0e59e9c0d35edee221ba871dcd380d2389d064491c02000000000000000034e287af95e87dea26a5102d9268e718df653641a3ea369de1907ed86357240cb249d258b14f0218b98da088
458364,00000000000000000020f78cbc24abdf635f32b5d874b0e4cb26bbab2d307f7b,00000020d98d63d62316029b1f34d5248823b7c3b9fa520ede43370200000000000000004c8d5e00372ee6391e2c753c8d8db532216c5f83133c8033c2ae0e78d57371d4ae1ed258b14f02186f3551f3
458338,000000000000000000f84b39939437886a4dae76a18c4ab624f6b0d7300a3dd5,02000020fb3c581863ee5c071392956438e58b30f0e8da5bee504501000000000000000072f142b4b09afb541b02a1d1937c0ef6ce7cc5589d07cc0b7df749e85df82305d8dbd158b14f02186f73bd2d
457989,000000000000000000618ba70b51a387bf82aad3abee5ea0367ed6d43a28230f,000000200d43af938502764f94b2d81ef5246dca25a7524e6d85b6000000000000000000b7508950b6ddc0dcbcd68f3644a6c363b77c7865c4243c02bf62eccca987007b7b98ce58b14f0218f07ac0b7
457814,00000000000000000187d7ee2aeb84cc33e08fd78f0563c9539320f86ed32e3c,00000020747808ef1dffccc41c31a205bbc6b1463a31775ca63559010000000000000000950973e504ecfe8a9f71730f40904238f3818ac43736e6df9dbd06214e2cd4edd010cd58b14f0218b53cb0cb
456950,000000000000000000561d64f17284c2e9c7ec780bc1da5696f744671b916ab3,00000020d937714396a7e1c871f22d204b8c45dc892301b47c9fe60000000000000000007e6f0dfb7692d1209156e5511035159a46ddeed7ee6b3831ccc8719e0f34ed06cb9bc558df62021812be9541
456301,0000000000000000005e22dbfc111849cbec7aa5c209cef8b44e170fb1d39df6,00000020b939de168e46c3a6cdad4d076275a6de38149c67e6452d0100000000000000001a80ac2a853c0a169323746ae9701a2cf000aa23a81a785d496626111c7cb2f1e5fabf58df620218af4d241f
455747,0000000000000000009085be97279a7ab4d20e983be9cb20fe0c2e0d49313cdd,0200002027d8c67d450d0dd702c48b2491b4bbc4fbbd76b213f1e4010000000000000000b0f5ea1c68ce39e0296ad69e9de483a12de71a993fab1bba8991e091f75d669108e8ba58df62021810c77699
455725,0000000000000000002aa9b76bd75f7a1e8b2b6c4c58e2de62e400f54f2d8e17,000000207f00d90f5d9fed0b1190212c0ebbb72a295d0a36bf17e10100000000000000005a899f7a8dd85a5f93a118aaabe01f771054808e1b4356e0ca71e5ff01a06a8929b4ba58df62021854361b99
454537,000000000000000002518dd0ce22f5c2a29a6e03257da71b0e93f8e2020f57aa,02000020063984fb9bb256b7ff7d3ec37c385d80d01901d187a9600200000000000000000b68948ec89b99ec7f45bdaf9a636d3224d8d57f805a5be317457c6d0f001ce3eca2b058937e02188aa69ba0
454448,000000000000000000352b9ad3494acf88b0aa73a4c6f8987bab247e6c32d9ca,02000020ebf6392b2ecad33ff36210de575605f4484d2fadd9e4930100000000000000001ee721d06b0947d6bf6493e5dde312e394d55e77f107994054d0d54b2e679fa749f6af58937e0218c9486602
454432,00000000000000000263bd22352871996e6013326fc52fa3739b77ac5ec8c9a3,02000020e8f805cffd1aa1d03250fb65e2d3a5ed6c2d6147488994010000000000000000433be89360ac56f667f38a6c856753ee9beff9f0e2f35231963023b9dc62fc813fd5af58937e02188f42b718
454426,000000000000000001b982e5989a72cd799130f71cf3acd6db6214de024a8ad2,00000020ace27c5abd32eb83f664a8ced10f8f4a7823c4c6ed273c010000000000000000e0d8e0faa5602dcc879943b103841383c016b14915bcd44d8fe852173b5e94ffe1c3af58937e021891577494
454184,00000000000000000164ac9acede6703ebaf57d2022ed4ec02d82b948100aecb,0200002073e045b6e5c1ff9bc728cf1a85211ef8afdc61993cabdc010000000000000000469586738231209de309f2f5a6450ed7439a44df6857ddccccebfa80adb4f86c068dad58937e0218f24421d5
453660,000000000000000001edeacb2b1f16c10ea1cab0ca16d822c9e25fc3d6f11843,0200002016556ecee59ddce162e37e3e7b164da7a42ac23cc5b355000000000000000000adbf2d752892b8543b43400307378fc82f56840eb256593ec5b8448f1df57a392b92a858937e02187cb33fdd
453314,0000000000000000000d0c609b0e6e9f57f7964976bb3f8689e8158e121c8b00,00000020e49e64294f291e3d9d2408e0b8f94a220385def63d076d020000000000000000ad56c0339129551a64d251a450721acd3d2763807a790621c7e13e9dddb1f1c9758da558b99a021876043fe2
452725,000000000000000001da36edcc4508e429d11de92b5a422cd45cb3e09d9b6cb0,02000020bf0ee96f181ae91218bb797999214a057151ecc60471980200000000000000008cc78e806d1ff86510b9ca17099548be3c1b90994e9b298fa69fd3d26f95ad84eb9aa058b99a0218603ab822
452679,000000000000000001830c2f3b22c58c9b586761cad3e11d178a1102e09b8661,02000020baf58eed814bd6feec74becf55572a2f1003afab02019302000000000000000083543d5a51d4d4ee1827aef73663054aeaa6911c544ffba79a4b756bd30f34f1ce2ea058b99a0218aa9c2c06
452648,0000000000000000025f56cb85b0cf25a06a938efbe869c79cb73ec75401f869,02000020d56c5bd4ad38eaecc33713d5d66f5888538cfd8dd666f1010000000000000000bbf2aa5628bbaf93545ac1d28e8608ad81182c5437ceba1e24760a3289f49e7fb1d89f58b99a021801d8b8c6
452485,0000000000000000024f13f2fccbc516b5d9db98fe01157b2acf19e271f8ebfc,02000020b3f331a8c82167fd9c3d266f98982ad7b7f4bbdb5367b8000000000000000000bd4812c5eb383e384e1b4b31007b44160f4eef1a51ace9c101cf091837e4c86ee2599e58b99a021866e26617
452344,00000000000000000285f20af03927365a53c91d11fb7a2cac7cd2fa0bc3dee2,02000020ceed18d40cf4ca6b30df63a101f5317972abcf3a302612000000000000000000012aac7aaf06d4fcac292f8b988b46b8dfa07224128060d61ab19c322da1ddd1130f9d58b99a02180f0d7aae
451605,00000000000000000132f0e6b7cae8581b666ba7089bab62b32517cf3546a491,00000030ca5fbd34eab23264e9b61752cd80cfa310526bba00ed0d010000000000000000e257422eb64d0bc21e89e1629a9265d40140bf01f4e79902b50e93c7a71e5876ce909658b99a0218c6cb75e9
451480,00000000000000000135a8afbbf128019a8d9f8d74769b4e8cb5721748773eb9,000000206459438994affd065406e26f4a2434786e57280a8bce300200000000000000004474383373c27657a74a6a3d4acb14c6b21f92a0f440a42a5b2aec36b979157fe05b955847cc0218b37b6baa
450784,000000000000000002c8b3c83d3c37d1c75840bd8f429f49908e4d57e6fb2c8f,00000020bb8d6eebcdf4db6334cf7441dc5d84b5e8d4c71706f1da0000000000000000002f49536cb43cb76589a89a99637fc657c7b2d2ced0e00b51d4bcc2ec87ec8b0f5fbb8f5847cc0218fc3667be
450683,00000000000000000238ce6e73a532efeb63f1070e3bbee107807d0e20e2cb9a,00000020ef29f8ed615bd703d11de8d1645a864ed87b66de3847b2020000000000000000feffa2093a6923b029b8ee3b0b4a1ee28edfba59f74c8b6ad376eaea2e5cdf5b6edd8e5847cc021825709a5e
450529,000000000000000000cf208f521de0424677f7a87f2f278a1042f38d159565f5,
450476,000000000000000001a5f6f802299e2eeb636bcef99afef174e0e39a3a400fb7,020000200c96ad385e776226fc13bc33d3fbf318322a6584f0dab20100000000000000000c8d9ee80a6f20ca1f6cd28b6622c0ab3987085092234773684fd795acefed79ff1a8d5847cc0218e3384302
450115,00000000000000000165d447417a32bd413a9a691540e96d986b920f527b2c2f,00000020dd56015a2f2a54279cc0e439e5916f25931f3ea2219f9b01000000000000000062beb4598791472c458e62acbd30c0d9ff4a7907aa359bc125029b50edb30f8467228a5847cc02183470f500
450056,0000000000000000027fce219b00307e169ef5727d9519203437d574f0aa83fe,00000020f9dcd208e4cd09ee060729d9d6aba381e932b8e88e3dbb000000000000000000d1d0c83ad44c5ed9ee154a6692c25a7bf7e82f924abf4ebede6f028e0c92c8224b99895847cc0218a26654c6
449965,000000000000000002635f0b2644397a6ea627e16ca2cc24729035b6ce553d92,00000020446166d58ef6f573acbbefbc187929114eef3c3d502cc301000000000000000093aff2480acb8e2e713250fde142d90c1fb70a4c29fd46af7e340bede575d68941de885847cc0218553a8c62
449957,00000000000000000000d0a6285c0b8dccdc65b23a59a5f4b96b34636900f857,0000002011f3e36e41ab4fb4296da35a980116ed94afa652e4d512020000000000000000c47ae8e4317811f2d87c4c790c5790bdbf16b1d3ae09242f2756d9e00aaae452a0cb885847cc021805135227
449695,0000000000000000001a5db47750928e1cfb94ee03ed88b0343c7d1cf6387f9a,0000002089c34416cde34738d764ca5de42f3c78bc3b6f2d324011020000000000000000a4b1fa2d4c7be5dc94b48e8da862e2dd2736080c24ee0410d70391909be0d081d569865847cc0218d283dc81
448822,0000000000000000030572e577cc2fa9f57a241a58402c31f3ec75a82b0fc4b2,00000020948f0d883cf3b847d9ea3f47f951f1d6d9995d455c79a40200000000000000007df4f11c24b021f2d6e83f52e720460d845ac6b4c9ad06cc210a7a3936db2378c6aa7f5879430318165f2681
448504,00000000000000000247cf65dd17436aaaa8bf69318a50b676d787fd057e8cba,02000020bdbbb32ae07fddfadc463fdf4f930ce44daccada738f67020000000000000000f476460a63653a2fab399e6e2d9625d829df0dd892f7222d8a7a094487a81908ccfc7c58794303186ace97f1
448459,000000000000000002ffb28cce355e76e736d13d7cf8ccd83ff4cc886d736b7d,0200002012434065fd756065f7ff62d59b0ddcf8912c33267b8c9400000000000000000047b78fa0382fee3eb8d4f17d382eaf51f6e86ce22ddda94a69705283ec6fafd925a07c5879430318dc68ad25
447908,0000000000000000002a4b2730c37ed045110ff9c05d0d53f77105bc2f444f7c,00000020ebd3eedb00341db252ad0687d231287edbb9f6af312b42030000000000000000bfe1b6ed061ec0c546bacda311fe4c4a057761a39c25435c6dfd4913720eb7aa85377858794303188258e7ed
447782,00000000000000000139a70c37f5bbb399cf9e5008424eececcae78ddfbfa611,0200002021c8c7852b0bdfd35402a91b2d6db29d5c72e6db072802020000000000000000379976c43ff10ec9307795f2f207a33ae36dd0ddd137d638792badced091d9a7af5777587943031806e48654
447082,0000000000000000013ddd97c074d1d02082fe6bd8df68fc6abc4b23a894b2f7,00000020fe6eaf0293e6b15ffd7f0cd75cb381a1722152db06fc18000000000000000000ef063092f8331415f77111a9b619f255fe0cfe6242ee20676b9624cdc704447d4f507158ff7503183098b9b1
447035,000000000000000000d1e612208cbbc1121cb9d06627e04d4481eb953a058d7b,020000202bd80715120ce9e10b5d3d641933762a6758f70afca9bd02000000000000000056160ad712241918ff83c7574c1fc76ceb2d85069cb09cc3a1129ab5755b433d68d97058ff7503187166848d
447004,000000000000000002648e36f13bbe8bac128f0afb04fbb96f3bd9db7c318387,020000206fac109801366ba7d8711cb9eadc9439a4f010b53ceba900000000000000000069253be9fe2da0818db021645820ba9334c7c8cda524e68051bc9a03f0afe58da08d7058ff750318d2fa32de
446953,00000000000000000241b3de2482318d39d56be888990805c6bfd6e8500d1ee3,020000205ae93f74ed682186ec46bd710856d9d646129cc357faef02000000000000000057272cd2eab9b759d0b596ac4daed8ed6fa52e29b67e64240e51d1686feb7cae12177058ff7503180ad3a357
446946,000000000000000001cdbd0ea9c1ab39647ce7f1b8bb7e24f4ca1d99a46cd772,02000020889dda812f426794d434d986546b81a1a471f24483c70b0100000000000000003ccf389deaf5637007d5e533ee7b02c33d3a90aea26513cbb463ae825cf1ac1b3cff6f58ff750318a686cb4e
446935,0000000000000000024c22ce28104f46dc3de72f6b1100603fb351fac45dc9d2,0200002035452961744f71711a960556774ca9154acf6a2264ed780100000000000000002b986e59605c31db19d441a30fd2b953c7cc93f28ff5cbecb98a650bab3f065e8ee86f58ff750318c02ba34e
446895,0000000000000000019b90d0af27d15b63984940f5465354fbb1dff38e7ea006,02000020c430cc3b46446fa8b89ca8b5b9af29e619898a9ba799c9010000000000000000a0adc14b1686f184a860146212ad899967abef53738895858ea1c0f95f2ab7641b9f6f58ff7503187ec57515
446893,000000000000000000a5526e193afed82841bd749ba5c3c311e939f100fcc62e,02000020905b31936493455e35feadb1f3e783e8924e428b5efd63010000000000000000e535f54d5a9b98f3e8404686803bb724915399c768570e38a60d0a34e88515de7a9b6f58ff7503183f0b5821
446881,0000000000000000020843f6f706c610c2d729860da95d68fb49832f5ba001e5,02000020ca0f7fe4cd60a2749b78e0b26608a1a2aead2e4ee7346d0000000000000000009fb32698c7479f7b658efa8fcaaa7b0796af235a8c31a1522514ff6936a59094d1806f58ff7503187d4a7b1e
446876,00000000000000000018a0de9989907eda6f273c47943e3914c8b204ce21dcbd,0200002043732f7eb4a69f943c425cd7f3c4f9994e2208cf8e44b7010000000000000000aeacea5baba2a4390ba48396546eeb6050f0326f0f1894400428fff295cf90ef56756f58ff750318d37dbc25
446814,000000000000000002c4eab89ce5495a6d17192a12679304380b90778d16083d,02000020e5354973559fd614c22b5870ed55550ec6bcea223d387f010000000000000000545f36201fcbf15600b8a0a00b4ee2c69b99cbc0054711f7b73e369834016125be016f58ff7503181e33e6c9
446779,00000000000000000237b2b309e0124c64a0d736423b5ad768b553df16b7d751,02000020cd367b4660f488cabf7644413f8c7d0e39e8d04e3e65bf0200000000000000002eaec373766cde84a7379d13372ac75b9b7d0ffaf38e2a1a777c05a0ef437e3791a06e58ff75031806474f5e
446779,000000000000000001efe44d6674078783f4a5e2db4a58d946aec4cf24dd4742,02000020cd367b4660f488cabf7644413f8c7d0e39e8d04e3e65bf020000000000000000611e90ccf38dbc13a627bbda60ac5374858b3b2e70b4446e68bbf82265d20e802c9f6e58ff75031878fde805
446778,000000000000000000a7c9842e1cb771aec50c54f641b9b45d478587d938be34,020000204f094a02ac71ae564510c392d4d8e7e045454113df286402000000000000000090686491e3345bfbb09fdfb01ad84e2ed682888fe034db33f4a8075c8628c311679d6e58ff750318bcbdf206
446586,000000000000000001c07f48da99060a14d25ec71bb57265fe783648b2d633e5,000000201ce68fdcfc93ff7af6a115ae370ac1827448bd9ed88b400000000000000000002c79a87867ff4fbe8b6f7fba9604df19d57dcf2f829f92916c599c4a5b940bdf15016d58ff7503183538e604
446579,0000000000000000035dda07383fb027048c1bd1987d1e1687b0d98911f151dc,0200002035ede6484d8279e5f575f27381369782caa27e0b7af8c3000000000000000000caf71f8f805b79939284b36dd0d4fc576590993070345f9c0a9f2a75f810acea3fef6c58ff7503185ed88fa9
446231,000000000000000002c6f7b5d8b6b31f7e76be1878d823bd9f25e66a3313b1d4,02000020db2220255f411df8619ca71ecf1db5a23829668f8433720000000000000000008ecccf0dde4bfaf9e87b0c81e51c921bba0a7d28bc6942c320dd47db9965672ec4126a58ff7503181c77ba23
445033,00000000000000000074973591fb492e26af4788e87dd134a12868bfcb250e12,000000201003784ca91002a3803c84374abe2b21ceb3807aa94bc3020000000000000000ed3d899247de2f7e0528cfdcae2c7f49eeb0faed176274badb75f616c0c81fc8a6b95f58858b03186c05140a
445009,00000000000000000190513129bce8667b40b28e09e83fffbc521fdb538f4e25,00000020a4254fa9b4269ba7de07141af7b9c8afa2ef7b3594ee17000000000000000000a84008c6d70a381dc550586ff8091a505305b9068668fcea4847865093524899e68d5f58858b0318e509062f
444147,00000000000000000160838353c0e41e844e0f5276a382c6de1f92dbda113949,000000205d3e0f4a0931f584d63da363b6afd07ae40095db57b693020000000000000000e05cd39f55408d5fa52a52cddef44fc17de6f846c3f87209c44550875b5aec46bef25758858b03180da88601
443878,000000000000000000a9edbde79264d7e1c63b0be12c74e0ba044b4d72fb4f2d,02000020d5b468ddfc1bcf5d0908e1defbc6ebfb22e057fc577db50000000000000000000fcb39b7499a68cd836e8496829797f10db2aaf904e7a40500753b8a2e52a124bd945558858b0318adc908b4
442979,000000000000000002b527dec97a02602f9a4aa07633b9beb769d42b79f1808a,000000207cf33d882b53650a65a7f1947bada536d3bf007cd3e03903000000000000000014c949e71146c3ec83357a09db8ee8bb895ccc115034c8f2019dd6978026780830824d5889d5031874a67cb8
442268,000000000000000003955b45b8a0c8e635dd9f37ed1d2642d0c7339cfbe45bec,000000203203f75f0ec661e6e1c7d6efaa8e99a51c1edd2c6eb4b102000000000000000011773c0bb528d7784ebf6d919b7d3934f6ba5919f65f057c777f5a746bdb9662f96b475889d50318d2fbd544
441603,000000000000000000ef0cb8a4b890bf96bcad6d324e3746d7a93d6667f7dd99,0000002085aaa1dd16ed38de431b191b89fc0d2b4c24b9a04f96ca0100000000000000008a5085a0ecfa74b1872fa363340ac335608b208b9587287d98748687fa8d781f28d0415889d50318d1dd110e
441415,000000000000000002e40990e1676a8c9ab4c6411ac3f443b14a4febdc4e72f0,020000207ad3bff12954a06371beb16d16e35372a7e5de0104c4cd010000000000000000878475c361a996ffd074207506d776f081e371c25f4c3c4d9c2afbb59bbe38a399014058d4e603180e0cfba5
441131,000000000000000003d57b69d1ac77f64287c893c16adbc1816c6d7386ccc3c0,0200002051eafd48fde8bd8e777ed70d8d7dd2a489f6aa95361c16000000000000000000c06291efff8127af5a72e65c0594728fa0ef38ec11fffdf4db81d9187e8b9029198b3d58d4e60318dd7c7291
441107,000000000000000001de66cb7ea533f2b4558e1bfab4d1771bf453196f38a0de,000000208803c469f6081a4ad4d1d393870ef87a25043dd3bd571f02000000000000000031739c2b3c00b9aea3601a6035abadd6ef6bbf7e6e9048e4faddba59cab99e66e15f3d58d4e60318747d2145
440652,000000000000000002ea8de784638fb4ece9a7a6de10a1d7e1cc7c76c759395e,00000020d93d37e45f1c50d3c992caacd5712e1804944339038e5d0000000000000000003eeea3159e51cd830d99daa3794de99b842aeb5d8e881782f4281084c5a37738966d3958d4e603186e703ccb
440387,00000000000000000297f436c6dc25cddc5910d447f8c3bcd6982d662ef16ef1,0000002007cdb73ab48755085a2d20b331418ab42ac6a2345f6ab7020000000000000000a5c24c9c0a13b93e955c953fc0e1de9d2398d00a5fb5276a5b06299043d1943d7e1a3758d4e603183a3e22dc
440364,000000000000000003331f989b9707e483b509b9a692685aa79976f5afb0e180,000000202790695e2fcafc14790f225d3610c8cb1ca688eed69a720200000000000000005106f235fb7356beadaf6af81e01018e6455f811fe55d1597471a5433c4a35a37df93658d4e603184c97d583
439973,0000000000000000023dc99537a9f3e565a06256ca29a85cb82c028633249f8f,00000020ebf33e9801cb3a5e2fbb687132c5ee105edd47f0e33d730000000000000000003757e6d33247478d8d17581eae57912418b9f4a6e8bae920acdbbfcdc2d3a96a3a533358d4e60318072984f0
439782,000000000000000000a77767deaa8778083d5269fe32ab6ef0f4bb05e612d659,0000002023c4b595a0ab82750b88ef295e350d2b66c4772370a82c0200000000000000006b8457f705a6f8a4141298d144d843ad6d36be05f5350d29ea1f42b24c9bca782f853158d4e6031840b9c370
439244,000000000000000001aec9a948ecb6a02fb497db771434be096cc0c489e799c7,00000020cf7468871e3ba5e01add879c5a7585eeb25f37651488220100000000000000009784cb9a1cb5a8ca3c9b4d41fbf7d8ea6b19741aa221812fe082eee859b3322163a02c58745104189e30fcc0
438669,00000000000000000346d08074de56a945ee9f3e670884b3ef3dd9b415e162df,000000201c17f620ef117a6a2acbe99aad11ffa58eb296a7e982bc010000000000000000bf58569523bc24661fd97444889633676291942c5f9d4ebe203d7878fe0e48bd44092858745104180a016a07
437584,0000000000000000028404cd61f6b79225ed99dd25dab7fe9a71683e3bf210ba,000000202c19d2e813530414b874f41bd40fe075b329f86b83993d000000000000000000efc730f65060bfd5861cc3e7937196eb20c98e6405defc03018b35e293a90692aaff1e5874510418550c048f
437478,0000000000000000011da79d23e40a8360ed09d7f7e67e85e5fcf14377694df2,00000020e156ef206dc738dbe7b7bd449f90b65771292f146213fb000000000000000000c52c39a4e31158ff7c34417c9750038b27c9a94dc08210e53ba624667c9310973d161e5874510418a9f7e0d0
437418,000000000000000004401006a687512cfe2fda50729553f7aa811040a3190536,00000020c2ae0d5418453b1498ee56618311b507a88ab5e6ab5d340400000000000000003901d7cc0748e935a72a8032c526545333ce6b88ed1b7b477a1f88fcd374e2c5b6741d58d255041888f96015
437108,000000000000000002b18f45cdbc077b1c410be3ef69943d7b70c42008dc36bc,000000201bcef424b57f0d01511fb9afc690db138b80b7ce5713b50300000000000000007f61b11f39b5ff040065e177e05816a2d76a3efafcb014ea564fb8b79fdf009968841a58d255041851c99d72
436629,00000000000000000095a3fdb5a6302a4576c4889def4bcfb24e5d6b41d4680b,0000002008df5252867c9512381ecd9712e57ea00a8ace3a15667d010000000000000000f2c1382634c729707c8daf516737db0464f28d74f9bf97fed6faa56b9e6890c44f2a1658d255041832363287
436044,000000000000000001f69025fdcf21c035dca4b12f47c35a694cdd22c7fdd661,0000002035588d04bafbcb6604aaf549188d041b0dc74c93ff1ff3010000000000000000e6c8025079dbe505fc766c44d5d258ceeed8f120a9eab3208af3cf2b9625923cb2391158d25504187933999b
436014,0000000000000000023b9474accb67b862a080f09a043204f540bd668028c356,
434969,000000000000000001279e88d86e4332f09592197fc034cbf97439ea5c39cfd0,040000000641d013bfd8067372699e3fdbfd11798d9f4eadc5cc88000000000000000000688f6c4cbd431c46746701393cbd2d44eff68e5ca89a528ea71123dfcd4c6787c2350758c440041861bf2e42
434415,000000000000000001007d5b2672ef5c8534c973719fa93471410540a9e03c2d,00000020ed516eb2065e1363c84b83f2759afd54988939bc4a3f3e040000000000000000d09d76b973b5bf59e0f843a752d115e1a2d37585b7ce33466f88dbb8f26f29c8caf90158c44004180341c3dc
434061,0000000000000000010d363fe5bd8cae88ea60006008b5a0e9dbbf889f095b0b,00000020c7e765d3c1c631f6d62e643151d83e011f174288ae788700000000000000000041792c5bce60e90a9b34be617101c1c24b63e5e2c98eb34d988f03e4994f5f5e5f79fe57c4400418df9990ce
434033,0000000000000000039fd60c2300ff4339c24b844e40294fc07efdc760900b5f,00000020c3c5aeb78c19e6c039240b550e4ccda574d689623255e50000000000000000007e95e88899dc6615bcde5015ed74b2b285d2a410884e8c03b02b6ba92475769c9137fe57c4400418a1c9f000
433890,0000000000000000001d35f949bf9a4ae21b3ac1ff1deca2ff778a503877e338,00000020ca3d1df3ad2ef7353178c21e510ee095c3d379a94073480300000000000000008e7d84a1d4de232e1707dcdf57ba08f38488460fedc2e362cdf6145b9882f3d743cffc57c4400418be522d8a
433802,0000000000000000008966f4bfae08ca03eb7c5914a52efcb3fcd806ed5e8f0a,000000204bd8300a448873fb80c561e77534538bc456a5c6ed5726040000000000000000551fe085b70b22c408c3678e051d4e8649a1288920216769076d8e32f6340080bf0cfc57c440041811883359
433225,000000000000000002a11aae204a70d16ef8a351325785d985ad106d1afaf573,00000020f74ca730ce2dd8f5b3b15dc3877a537572e8486b3427600400000000000000001351080a50186e91dea9748e71b2c7e2aa1dd32ecb890424db214047d72452cfb8f4f657d48e04180ed1d268
433037,0000000000000000010e2e585a3360deca2ff6014756319802c264e25d924687,00000020e478b3969a5c6e5caf62fa152f0ebe774dd34662b4b84e0100000000000000001c2a33d891667b4accd451cde1b5aae7929cd42a5a78bdedf17e0740eee86dc69c090158d48e04185c2b5bc1
432662,00000000000000000152bacc8f9927bcf27dce4c8ab98e24ad0fe111945b6f6c,00000020fead76d248ea1879c50e35d2bf5866b3e682b9e786f960010000000000000000115462601518e32ac3af711981d7dde925df43b74a03aad1dcd853bafba259784b58f257d48e04181239bc97
431819,000000000000000003d536330121a5ac78d7d1994d209f2c6cfc6e4aace7d86c,000000209f4573f415d54e251ae231c483f5096aa9f40464ebccea010000000000000000425314740665f449d7e06f11f55c23c7ca2e8d9a57699297136ab508c2cea4794bd8ea57d48e0418194e5863
431715,000000000000000002287d1562b003ca57b46c4552bcc9d8e510faba2d8b4d16,00000020049144221c08b84cf7ec446759c5ad311b49735e333c1f0400000000000000005fc2f25e21f2c27168733e6ac473c77edaafd3fa6ab0b38b78e444a32a41ba8c43efe957d48e0418d70a8ce3
431400,000000000000000003f9dbb3054bfbec2fd022bfd1f718108c8de279fd181f58,0000002068a8423463f5f1830935bdd1598dfbf3cad670f6176306020000000000000000ec9a3702a277a8bbf74af5c1db50fb4fd8ffbc04f3fdb9de2032a26b712ced00a160e7575ede0418a6414f31
431289,0000000000000000038ad5425c245c96e7e200cf51ca75e9d7e751a5923e43ed,00000020240d5ca12afdcc9b0808e9fb4e123843e32442a955d1d1030000000000000000221b8317ae192f77be3ab005ec1592db9bac8d9a6c6cb3ff156151f78f3615aa83b3e6575ede04188e9dff5c
431097,00000000000000000361a310c1b1cd95043ee862d50a618505a7d059b4f93bf0,0400000051c0ebbecea1d6f7b403331e9897896d415850112a116704000000000000000005db99d33b838134d5762585a23f8e3617840265a6f2bf762738058ef582e314a7f7e4575ede041836b124b4
430732,0000000000000000026ef2804c2b57d126362c6056925bef868b5b4e1a9bbc08,000000205ea98f88ee87ab478b9a3303d87dcad51c4ad41d540a5e0200000000000000000d8fdfee1adc66c6f67d64d5c23ab3caecd3cc95fb443e3982391ee8c89ea34725c9e1575ede0418490c992b
430725,0000000000000000049586c3d3ad02e01d52d89168a7065a318473164ed3c97b,00000020b879961b79bf389d1fa6034adfbb047fbe035badd56f790100000000000000007decf644704efa9ad738d80e954a1ac0b3abc73272410b1e150583d4b345f3ea71b9e1575ede041869eca90c
430704,000000000000000000aaafbfc54604b4b927f047a98873656cab633338eb43c9,0000002077c2029efa08c2100654765cfe41454167d73bb0cd4a1e0200000000000000004fbe047bb56e117648c4f42f267ac5538c4676aacfce77d756013ba86ec5f0cd087fe1575ede04185b0c618a
430009,000000000000000002b455b8373e0f85bf21dba117862f3799e6b9c029832500,00000020aa88708c48809b65df29ec490128ddaa452f5e864141d6040000000000000000b513c0de1260177850868ed861a4260e17f700a4836847d58de6d665ea384423c23cdb575ede0418c1d2e321
429534,00000000000000000188ccbdaa269c9bef9ebb6d9d758652dfaafd80ae548a81,0000003037c233ffaf1dfbda42397139bb73d61d05ad3eac7640fb0000000000000000002aaba087726180c4c8c167cca2fc8e41717eff622e9ef20954cdf683dc615d093049d7575ede041849dccdab
429014,000000000000000003dabfafb666361308c151af28a80133ea56b77a2de179b0,00000020f1352ca911f6e700321625a060dc1a5c8b24a6e11d9e4b03000000000000000049fc78b1d306802b8327cd285130fa4b41914bfbd8fbb94f630f8596557457f0d7f6d25708fb04186c9cda46
427778,000000000000000000f26158303c8c7b70ea4a6e3b00909dd3fad4f5b461c98a,000000208255c0ec305a463bed7f1fe591c9079d298f25d058621e030000000000000000b8129c00c08c25adba7a27904270bc75c50b6b042501137c4d0b79510a8baa00bedbc75708fb04184cf2ced5
427669,000000000000000002316882e7dd32ffc98b06e0a0ff2e48d70dd9b8055c818e,0000002048bcd33f5b5034a17913e57fae1e72b7a9e35e0c8a22e5040000000000000000c36c146201bcebb5a23e5aedbea0f97e1a7a594d34fdd6852e9437a867cde94cfed8c65708fb041890196091
427560,0000000000000000048ee30a37dfe0c1c2b340b674f1af7ff65faec2d08a811b,00000030e3cd4411a52a2f67b8786a0e545e90b28a1406c36dd4f3020000000000000000cc34b3773827e98d26490e96cc79e75844cdc8c6cc34cf717041b975b3fa9ca67dc8c55708fb0418489c8eee
426680,0000000000000000004d08a8b6f3c15bedd8fc7f5047905900e67871d3f7a6bf,0000002053c6e4537c1456d2e30a091e121944520ccac962eb5486010000000000000000db076f4fab35d64777601188e09892bfe0b3108556a05716a9cb11cde2040cd120cabd57dc0e051827bd9c24
426280,000000000000000003a86aaaf2f2bf42434de5f33624277acc072a97d7d3cae5,000000205e3e8f6bd058620e54a13c33c6b2c29a7c70a7528303f5010000000000000000638c7581dddbcab8457c2283a9330673c8e25c76ffe7f7b5fd4430f265de38441355ba57dc0e051898749b53
425957,0000000000000000017f3f70e263aee3e5a093466c9116f96101e0f0a0e1177e,00000020df6c2af04f0aae06d5afb0cef7c9bcc79afb7f9d675fc8030000000000000000bd35e98b8d4ad4011250bcffa9cc87a957aac0de492d3c2c344072e5267c6e9d1f9fb757dc0e051876feaf98
425520,000000000000000002db914f2b5af01255d283788325b13ae97c7d3ee3e0a5bd,00000020ba0477785c969f4cf3c68bb52e1b6915379550156e130c0400000000000000007328e455367b201d7aa0970dbdabf7c32a02dd5341c73d524cf2fcea8316ad02039db357dc0e05180d95e3a7
425134,0000000000000000031cbd54690b715ca6952cdb5e0cc85df7b79e08aad38d45,000000201a68a3e8cee961f7b86c8b5f825e58ff69f4890355fcd803000000000000000017dbf0e31205d40345d0a1578d448801d88b11aa1fcbfb63c1fdf369356989bcc121b057287205187e8f8058
425043,0000000000000000020511a54850a85779e014a3c8e2fd993a0069f53ba8dd7d,00000020c89ad60847abb70ac81462b786c20d3f6eca97d96e07af01000000000000000085a2c6c11def524fbd265be6432f464460e9262020719fe8f9b71cf08a526842175aaf572872051893969543
424523,0000000000000000036a93e22222c67a18836913f9e15be35e2491f915487182,000000204b3c76b37b87a580494b07e0fe9d4d0bbd4b1417987da9000000000000000000c88d820b624cdecd2126ba8c496bd85c49b38fc019861b707895d7a9a725ace949d0aa5728720518f0ff51af
424370,0000000000000000056865e8c92092d7f6e993dbe80c0d0397ad5c12d29831a2,00000020b81c8018f6e08dab08e13c9302c7f8af23728b9716aca30100000000000000005b3aa64c423d5f5a06dcc4b04d65f99729be0ece92efeaaf60ca0396b552f4578c5ea957287205183bc98243
424032,000000000000000000c2437d1a21f69c903c4ba54a316816d6bc0aa18e4ea7a1,00000020cee7725028e00cf7a835515da340d772e7f1f05947944f030000000000000000138e33f6d71139615dedb348e32bfb103b92a2bb1bb647e19e4b0169880c29864251a6572872051828d21c16
423508,0000000000000000055a3d177683aa025fb763be716ce4e812fa521406553996,00000020e93489b11f5af8e731cb20091307cdb4bc8ab0905f252f0400000000000000000c33d5ea9ccd96e567b5e7bbe9efe77bd9029ca6d2f8a36248ef12cea9afc483af24a25728720518f733c1f3
423442,0000000000000000013050db42f93ed72d5db1eefb27629f53b3d744dc750b51,
423365,000000000000000001514a3009ee9124d5b9a327d8e49d1121b94d7f21721318,00000020578c1164bf3dbe51b96bc0d294de36d166a67d12868177040000000000000000a1b2c263082cbe9f27d45abc589aeda392ac7410afb960ff85aff812d742fe5634f3a05728720518337a5b1d
422573,0000000000000000048c31b0fa7c827d1d71ac1589cb6ffe16d8fd44ce2269ee,00000020b8e0ab6cb74b9de0c7de2f7b4eb327f96d256795085b75010000000000000000d14abc7a29720872fa441e213955810b9571ce4e961d8d3e4e617cfed6c9147ccdc6995769260518cd4003aa
422212,0000000000000000048dd7432c66dfc4ba30e90be651b1a9e6e174d7c9d10ed7,000000202ab330a1020a77529bc21d980e333ce3f1a079d8fb0b33040000000000000000b8776003e2e63f14f745a027f8db33b6eb01ce17f15794063488f087eabffc9cd5fd95576926051897a9da9a
422091,000000000000000002238b76fbc760e152124824e19dc9bc6e094ce277e240a5,000000207b415c5a211fec6cc9354a24624e1ce8a56f992d1d7c96010000000000000000206fd2e180eef8cee25bb660572bc97a2a389c6187028edde3309b35d067fdfb50d2945769260518383f6827
422058,0000000000000000041efc54bc748b372d5bfbc8c8c9cbfd438d5857a9a5b915,000000200b47ce0205f3d2ca883d4ae6a9ca942f5da8e6f3a96d95000000000000000000d174d6fa02fafa4bb0ce327d54955ac4017e158a344279c5a7e6d4647a865d245c7a945769260518723d829e
421342,000000000000000001ec9b2b00b72c53f8844ace18cee7db2a33dffa34ae1eba,000000208705c528ae45538efc28e665cfe23eaec7d303b839d5590000000000000000009f23ea667930577cd8fc9777819633a5b9d43ba56c7e3d9eebe00d1b0d131393fd608d57fd2605181fad7091
420716,000000000000000000f862c526a5bfceb9706c3d751a45e9ff439c4a2f5ee7f3,00000020dde2b4affb9528d33f7343a72b36e3363d7c0fd4c71a060200000000000000004d1771a5dc36cc279751b3db00076c911679aca7270a40eba5e3bb19eee3968b6abf8757fd2605185a65b9ed
420583,000000000000000002eeeef74558a1cdc8adc6e5cfb7e53e727e95094488c8c0,00000020975df7f7d388a7cef057ecb3890cc531fdec38680c8ad1010000000000000000043d5b273ca0d521df918dc3cab86170c57b2ffae6eed53f6307d0c515439e0d277f8657fd260518a201db0d
420006,0000000000000000005a875c44a180850934825a5796b43f192fb0e1959a3054,00000020dbaada8b4d922239654b5b0ecaca15df37fdd5e993ee480400000000000000000e71e96e3e232b07fce06899eb8be198732c08c82023f1bc7aa07018bf4a003c7d3a8157fd260518002665bf
419698,000000000000000004a3a78750438d0491b6335cbbe9c15099a6e55b6943e51a,000000308d621e04d245f706a7164010436e5bd5d7db3b19a955350400000000000000004b41973ff409d05929db12c42d77c30e9b52080bde2ea0dba574b5f13b3266cf3c687e57fd26051805c8c1b8
418868,000000000000000000ba1d7d93ad1c7f04fb4a430fdee67c44fbdd3236f2b805,0000002041b8d525cfba5ae78256b89769d17fcb2f2e9d39fa12b30200000000000000006bb9909b1b5153f3943560de78026beb47c46b193b9ee8a2cde53da9fe03d127dcde7657d63f051835028060
418800,0000000000000000038769244e2185218c90ae8db6972504605f7e2134a06c87,01000020de8b35516f0a88cac4ce4b27639e6583a440b914793ebb02000000000000000032b632641f0e6cfd97bfbe30495c26eb88ec2af45ca51c710da11b6bb75fe7002d377657d63f05183360a49a
418359,000000000000000001c90807d15f62c2904a1220e2584801eabbb0152a947911,0100002010fa40986054f4f6592b19797d6771bd04d568257bc7ba030000000000000000d7f824968467e6b5ea8a176bbdbadc0b75a24d6a09d74a1c30625c98b69679361e777257d63f0518252dd6a6
418023,000000000000000004b33fcc99679846a5baf29896d2f9d4e52ec3fe617b7eaa,01000020fddb9f3aefbee9fe94cfe4642f71e47ce3faa0adf49ed90100000000000000000df06e3aab74989d06369b5c0c277a77a0d83a26b64b24682678f89018b52eaeeb716f57d63f0518b811a18d
417949,000000000000000005077915f4248c8a9628ccdb32f707707682f78db3154b65,01000020bf8b50a2c13a81a8b320e3aad39bc5e6e32a7aad7ea09203000000000000000015040a99474ebb3c1a5d1d4f5ea4f5d2813cae29094a7c18d270540e5dc3aa7cdfd56e57d63f051875695781
417946,00000000000000000029aa0223d5a4de7c832e77022d4904347a5fa7c5ccfd54,00000020b41a2c71f1e3f6c01cd71203a2493d6ce56822301da1c402000000000000000012969d7da3b32644c1ee230f77b569db10531c74683e0b4f6f11fdcdd3a50b83c2d36e57d63f0518768e7195
417874,0000000000000000040ea5ec4243c9b6b3d8eaf8487b34783fead81ca960a81c,01000020f915763f511888a8e05f3b74877d3a0d54b5834f1923b0030000000000000000f96049f28ba59f3575a1d219bdf1d33b1b1eb39cc8c0cfccd352b8a523da7bbc672e6e57d63f0518465388bc
417845,00000000000000000277407db8efc685ad2fbb4674ec7551a48bc1e0ab581042,010000206493bcd59bd70bf249e2e33d11cedd4e1a4558bd5589ff0000000000000000003602c7efc089c152968030118beab4b619b909348b54cc1dd9463c6576a113a624f06d57d63f0518523149d4
417805,000000000000000001542dab56b85df6b61e7fd6b696f2523cc40252e10a2aa6,01000020903c89d2e9bfa7725d38877ad5fbd09f97022eabe1e49b000000000000000000dec1180dbcaafcb0f707dfe1a704c96c179a3267536cbc1b521f0ec0568c314d22a66d57d63f051800f54912
416930,000000000000000002c892f536e01730e839002de9ee1d81aabd16ffdd96eaab,01000020ab385ec1dd359b1c7f14c6d2219803b025fc1eb12eca00040000000000000000d6c9dae61629f9b2271dc1452ca8362a5c3f04a6bc394e78780cf1716468f638d6d46557a09b0518460954fe
416372,0000000000000000004d0a54341c992ae174a91c8dd3981a9f2b3d3f6221ba59,
416338,0000000000000000020f07b897b3b12bd070042d02d5e80dc3190b12baef3d81,01000020a77795165f7cc27cc32428f443a8e72b4be8718272637c020000000000000000c054f2409073f5594750a14560d92d6d43c767d6504f6c5271b5cee33fdd5a06aea96057a09b05189c13f1db
416231,0000000000000000044d0d2c25f33cb48931540366149cde3fb0154f55b58c76,01000020a4b379726e44fa65e1d8103570914c6dedc6c16a63b9f1010000000000000000e80e7bd19e0e307312c782f9a6ff8302763513746555973a1cb0f6d3c7e43d9ed2a25f57a09b0518bfac58c6
415169,0000000000000000052a2dcc47e23522086cfba017f784c8537758e27dbc2648,
415144,00000000000000000188c328cfbe4a0c775878e29bbb7ce5444e79ca4be20063,0100002092dd9c43cfc092f0d3f6864bf00ead10c1c29d68b44fa9000000000000000000f07727b641b4858885c1f5fa304426227f2cbfa96e0635ba292c31407e132edc5e15565736840518821a2a6c
414283,000000000000000002ea68b7ad7afec79dbbcae546872e3b4532b03ab473c181,01000020499309cf1bef89b5d57e60609b5b31cce6ab0ca5b3cfce02000000000000000063e4e9a4bc0034072cfbfbf19262c2d1d1f846252150ea3584ccbdae4c3db12a2f6b4e5736840518d044f30c
414016,000000000000000000e599fa086e176126c40dda9ed73733ed372d588de82ef4,01000020590c57077ce36535e1b32cbaac772507e3a02e537c146b0100000000000000003d80be2d868ff3b484d4ed42fec32ce0658da8446105ceeab012b2c89f9f03360ad04b5736840518dcef635a
413482,00000000000000000561c92fd626a1dfafc0b5c46abfced63a96e9c46f28db5f,04000000895c48715d0c63b94a527df3e677d9c05fc5ab477945c60000000000000000007a06a4ab3974b8be6d88f7a2b8b8693e7133964758acc0a2bd2f2a6f9821b72b01ce4657368405189b76e165
413477,000000000000000004ad74c7143a7e58384ade4c0719eca3a93e525447e3d155,01000020a65eff49d8bc5b73afc0414a156e51f937bd177a344e7c040000000000000000a7c67be93178eed12abbc3aad7e58a126ed8ee991aca062d749afc413fb35579a4bc465736840518c01adbac
413379,0000000000000000007278a8b1bb94424f6598601a1b13214ecdb8eee5486a93,01000020b021065ebb836a4ad76280c110670ceaa6a3a774d54491030000000000000000636014abf692e0bf75e5a016f7281b5eb48897badf49a7d5b9f044a858e7573e7ccb45573684051872bf7375
412973,00000000000000000072439c808930677a75cbed59295c89965b0a0cc2fa567a,0000003027eeacba079c05e15f31ed7e7bcbce5ff9d5cb60ba598402000000000000000045acc30651fe9b1df287283a10379595b635ec7c7ff83d5eeb72e95068d381549d504257faa805183239c586
412649,00000000000000000109a2abf6ba9e67f63f9b9640474ac26c316e266902794c,04000000656bf538c33805fe584812b453fd730d25ba63245ba5310300000000000000007678c385de05ef353c375d1b1b93600d4de574905ba33e08e59313b0123a9efeadb03f57faa805181683404d
412492,00000000000000000367379a640af84f767ee0d4feb2b1f0b561231a115e7307,0400000065b313b88e260c2d2fdc9ad871e075d7317d7506116b130500000000000000001ad4efaf8bd49a77c0ef9231111519bc15b390723b003f655782212daaed33b626503e57faa805189d36d322
412307,000000000000000002b8951655d2b535e650c9a7bce9227849f736a84359e265,040000000eb20b997acc980978d6e835377b770a69f971f69d003c050000000000000000a2a3c69a5b762181b49d322bc187bb02019522f93e2a33423b129a77c88893d44f6d3c57faa80518c3084904
410945,000000000000000001791f74037ca63d26de589c66ebeb9a1d35dac6b1aea2f5,04000000c53def330c057e537134b0a831a702ebfd59270f755b8d0400000000000000004d40f097f73ac55d1f008f72f8bd40266a4c4f45216034295c1b2d3f3b4f57170d223057762706182b03b516
410927,0000000000000000059edef97b9e6ac03896329d9d664d6996d8f1590a2744cf,000000209154f65aca347f4c3aaf87fe895a06c09e711b7286e80402000000000000000060e9a00d1f1b7424ffdf1dd3a06ea8d44858f4ba3b767c639953b30211fa6ce65c043057762706189c4450e7
410492,000000000000000002dae141fefddae1900cd2326c77936010f5ebc34add0502,00000020ea27f24c804f329e7d3de03f7c4937aeb8fdf56a593b120200000000000000007e6f7d39785b081667498c615c6b0b8fc6e5e1d8eff0338a6b4d14d722d83e8791792c5776270618a25c32aa
410419,000000000000000002b073f2eb6fab32735ce369794e51c56a1602e238de3469,04000000a4c1f99518c1a514b792f7c89aea794e3d8ac0318b0ce8030000000000000000217e31c612f81343545dadfbc064978dee756235e33033af8e2ac11b5712df864cd92b5776270618b21a8f83
410208,000000000000000003e16d314dd4780eaaf1c0e34d69b4af30e262751bb157c8,04000000163d36639a464a2d19ef0fbcc3aa5bb49793adac251c4803000000000000000056e3c7bb575c4b39c92c517f92e64b52cb093d1c304e0d75a6c80a3dd14633e12c152a5776270618705cd1e8
409327,00000000000000000206f63f7f2e649b59258332d8529f69be5fdf63477b46fe,00000020014cc0b2c23844ecd4974f40be1f5ae37a52300c5e6cf304000000000000000068418d1a09b44a8c25e3eb558c88a45a3b01bb505d33fa9a4f53fc90a7335e6bdf8b225776270618f153edd8
407722,00000000000000000307fce1866969b24cb465f98bf61519fbcc1f0dc05b0d80,04000000d0e46a48ebd94fd2e52e41ff113eec3e5ba771f8d02e03050000000000000000c15a14afabce527432128332790a178b8480c368f8a6498079f00500b416083e0bac13574b2706189b1b5753
407600,000000000000000003e8f7833fda53795ea5baa8f629404d068fa567ed438cdf,04000000ff0deff8d203685efc7fdd0e0438e4e990b2e7a24d1cc40200000000000000002b9cfb9487d490fb13191809adae3938e83a2be95c1e660f9a791829c703119a91a512574b27061829d3cc31
407371,0000000000000000060ed67b20b80133ffe14dd299382368614f4b1c455d51ef,0000003097a5cde2dac81c21217f2696880ee46e7ac6bb7a1f1aa2050000000000000000e44527bccb17b4f2836575bfed0dcaa7fab4de8bbd73d0ac315d8d7db92df06a8a7c10574b27061895b4dae0
406948,0000000000000000067480896340d0b2e4b1ea6418ac3881cd2aa42f40075edc,0400000071d8cb71d38e107d0973c7dceca48e0d5c396a6547f7c4050000000000000000bf4c4902272cabb0c25b967f3a04ca98af44d2a81b9b373edd999a2610a13d425dfd0c57f49606183921acce
406906,000000000000000000175982aae475fcad92f69faf0b37862423bc6778dfcc83,040000000dfdd92e641e00fd75eb1b933810ce516b0baf582d6dbe04000000000000000035a113c5582b3abfca80f7010dd1c492ad5cc5719a99023c8e985aeff3048986f79b0c57f4960618798dd35f
406617,000000000000000004df05126a70c2c39757aae44a44633d98411bec5652b3f9,04000000a332506d349a56829fc61b78675b827292c862487d39410300000000000000002a51887c35ccb956d1643b9cbe3f676eb492f33d013d593f832897f95b9920b6ff230a57f4960618f34b6ceb
406597,0000000000000000036dad9aaec2e2ba1ed6d67615ac6f134f00a05cf630b277,0000003003328beaf4646988664420fe2f953e7d5b8a97340d5fcd030000000000000000507a8f9d82d0ff73f7ba518498973ddf7c3e69c76a60a7827a66b7035689dad8ab040a57f496061805f02fe8
406197,0000000000000000033f1b617ad5c03cec10a6bcc19ce0778e8d75fdbf1ed152,0400000078fbcd814108b393bb7d04fbc98bec216b0812220d5e5b00000000000000000049326fd408473d9bd6323b800e81d19bfe1cb8e0b99e66324074fe282c519b23d3a50657f496061898dfb898
404812,0000000000000000010f42545dadcf1262ceebcade6629b16282eb59265c937d,040000005a30625057e91cabe3363652d673a5051781e4f718abe00000000000000000006665f7dcb965e65043adc1719dffd2963f3b3d20c0357ce45c6af981da2a38db4356fa56c3a406189a8ac2c3
404548,0000000000000000010edc4bee21e25e976eb0515da5740d54d060d1579479fa,04000000fff42666bb278a291a08dd3783c16a7003babf589ca2b0030000000000000000406c585a47d6cd497df3921b61e580b1997b3d4d526c593f5a2744d77cf026b31a14f856c3a4061814a2aba8
404145,0000000000000000014fc67e896071d9cc5345fea4d04795ff6ee8f9ae142268,04000000d3784f478cd24aef4922556c7fe025c1187d5a7cdbbe5c050000000000000000211f38a230a1df494bdb9e20f166066f0b496f8599eea0461386a389bc7020024d8df456c3a40618964a82f8
404120,000000000000000002119743ab5f8bb12f5008373d3fb7dda9be82295cfa12d3,04000000606c8c5220cda3fa7fa9be1d49ed6e2458265d757d74f3010000000000000000fb7c9a48fd1a0691d0a491033d69ccfed66e0bbb1644707d0c3d8d8552538e228951f456c3a4061825651aa3
403269,00000000000000000179c4a3b9aa4e011b322a7e7654e2a18703ae50567c3c31,040000002b1e4dd2d418f7d46d8f743910f819c6b234850f130106060000000000000000f1fd747ce812c353da586e755878473d2a91a92399b469dcb10a2ef442be247edf89ec56c3a406188c601961
402922,00000000000000000692c289cc4a4e9726018d6a030ad10c84f70adc2e920597,04000000cf0d924645cb72681ebd4bc4a4b70ccd1de6b22cae84de000000000000000000086d7e2ae4848dc057896bfa198abe0ccdda5df84fad4da70aa5f07657ca905ad352e956a8f00618fde60a27
402751,00000000000000000180755378324c16847b2f49af428c763b8ff411d51d7767,0400000099d33475624d556143c24ecd10dc0be69d563a54ef5aa4040000000000000000ab5ed09f14123dd92dfc5077a0dd111acd91db82e250f65c06175a8b272bc454a6dce756a8f00618cf98d61b
402723,000000000000000000263e1722b119e2547a4167b2f9d5bfc89f0d9dc28e0e18,04000000cd05452c7c2807cdb3d7c77df0856fc22cb6583070eb3503000000000000000081708ee5c098ab262fdb93de104b8fbe20ab79c1ce8816c534386191c56ff7e413a7e756a8f0061850f367ae
402609,0000000000000000026e9b11863382ef4116ef13812641db0b66a5753fe89dd2,040000007737cb33b20bb6cb351b2dadc3ede7de0dbcbeac3725ef0300000000000000008237b6f38ac3739f76332912734be6f57bd39687946ba909669566d6af78d93c91a4e656a8f006186251e397
402042,000000000000000005d69ac72889b039e4bc617b0dd1058a95f23269d95f1d48,00000030cb32638b72dc9ad33256e8cc7e8efd723e4362fdc53a2a0500000000000000003abf59ac879a8605cac1f547a48aaf791ca9965802c2c59e03927a5fee0b6b896c98e156a8f00618e5063ac3
401626,000000000000000002614acdf9e68a2d5b1d5782cf54bceecba33d1760313b40,040000003c864a388c6727e5c2ed5a46b0906dcdbeb2043182d580060000000000000000742d605e7f45ddd7b24d359a9335e80de3ff1ac082d3b2fbe34bb1c59f58effbc325de56a8f0061862f4ad46
400940,0000000000000000008a6b9e075718a248a9e5ad070b5e0c9e932a5f4d356756,040000004ff85fadd919c17ce3b1e9d7560bd7df1064e5a6f3236d02000000000000000002cd8b2b40705c2ddc61eeb6f9932f5966fba7a81444fe71351de48e36d627067bf7d7569fb90618d0a8914d
400170,00000000000000000173839274bb4216fe61c9084dd3d33f166d82ca2d6fd842,040000009b5abd497c37c8ffa3f859d8261eaa0b2ceaaefdf037140500000000000000004144c16b9c6cd745d3d1b15cef7b31c6f08d4eccd933a7be6d67bbae9f670cbde9b4d0569fb90618ced12b61
400119,000000000000000003224a1498f54836b8765aac4ea99f55d8682a190cb603e2,000000300bb01cdc22a933d95b9cd0091f6d454f30997a9d012c7506000000000000000039f7a8d7cedab6abdda9ea6f99b92436b2b7604b913fc1d9ad164711b1673fc43c2fd0569fb90618044cc3d9
399888,00000000000000000596b7af2556b4f8c2bdecc4de50a47ec3da33e204300185,040000008b89f706ad6179b271428a0f82a85f53f75fcca1c282330000000000000000003e64524baf7113f0ee516c984181c11dd779702894576bfc094430831dc1da57dc3fce569fb9061846162eb7
399879,0000000000000000005642fd14f92213a8ff68aa5071588f84dd2f1c61e93d0e,04000000547808416f53df61e7bf835b477318523b3d43e784aa9c04000000000000000077376b11f97ea68cbc90d77c4dd50573eb7b8e2ae7f2fb15f6270f5bcf1682bf8321ce569fb906185b76a8d3
399706,000000000000000006aef254935a76c8b321519dcd86d4f5f5092f51ef374251,0400000096465b808aa78b044d9ffa8f02a6c68146d740e77e3d1e0500000000000000007a6e5b0ffbfaf34810ac7f3a79f093083f448354b6d7654e795e7243839373dfef46cc569fb90618ee628e2c
399637,000000000000000005984568d7b9e01989a4933cc34108ba82bf74568b452190,04000000ead77559fadaf5930eefb69fb4944d54cf83b7fbca0dfc040000000000000000759179b05bed3d69c4e7fef6125d82a1b9356a1b809c4d79998e48eaaa34f9aa04a0cb569fb906183315bcc6
399332,000000000000000006972f107e48524ce3e01752c24a282beafc7b046f29f221,04000000306e59612a3e71daea2cd79f6b9554dc1c9331a0dc44d7010000000000000000579657a986a1b5f535efa737c50721efd8e63f610a1fd8f914e04faef4e257ba9f84c8569fb906180884bd64
399247,00000000000000000228b92c2c2c8a91673c45f6aa10fb9acabfb587f73ccc81,040000006f07eb0a874d483fe5fb6ffb28c37beb7f860b69d5649d000000000000000000672c25225f735f408be146d2152476f58524846c15b3b6925b8606a409b04e3c4ad2c7569fb906184f616f32
399138,00000000000000000382da0f1d9cb0bffc6edbbdd53ba8f87877ffe11263100d,04000000b4e11b6782b8a5b835279619ec32b338784192b26a4a5a02000000000000000093533827d5b5c323a41aff1cd975d0995a15c955d228e7c1b9d6ead3f7d346e5f8c0c65614a10718d7082ed0
399098,000000000000000001bb9eac7a0684d2d0481b9a7fe74568ada10ada5734c857,04000000537d5deaf85659302194fd3e2889b827ee869a0de00edc030000000000000000a3652a1560ea180429f1349b3d732c6e4cd79cd5eafc8dbd00cceb8fcf48449c4a6dc65614a10718acef54ac
398735,000000000000000006e5140bde36e8f3a7cb335713927d9b2ac3ddbfa7bb9d16,040000002bb8ad964ab73f8586ddbe015a09ef66781c855fa402fa060000000000000000272935225f032356f09fe5c5731b63da7176fb6e8520cb4e11288090b53646aa5c67c35614a107189d28e746
398487,0000000000000000008fb4567640f05fddc79d28fcb0601a187b8e5cb46cb84c,040000008da253d6b7fdcb27767145c22a969459bf33638c32027d0400000000000000007ab1fbaaf194a416a1025d1c748f79b4a90a9976c3117001f1ee0dccc217342e713bc15614a107182e357204
398418,0000000000000000040d386bbf0a6e401f28b65de4793d0fc1b27be6d6f0c045,04000000b49b03dd48b718cb33521e47340fd2ce34c53d2c4e95360700000000000000005e0b95e1277cc4bde5a2d059240c91168e23d64352bb770a3f69e493af6c201866a7c05614a10718029c7300
398217,0000000000000000078f1ed2154a4db3d7cfa5615c584585c07e3f53ddba6aa8,04000000ce977f5b3819463c686f91c9a017dd71cab503c4ecdc240100000000000000005c74fabe5c210a0d62a0729f7001208846e8c08404981adc8bd772fd9bb42684960fbf5614a1071802702af8
398205,0000000000000000067886752a9524c8043341b5adc4100fbe11e7e45af1020d,040000002bec74fa58c6e5a554472d72b32c2866be86a429b02216010000000000000000ac4cec165e1e081a1494ac19e78e518f7d3871c093d68b1bfc0bb43e35e5a9af7dfebe5614a107187917b501
398191,000000000000000006b31d1bf36e3f5c9d298aa69d72b0ce76947f839ac512e3,0400000044186ee00ee764ce1d4e7a4e7abe973cdb8a7249ff021006000000000000000006f797a47f6367d0529f1249ec6085c86fc8ccc3a4ff666109537dbefe8dd392a6d3be5614a1071856e39706
398047,000000000000000004fbf770765646cc8010f1fa79af8458fff0f79c454b67c2,04000000b603008bc994562cccd6295cf488eb04da968d4f21ffa90600000000000000005d1883744a335b7240e9ae459df7c916379ced41aa65d2be6f0dd95eb0a8ed3a4397bd5614a107185de49ac9
397765,00000000000000000483de5d68e6d0b49a63bf1c82837c9fc621b601a5e7f383,04000000574d81669c8c8db23758ca65b6961c15bbb62f21f7f2cb060000000000000000f9dd915eae550de2c8b777eb690d1c1fa01fa498a6eb0ede51cc5ca9cf94ceae349abb5614a107184382244c
397486,00000000000000000158e2c73ded7c24f0087514d646ae59ff017347bfff4c15,04000000da76d1a1e0090a26d8e87aaccff763d059a0f43240eb64070000000000000000c622d0ffa06d6ec3ebd98845c8fda3c8e1d407b6535c33977c6861729f7e95672471b95614a107186545a850
397396,0000000000000000005e92ab01b84d0994e7e8a7142fd108872542ac7bf0a656,0400000058e0aa411684229998157e24a3e8cbfae41f104ab81af10400000000000000004480a0aa69f685e97c1853f0d750c2f27484b95d423d550c56908875ea213c0f2faab85614a1071849c82b06
397292,000000000000000003e58599db2c6a8a8a4b6344c9dbc0b666e75651b4afe93a,04000000f0fa5c1502c6f0d4cc2f9e068b9854d0c947389c3ae819070000000000000000d715d6944f5a4fd63289388ff9333eb8963844797a04cc7f486acef2c4b7291601cdb75614a10718fef06e55
397255,0000000000000000027b5857360ecb199d2b3089db42f446f91312359182edfd,040000004d5cb124dda3d383dc504c723e5ddf7e3289bd54a2ba0e030000000000000000c7729deb5aa1bcfc9ca9d54ed23ec8d50ecc8daedd2150db3efed3159e8d1ec9ab8bb75614a107188b122f0a
396985,0000000000000000068fea91bc28ad322ea108d5e9793d5702fc3058383d3026,0400000011d0ca8b722b7e9f97f3dd5b027c46f687c6a4e3293d0b0500000000000000005f4cb737328081c63ad9f99a9f37256daaa1498e7ef678ccff335cb7b55ff660aeadb556f0280918f152da95
396968,000000000000000008a61a2f8e084d67b75f87df91ad9af6c27d962e0f62dfd2,040000004d1722f705d1d76ffc9018431ecae6ec45473468490b310200000000000000008a759c5dc25aa038fd874ec23123f68809ad35d5fc68ebeddfd801fe0e0a761e4693b556f02809189ba697e0
396968,00000000000000000486299ff5b9c903531af986d9845b497b7d290bfc0192c0,040000004d1722f705d1d76ffc9018431ecae6ec45473468490b31020000000000000000b4a6f3c3ac3d6327d5ba37972129f91cd8be7bfda276c09516f6423f941f73b46c93b556f0280918a2ee24e6
396573,000000000000000004e095a5be8e823ed4127329686a596f892feea043de4fc4,04000000d2f2af4e5c579d6bd34a6a29a2942016f51e5c64946d210500000000000000009821fb3ccf9c02d04aa24d715c8bad8e4d4cf873ab9734cee434f131ababbd6a3b9ab256f028091888813652
396515,00000000000000000903fac76a0a51334b607a1576440eb70a24d0da1d3f106f,040000007b19e2e498761e5c451e2c76fbeca8186cdd66e9167df906000000000000000078194854bd3082218a4820177d2d36daa0a7ff459f2f4fb25090ac7cf7ef92d11e3fb256f02809182d0913bb
396208,0000000000000000026b4adde7f08e97f5749d1a34c2b0709f99fa352e529d86,04000000a335566f68cc0191e23d1eea03dbe467f064f6af1e521301000000000000000001aab102dee04ef2f38271207a3fc318f299595650bd1e4ea396afdd0d87a69a92e6af56f0280918deb3f498
396104,00000000000000000338a8255743a5437ea1ba5e544e7bb408beb46853fde28b,040000007bb90802ed780b4e0a675a30b0816b52ad35432e99387000000000000000000044109183a2cdcdf1f4b3fc3e96e3e064d08a33928fa894408ca0510fe7f3e54e8110af56f028091866272f6f
395959,0000000000000000013aabed47187ce6c52fcc3191103ef5018a276a187892b8,04000000b6bf3330e4f94b607e32efd647fa6182deac927837549f0800000000000000001d184acd860558b073974eafa5bcb2b850c3568388ff9019d88e81246669a5660e09ae56f02809186b2eb15f
395800,000000000000000003f961521fca388003e5cf071e44a2090bf9a0883e8fd960,040000007162f010a6d0e4165db36069c97696af21c7239a0e70c80700000000000000005d6c9e98d507e3296215de8c2067811177c4a5c8d7a668ec66377527da62ebca46d3ac56f0280918ae74fb13
395487,000000000000000002782e988a2da3aa252752f3accae8624242527ca99de06e,040000005dc265aa343a9769c855f49f91d122a30ea3b47fc3b1e50000000000000000005784ff54caf63dfd3cf693c6c10657fd03c794fb24127bb3f42c2288f2d876e74670aa56f028091897e474ff
395096,0000000000000000020cfd0d59451a74a89b1483122d0975eb4919b4d36bb78f,040000008206afacfc997f327c3101fcd1d92952fffdeffdecda0406000000000000000011072544c21011acb2f901f8ff94d1e08862abf08424ad1e51d3f20548d2b4ee3242a8561bb3091895c5d8d8
395020,00000000000000000450bb3843bd6200d4d6324410292733b6987aa06b3ad669,04000000b9e5399ab370036679e4932dab70eb03ad33b305f1c717070000000000000000067a605dbcf154e84cd36773e5d948fd15564484519fc877df72e04c44228d3c6733ad561bb3091837f24b38
395001,0000000000000000023a5b7a9e829d6264f9cb995e84a7cf6625982264dce51f,0400000064a6a030d34fff3261d04faaa86626513f7da93f610f4b0100000000000000004af683f276ac09f89a458a89605e6303b0ae2bf9bab1f79258763047929ed3c2d848a6561bb30918f1de5378
394846,000000000000000008a8b696daeb4b6de0b7bf819f3973ed511bbe207286d546,04000000eca492669fbeece2255f1ee1d304aee20edf95fbeab57a0300000000000000008761391c17bb3c6c330724b520bf3221d32aef7d25921a820db299b59c87007ba576aa561bb30918a0a55d52
394751,0000000000000000001184feb91b69894de1ef7152bfc22813778352c02ee13e,04000000102bab637b611aac98717027f5c929136de46d43d45aae010000000000000000cdf63b12a150e420e5e04707e0ad349b121b037a6a05d29adc63af5b96091a875e6ba4561bb309184017aae4
394573,00000000000000000670299f822436c3b876adb2f9f8850ffdeab801c788efe5,04000000242a53888659a2ab2c5ea125873e77b332738919bef3710200000000000000001f3cedac590bf5a140fde97b047a83a06e2e157ef8ff6df487d84a09fa69bcb59aa7a3561bb309184664d7ec
394552,0000000000000000072545b7bda875c3e31a784880fa1cdae4677b64302f19e6,040000006664af1acc7f5da4e1f2216dbb2b52dbb0bca32b403cb40500000000000000003662ec008b2b1bddf51d07809d15707423b859923cadbb01cb36dbe0d738e94878fca2561bb309182eeb560e
394335,0000000000000000045debde25155fb28418437253d12ff3bfa6a91526924111,04000000573d9ae15094abe28705e30283c6a6b380b79278f9ebab0900000000000000007fd82dc7a62eb28d6b121d5523fa025aa9a41b274bb9bd2e62a907d8f001d013303aa1561bb30918dd7c1dd5
394334,000000000000000009abebf97892b780b3a6c68302e30587e2ab9450e19a3d57,0400000008386dce4a506e1835469ad51490eaa9a178406e08a42e01000000000000000024213a4879f200c0bc6cc9d17e2b919a4dde2397a983acbbe758542f3947cd424f39a1561bb309181ccc2959
394287,000000000000000003db1e9706859958ae28ac2ccbcabbeadb15e85fa9525ac4,04000000ca9bf6be6da0101a51b4b525268a5b6d636d07c5bdc92a04000000000000000008d42738448ba3ed70cf0deefa2c97d220057881b8d2fa1190469acc35f4f2bda0bca0561bb30918ef691552
394081,0000000000000000026dfff4dbdf65fab51a6cacf92aab0f91b1864fb1812346,0400000000a1cf298c71184f1208b728598435baace85b74ac0a930200000000000000007becf552d0daa935df4e352d1f3a8b5f7a10748d5f2ee4ad9962450de34d2dd06dd89e561bb309186c2501f8
394059,000000000000000003e86cd432fb18411740b5cd80bb01ac5a6ed4468f8886d2,04000000f911d8f1d1c3261f808b63f82e9c175d03cee73d4088a60300000000000000006c8414d5629120228006b5d24704f2589a22f0b3d0987574d44da8ed07165dba17a69e561bb30918f2c889b2
393970,000000000000000006c6f9a3754cb18d815f61fd3613c36a827480dd1ea8ebd8,04000000a9bba24d48ceed20110e3579033b6ac769025fb1c0a2ed030000000000000000a20bf8bd249b7b799035922431faed4439d68b34a37084cc3589bf4ff4e8d2ef5ac09d561bb30918b1e5634c
393636,0000000000000000013dd087c1a4636a393dcd09f132a5dd380dbe803d10853e,0400000064ef3f67f0bbc26ad3a962e4846b9f266cc6f3f4389ef80800000000000000006b92f80ff9bccc90e68544ca0966feaf40089909111146187331bee9096b35a539199b561bb30918e51502cb
393452,00000000000000000580734f1626c8de411c3c701ad5a63ee3ea70a4ce31c677,0400000080b0774ba3bd348ac1b8d9bcf6773590552076c75cd0c9010000000000000000fcb52910df30c530c4b445da3b2a5c10e503db3002079f9e24647e02993570647d4a99561bb309185bb2cf00
393434,000000000000000008b63c87e728eb4297369222d7c449356a1780f5e21698ca,04000000ef5104b8bf086ea7523dbd853e18f91cee6d2d56ee4e7d070000000000000000b379feffd856b06d6b3256f852c59846af3cadf448b3e75f76ba94d955a11b25588499561bb309182e73dec6
393398,000000000000000008681ef160c03a977ed9fded483a93d16f6647be9e4ec19f,04000000bceb082b5ef817c0478b702e846922a4042f1825e835ee0100000000000000001b5bdc728a975e9be2c4facac33a712b8530f0b181d2cf091ebba73039beb1e1b6d698561bb30918a925decc
392861,000000000000000002f964204882ae8c9180db035f42a94056e2cdbd32d368dd,0400000059f903f6e962dfa25add3f7ed88c53faf8c56e2a5b0fe10100000000000000001f9192a1163c8b950f1ad74a972ffb3f9feb91a8bd919720672ca54c045360e296ee935691950a187945fb00
392538,00000000000000000873af1c99657c2a02ebb7896515d438f50b6f339a721ef1,040000006a68ea7e926f585c3142d648b30de0400f713cbbf331750600000000000000005df16d2c323f389e66b0438878cf3dc9fae2ff7a49ea3a3031a47d9d7f14b0878810925691950a181771f63f
392172,00000000000000000759d715821c61789cb3391f26d25a057c98c1d9f4504d28,04000000a2501bc3a20d42e972c6ef159e13503f4e31b8ffcb6c9e02000000000000000034c2310bc197b1ad10cd4517205520fdc851760e0ff4f658a1ca60d592409bd9190d925691950a18b8c4383a
392131,000000000000000005ada485e9ab6e71bcc5a00b887f1d587163a0e24269eb77,04000000bc454ec0b376191698ed2a29e4554ae7a50ef9b66ea3ba040000000000000000125fe5626108a86c42963ec23be64406aa8dbf9aefc18eaa9540f9a281e0b22817158e5691950a1853987bb5
392042,000000000000000005473755f07c5608d6fd1f89e993ccb30996fdffa8c5832f,04000000032fc60651ea9457b49b68ca8a6092668fc1ccb0155bae070000000000000000223759c5257eaea2e77a4fce4f704b0ac4c6af257ff7faf6604eaf3053ebf8c505588d5691950a184d3bea0b
392031,0000000000000000050e321769408f400eb1dd4afa498eb39536c80ee20aeff8,04000000a769c119ff3119bfdfd57f8eb6b9337df8dc11ab786e990100000000000000008f8e6eb0a17e34b084e3e1d7654d5d32164166ba074e09f28f1c52a4c67f0bef1f67925691950a187f857719
391927,000000000000000005d3d6cc610bbcf03de071babd2f7dde8cdeb3dee698eb65,0400000093f4f4a31f14153e3f76c1e30e5b1f2d1a4d66ece6bc010600000000000000003cddcfa822516cf395d9b3c42808b8fb2dcdff075c50f8fd00e15bd067fb7b8232a08c5691950a1839e6a075
391731,00000000000000000051fea1ccb5ea4e119f9f9af398f7c789577fcecf7853b8,040000008cf3ed92d1405d55bbeb6edd9da90cb069c2e255ca5dc9020000000000000000acd43c9631adb112b6a7e2b799e62fd041240b801f22b1d7d07001ff492858f8598c8a5691950a1800229472
391703,000000000000000003779541d70a6d18a7a0a8c033855777915b91ca9b2942d5,04000000c2134a608255b4d082ee94ed5c0a56c97cf6ca0994396500000000000000000066875468b6a115a5a355cb27dd16957414245f45ce18d6b9ee4bd99e794dce77565b8a5691950a181e3369b0
391485,00000000000000000322ccca96009d7774b4631bcb2aef724b9e338c26cda3b3,04000000cc0973f24ad32fabf44e1bda2b6dfee7b88d1f1be7cd7b040000000000000000d3e4fc8a48c657dfe9ca130a40d265c3efe8e78633acb462077356fb0ed1cbe0038d885691950a18a0877aa1
391411,000000000000000004e31466c5da9ba22baeceee22ec14f694d6e4f895e071d1,04000000c512e41cc2a189458134f051b4db8d74b2f295fa08841807000000000000000089abc3c926f2e37dfa8ef55f8124e926b1765b2ce9f0670fb5387bdde687b9bd16908c5691950a18633a77f1
391368,0000000000000000036558490ca2c91d234bbc530b26c9bb8c02189016e0ab66,04000000747798cdf5c34e7e638d0524460294930a6173a56218c2060000000000000000887cf30bb0719dce4dd267a16d39ba1b81346ff6bc48e82476c2f7b2d6b060c60693875691950a1893876e47
391052,000000000000000009f805dffe188b1b36ec7cf8154d11807a21ed52063b34f5,04000000fe8cd4c291da8adfc1d18056f769752f81d00bd579a2030a00000000000000009f17cbcf708fbc99c87a4250b92e7625eb142d6aeacd7b7cc2e1595911c0617f0594845609c40b183a959bab
391045,000000000000000004bc48a380333fd3176a11e149b2e981b170178d49ddf830,040000009a5014ad7149f9b03d3b487d903b4b84e943ddce5bc9e2070000000000000000833a84be9efdf46b31fed34c1c6f163fddf95c49a74953c43076d84e7c270995540e855609c40b1826d5d6b7
390943,00000000000000000483b8c7663df1166d165f19a4b3f386f08f9c3bf0c385f7,040000009c827fcef9e1f6f2dee746e8cea36d3f8964ee8601ec68000000000000000000553cdd7f684da871980a5b7af8e34cb6c8189c01a800d43c744107fd4d56fa8071a6835609c40b18c7253176
390892,000000000000000008b5f2e023e365a51f8ecfc23f161913e1c5080bd118b481,040000000371712c9448d553081f1c149e2af76b6f2e324e336e14040000000000000000715dc10ba7e2e7ec46f24cc57d97dbb28f77d24d87a9ec198178b509223f52f84e41835609c40b1860959c78
390758,000000000000000006f0ab68cc9b64d623cd019834534f2ceb1928782e94d7ad,040000006f656ad797b1517126b36cf1f97c1f5fafb5e25658259d0a0000000000000000237df4934f41a1efe7f70c0b0f602ed2cbf8537978cd50b154240ab4042de1af3016825609c40b18564673eb
390715,00000000000000000a3e3d2d288f1995569ec152a4d854ca82f55309c7d64f9d,040000005735e49a79deeb5ab32563573b199d07964d1b46b45a660100000000000000003353c0ff67f0ffd117d7fc1f3f604e64b2075f4d1bcaceb59942042baadacdcd73cb815609c40b188abae4cc
390528,000000000000000005607afeb0d535a7afe72caed1d6b2a024f0fcbb3940731f,040000006a31fb08bf8891b11aa048a24a0176b32cf7b0f9d2c8b3060000000000000000a433d02ca0d0364c9f9cca612fad9c4a958e0fa6c42f363de975501bb063cc98b6e7835609c40b1845054e04
390470,00000000000000000608753d7a35d57f829acfaa39c503c4efb7ee467a469290,04000000f9753f93a58921760cb413ef6cf6ba656e4f433096e8e5060000000000000000f993334650b21c82f7e72d1dc223c3f0d75fb6e89aa9b78836cde9e70b32ef6a12fb835609c40b18ba6c12dc
390279,00000000000000000b2e1fe65d38018b2b45ac7408d1f9c5097c7ab472730ee4,040000005160e64aab83a745fc7febd578dc108c41e255087c06e0010000000000000000afe23f6766756780622f4f9c3aa73c2ee8e5be065c19edf611959c09ef72d31e158f7e5609c40b1890c2b7d7
390205,00000000000000000b609a1075bcc162b337a75c83466f518887bca05a75277d,04000000b625d8304eb5baac0d98a0b9b11eb5cee9182759e02e5d02000000000000000040fd2f5f40761a34d31e4842b99ce4a69bfdfd3897e223766a1b47269f0d5a962d017e5609c40b1891ea27c5
390183,000000000000000008f347eb102d666d43cb2e51914d309b300ca63066ba6983,04000000b39efe215dc27cd8af2d81ccb3d60cec00fa303252a030030000000000000000456576d006fcf4bc300d57220191529413c29f1586ddea315fad30f81896a557781d7e5609c40b1815f67e0a
390137,000000000000000009ff873c113ca96f3a2c1f9f40b54363af9f3acf061c4142,04000000197ffb00c632981ee40439035890ed09eaccd2186c129e060000000000000000b8c4612a5b35c58bb4a1ec877e5068f34e43392434c1da6f3b5c5dd560a5153ef1887d5609c40b18ded73f89
390131,000000000000000006ed61cfeb537d208d54c86d400ee1c901b04d85447b62b3,0400000054c5000d6796c943bb17781b4cfa1294fe3b6679dcf962050000000000000000cb70b8ac257286121b9d4fa8eb0e377b1ba1ff50b22e64ed2b30a999b61070fafa787d5609c40b18ebc9b7d0
390113,00000000000000000534efbe03bc2f1e2ef71adc4105d2dcb3882c85f3fd1aed,04000000aca3b9461654b6a497e60ef4f58a9140e76cc9da5cf322080000000000000000a2b01038b8db7659f578d7e47cd3468ae0f4b3a9e836a6e410f50f30acdfdcbce7a17e5609c40b1800969c4d
390089,000000000000000009011ad0db7adc55938cc9e64db2c5981b2b945220fb1929,040000001f7d04fe001ef2dc923de188fffce1ac5a992ba52dafe1080000000000000000bd79afb650198270965477c053a4bcfebab4c11c8a4cbc4552ce4ea8f6e9cebde91e7d5609c40b183cabe1bd
390032,000000000000000002bcb4f5a9a4ef98d7b58a80c2106e65e76704075e849499,04000000dcea212bcc10dcd0f06aed89e0c8d8f32a78c54cbc42230100000000000000000687a1d8e6e24d31881fc7ba3cf767731887600472f9b869e675f7520836dedd439a7c5609c40b18a2a50500
389921,000000000000000006d2117e0c30c9945321ee086fc5e31fe4e3bd4b13d2a41e,04000000f3c27e06da9063c972983b8761b674aacd5af2473fa4c2060000000000000000b540f50cadfed06b116c1ecfc3ae06f541218a97d2484de442364e1451dd1e33c07b7b5609c40b181ce84b85
389909,00000000000000000063c2dd739234c4263deeed1f4dd0f002af9425fff8acbe,04000000f95edc44c87e7c78f5d11793ae1348a26851df818c58490600000000000000004baca3c15934b6a27f640ec3782fcfaae6d52f6faa02242f4692547b0b62854e835f7b5609c40b18933375dd
389839,0000000000000000084d33c58520045fb18971abddb8bf06550130f5495029e2,04000000ac4a3d1a5905008d12f6cd3c074b328ca2eacd1bdeb0fb0100000000000000007b9a2cca1e9d5765b6f063d4b0d93798a99740aceff1731c58e8abd4fe05788067c87a5609c40b18126f90bf
389720,000000000000000007c6187c2e35d475c013332235eab8b31ac628ab3bbcd050,040000004c3e57548f2ebb3ea2923d175edcefaa4d6da59a68cc5004000000000000000094a217ac0674aae53ac9a12ad7470f056fafebf3a2efd27dfcd8fbfcf236017303d3795609c40b1882a56977
389577,000000000000000004d3a78efae922aa1f351be521b7d32606b4144652e40868,040000005966b2685481052a0349fdbd09ef7a2f72d582dee84bc1010000000000000000f748922dca3c6405cd619fc90ce2f52d3ee36ee075447acc660c8e5618d504642a87785609c40b186eaf4b86
389567,0000000000000000009cd142eeb0a79835d37269036e04cab0fa83bacb5131d6,04000000d39e480900ec38c2dd6e0f13f918b531e708a59448e7ce000000000000000000581c761aaaec2fd6a6cc973e7e947f026d66e256c6a84f8898647b063088624394c8785609c40b1861eb5e7c
389514,0000000000000000060a57f1d0655afcd7eb900b6e9b970f2db49ac7680d8daa,04000000ea0833cf528c3717b88885eb49b1915b535c2e85e48d8b030000000000000000935e24f74c8531887f545194060d84bfb4a1d535f749955cfcc4dcff7c4db24926ed775609c40b18e45ede2e
389406,000000000000000006139ffb8b844a99d0e9e53f68cb406d8aa9068946109ce3,0400000032cc2a33e10f486fc7d73adb14d34a8c74c1dd26795df90200000000000000008607b853e6020af8c023d5da584817d0423b4125a3b70f04bfe0b35ad877c5690f11775609c40b181349fb9d
389348,000000000000000006145943d415203c18071f9dd55722f0c04f1754d18a93b6,040000003c38886bf5551ed911d9635add15979b7502c22c54515d080000000000000000fbc29b253a28f2607c4ceada612305dc225f9bf6643e40473d4801d712921fdac294765609c40b189751a0cb
389342,000000000000000001b66066660b406d9365f8891a775caffff3386fb551113e,04000000ee0e3f1da4fce9f1d6e1f2db4a6cff49cfe1ed60652e17030000000000000000cb008dd45a76c3da637f6d77bc53a02449646275ca404aedf80484eb0a14c6eef08b765609c40b187e898a23
389224,00000000000000000192ca9734930bc57744806e0c61722d9e1549a20953cd1f,04000000a5d9d68241c56b92f5e9fae8fd4b5e3c77d7b93ed7ef18070000000000000000531d1156edb10fb754c27fe0a354f4c2005b906bd6a35b46002cf33f49dbb3f0269c755609c40b188e24cd6c
389204,00000000000000000883d4d4c0a48b9fdfdf34ab83a583af996a61553946a330,040000003cd2abccc34292b76777cf68a10742604b29a8b79d7e6e0a00000000000000008491b1f19d5302f017f115f645a7289c5fedf10349f45fda1410fc53b84f14354a73755609c40b18570142a0
389102,000000000000000003402ffc29157c57ecbef878ba51058950450340e7acc0f4,04000000bc633ef7ae492537f1e3ee5724a2279cc9b9334369ae100800000000000000006ee4cd72403a2db6f0a5a44807221591bba65006fe73303f324c9f9a9d9449f42e7d745609c40b1865d75e8e
389074,000000000000000001c78503a810145329a0832c2d1da58c120747dc2df8fc98,04000000835dd0cd795e72f12eb06c0026d3cf5584e206eb4658bd010000000000000000d1a00f00cdfbbc19928500e56c38d1fd84593758b53482e17eff62cf600d33735f5274564fe60d186d8d36d2
389070,0000000000000000000522cf8d57da1976d1adb19dffd7c6a7f756267c93f9a6,0400000053a86b5d7e4a59b4a5a1528afbc2a5da6fc85ccb2c5c33040000000000000000f50f478e631f3d948480e096901c0abfb7410fa7f58d2078e5f4354c672725eeab4a74564fe60d18ef79a35c
388953,00000000000000000b7fb66b80f7a02517b50327a56a4ad0d6357d88d348dec4,040000005874a1b77478db370dd4d908e310cf0e2eb56e71b28bd90000000000000000004961db387d0604016b865301f7887d6e3d9a811a6686afa2870a782d84d893078a6173564fe60d18ea2df194
388936,00000000000000000960e1bca385d11edf2c8296c2563b9d610e3f02608e82f5,0400000074f23b842d63ea4a0a2008a6ed37f95b239715313174e805000000000000000040a12d43e7f9dcb73aa87263ca882dca10213c78fc8ced5247380763baf82b96db3973564fe60d1837d82378
388907,0000000000000000089f3af9dc75ca07823dbf463e72f0ab4ab48de4765a6407,04000000e6281c4d4599107ca105f417a98d9e64b4d7c030a695c0010000000000000000fa1cdf4bfc215d16da7e8f12abf2938baf73ebac8f5cce3423ada51db73bf174d2f372564fe60d18e9c15875
388786,000000000000000005c9727fd691500e25945c5f5ae968f594a3fc9f8c6838ad,0400000044bd385fe7bd47494e97c9c18310547700a55bed31f875020000000000000000bc14ba5d7b5b600b87c5a3608ab499c1d516b6dcdb93b9f22085dbd83a8e55dfcaf971564fe60d18c0f5fb84
388747,00000000000000000c6b6fa9b37d9224421cf9f87643305da370cdf64669c19c,04000000c038a076ccadc89aba3d4dc4ea51224241b24be840d1130100000000000000005e6699be3b31a7a52ba35de0afdc35f8cec2c9e6317803dfe91fb5d1ebd4eb3721f071564fe60d18f018644b
388634,0000000000000000060e7b8373ad364e729f1c385561545927cd7db66171e14b,04000000335301d5e6a5147c148cc6df50812d3536fa57dc5a53d00100000000000000004cb137404c0ecec6795307057be213a6f6dca709667ae2fa35ec171a525c6c099cc170564fe60d189f73f6c5
388608,00000000000000000abc83a9c32645c9c39940fc651ff9008fb0798c0f2060d6,0400000035ffbc5499dd46e16be5beafddc8d71e975b17106edaae080000000000000000e4ff8287f174029f454239a79fe77a65ba307c92e2a201e4abfc07d23bbd5f07fb8570564fe60d18148d750c
388579,000000000000000001cd55f2e191048bdd506dc741d2d113abb378fa9baf48dc,0400000049569a948b87e313e608ec02437d2fd0810c548afe9d0c080000000000000000dc13825144e7610d4bd5493dfd4217000f51be8607728f50a36992a44d8798b3a84b70564fe60d18217e9451
388538,000000000000000009b41dd3075b285b9ed2d3b20290eb64ef06ed8f417bd4a0,0400000018b6f4c52ff5126992d461f36d77e934fae663289668bd01000000000000000048a40b47d04369657da3062ecce54300762c0e7defd487dfd12a6e422e164526dbfb6f564fe60d181b7e702a
388533,000000000000000000a11dfff1de30dd2a10169dc0774897b69ad00e71eaf982,040000007dc4e467074d38d8970d6f30ebd2e000ad5e9a55e281cd040000000000000000751db3b840a51f56388aab4aeb8fe9c260c1b72bfab57ab8807c3d8a595c320d01f56f564fe60d18ef98a166
388477,0000000000000000086244dbd2b6751bf7df12a87f09fb535eb664cd34e16da8,040000006738c4e1b55aad6660a91b60a4c775853e91031b3e38980d00000000000000004d441fdf8ab50501c3fe9602418b915241a64f7a0eb1411a2c553eb4b4f25b51e99d6f564fe60d1856c71699
388356,00000000000000000d9927cc4f675f86a4b34ea5c84dfd63d323775f78ebc1d8,04000000ec88493f8445b439b09e9edbfa7c8d70de18fae7cb559c05000000000000000001d9355e925e44d35eada064f014fd68b78fdc3c18e56fbfdeb01b0d94f114a502ca6e564fe60d18ad542204
388275,000000000000000007305545e29bac0180b7199895f90418f5b8d994b105184d,04000000e9b3fc219c721c255e7ce0448654dbba0775dc54d527530400000000000000001aeb63c4b7652ba29c3cb64a045ee47bed0aa8b18581d2eeac350070afc1363802326e564fe60d1850de8fad
388222,000000000000000002c068654f55898dcd8488a3cbc29604a2eee8da6f20d3e6,0400000027bbd8e94372ff55d06a64402ff55e1fcc45312a262e860100000000000000003a8b400f586bc2482165eb23b90bce68d51709bd3487b1e1f41ce73edf6da348a2ce6d564fe60d185f9f9ede
388181,000000000000000006c6918b4a143bf43c866737facd5ce5b9f294c6c888db85,04000000139b65136e2194caebf8b2c16fe83fe435e832a6a88f1e050000000000000000e0e8b2e730a648f45a160bac54d9041b3570ac8ac95860c354d09d2d5b5bb538b26c6d564fe60d1833554eb6
388131,000000000000000002b27a4fc291372d1ee0e195fc9d8a2883fed0fc2fccb482,04000000665ab8ead67f105f0d91027748d658384674ee5a6cb7730900000000000000001bde26854e2a8d535184441c6848e8ce0c3508b4c2f65de2a8d454874d87739f9d026d564fe60d18eb6a15d0
388099,0000000000000000026c78d6d8bf4b977b5b96c76e33f43c255c85a7dfd93fe4,040000003e6b0da70cda5d6acb8e5ecf386e751356f69a8bb0f57d0c0000000000000000641fc07fe75a716647023269efffa44fab1f9e04d4afc7a0d7a869bbf5e5190cfeaa6c564fe60d18c433564a
387972,00000000000000000ba706314834c05a03ec04c52a5d9755c0bb9d9a41bebb9f,0400000056c0cda5cf8efbbf68f5a6df62c7baf6a5ced398eb657e0a0000000000000000405f0487533e586a4ce283fc64ec14e800a1abcee3efcaa98d73668e7b93f1d20db46b564fe60d1830c99ccd
387948,00000000000000000c98f352f33ead429aa306437b5a768f678049f8a194970c,040000008173cddbad89eda1fdc1522909de54bd0b8e95e5d56fa2010000000000000000f13527bb5820acef734226b7bb312b65b115e1103649793056c050076cc76b1139706b564fe60d1857e1d4d0
387889,0000000000000000056b1e43d8c9ddab120201a482001c7b0293083584aaea55,04000000e1e66981574b5ba4bd584e9b503b3adb0a1e38c347d16a07000000000000000082b16eac93b8982332cf4e6314f7ea1ef0229b3e188bffcac07359f7c7e8173833026b564fe60d1870d092a9
387564,00000000000000000b5f97a18352ec38f9b5b20603c8fcd8f25ec9ee1ae0cf93,04000000ca14b0e1a8275919b58732ce9b34d5bc77017700a20261070000000000000000bff717f676b93d974e82bdeb7c6c04971f351d25c7ce6d36ab321578461882a959bf68564fe60d1854194fac
387528,0000000000000000094bde267a17e21dcbe5c6d0fba81cd42bedb3fb38eafdf6,0400000005bc7ed0b440f4f9e98336f15c84ede9438cde54f63a46000000000000000000c3dee9f09db197b3bdac41c19b26827d1469274c9a5d2b8e483a0a045e10d402527268564fe60d18e15e99e2
387439,000000000000000008e051b41e7ada11e9931153a0bb02960ebb4a9e0374e404,04000000eb117242ef7e97d9f9a5610a46460db374845c6e9c70ac040000000000000000eb21044d6f49cf77249a59a90278747bc68e9025bcd2e82ae195b3eb116d0272a1bd67564fe60d1890a56b91
387396,00000000000000000afc9fbe7cfe8a6b50502d509ba626beb2e2d6c15d1d3ee3,
387244,00000000000000000b14ac7436beeacf6d0ebd0e23467615332960ea6988ab21,04000000cac52eb759e0d28fba342e5e7e3c3c1008700bc1808796090000000000000000e921d8625b6570e2aca0d7e80ecdabecfd24ec85f88da747fda97927618c9d331c4366564fe60d18db5c0f04
386960,0000000000000000063e653482f80b69753ca9f186573bb9f78658356c338941,04000000453784d8cc8b18f329cc74b61cfe091914e337ae10cd89000000000000000000e6d57614849df11a72f61f45a5931c382f819795fd2e8e5f2480fde6bfe86986d2d36356761e0f1868f4e94e
386897,00000000000000000ab8208856aa1b4ee33a80808bd1a931158c3b6c009b0057,040000008dc777e4715c652b8ddf1fba4f6464902668cc75f2cb8a070000000000000000948098d08c3c8a4fbc6fe2e44884106e4ef2bf6ca7a276aa0455c20c914e1f4eb6586356761e0f183ca3023a
386817,000000000000000000b00fd3e4c9cec516db337ea7dd3d2b8d7cbe9e4e0e6f5b,04000000bb182014b294127a16c481f15b32f68ef8243645b73391070000000000000000d13b89523c4ac2667f81180beda17ac8f22ce2463993dea21a1073be08c07efa24bf6256761e0f181527e506
386682,0000000000000000083cbdbb25c1607527c8f3fdb16f0d048c4439a73b501cb6,
386668,00000000000000000a0ea4f44d666cea015a5aa6a8544b4d1b3e79186f4522e1,04000000ada31bf582fd01122db3931dc8bc0b44f0936e3b2fd8760700000000000000004343e089c83679dd651a0f136aca7072d391e8789ceca5376ffc1657ceb057ea11726156761e0f187a52a17d
386625,0000000000000000053bd97baea7cc9b1f2565be624cdfe2bc8a30b663d1d4be,04000000a47208d822094446e3409c9753d45383aa6bdd67bc81a7060000000000000000d891821344a2891096c4ca55d9945545f2a0259bedb21adb869b84c8723b65accb166156761e0f18c89fa739
386545,00000000000000000d3a1839b80ce9d1b93e03a6dfae330f5a223b81317676cd,0400000012f54d4ee8a9df88b5d70dfe0cbf6b7268b94cd2fa6f1a090000000000000000a98614df949c18a76458df02b9e1d1cbbb7d45ff3ed840f5758d164e3d55407849736056761e0f1838a60c0d
386523,00000000000000000a29fc67398fe50782e0ed7fdb61d2ed560dee9c36fd3121,04000000fc6ff90c68d6d2f8aa088399e8de1ed82cefdd7e62b2c0010000000000000000cdd8c2c17e7e052497eeb316140b4c857baf9d819c06177e0f9575a9d6fe37b524366056761e0f188b4b206e
386479,000000000000000004764183d1256c98a655ade5de744366347a9564cfda579b,04000000a99119ce951e365bac5a3ebea8bfd708c66361893610bf090000000000000000f2c5d333934e28cd4008d38cb1b9c54cd7ccd6eb5a15d36a77680c7acda9f298a1c65f56761e0f18ef208f69
386456,0000000000000000059a2e23eabddcfc8ba1048ec3b9903128ddb1753e914b94,03000000bd5cac64a365bc414e6142a4d185ea0e122ae7d9945ece0e00000000000000001f7fc1012754b83e602d18ec4375ec2b34084c5c08e5004914509577d9c5416a999b5f56761e0f1874a92da2
386304,00000000000000000412bfc1dd1619104258d3f6e3edb77e4bad4b8ae53ed414,0400000053ac71ca4e92d1316fde4532264a1639e617a93c43cfea060000000000000000cc77ef6d1bc5b9f8ff3459c76b95387fb2b7d2f83458fcbde45261894adc2dec24655e56761e0f1812c134de
386282,000000000000000000219f113b5be11ab9a6f059e329f112253c6d229d99baee,04000000d1f0c494de9ec64e375904ec5b6eadd1903bda3278179d0d0000000000000000b4e876a84cf5e6e731321c42be746f630bd4718b3c1fee54ed2a4069c12b6dc131225e56761e0f18d5389c45
386093,00000000000000000abc14e1388ba5ac0d70d1fd9931cc3fdac8802d2a3ca9f8,03000000448d55f89a8b53a3efea7fa783b20c93af342869b862d1040000000000000000e3e03304867542a7035647fe8bd2404d53d25fd9446f9999b0cb21ac9f3b767b13b85c56761e0f1838c64587
385917,0000000000000000099fd595d3995aa801b342906dbbc1456026339056df15f2,04000000d23dcd3bf9f2a38b69976ef26144cc95c2d62d96cafcc40a0000000000000000289c524d967264a9ccf969cbc5aaf234943455892171faebf22777efc4a65d6d682d5b56761e0f18501dd472
385884,000000000000000006f936bea9f82a5c6cb03d271b1e295f01e6f774082fa08f,0300000001ed54592e535ce42c2420154175ffe6476d2dedabedd4010000000000000000f1d20638241dc23cd6a81ddfc80cb37fdaf32c095da9ce589e1204066bc8621d07db5a56761e0f181e45ed30
385861,000000000000000004e693ac662b1087ca72cb16cf24476f08c2e8632ad82724,030000006fbcf4515650a2ea597b63e5d7dc31ff06d260013ff61d0a00000000000000004bd24f0035dec3d87e72c064286f5b9bec86f1b666521606e031554191a29614a6aa5a56761e0f18d1aaa480
385778,0000000000000000034c653f58a6781911b2ceaee9d46f23cf847e332f7b390f,030000005ab28585ab5c36c8acb63b1e465f325faf8f1ab354a6ad08000000000000000018631489e02ba1d50974b212973b4cfba5bd7091c8c40a61a3a8d51080e24ba3300a5a56761e0f18b176bf09
385622,0000000000000000007cf1482e5e4af8efca4245b631d8c38426b04f8e73c96f,0300000000bdd0571574f266fda810c2f9fad893d134e5cbd088ba0900000000000000000b7b1d12a0d0d1fe6eaf5e1db66311be574b9af217b316cf1dd26f5bac4796ed2ea95856761e0f18cf97e40e
385415,00000000000000000a18b2838b0864bc7fbe39c8cea959756f74af1762a0a708,0300000002715a0f18d40caf3d3cb3e4be41ac35cbf808c425d2850c00000000000000001b2323356f39e40e6e4b351bc044eaf999b02a7a6372a0f8d004277681ec04f59be25656761e0f18c2b99733
385313,00000000000000000a9633a0db4649d337dddc076b82a118be422349e890ba1a,03000000e846919973a55d97e525bd44248d507cb988a9450f28480b00000000000000007b768d7d9195e77b09db00a1c9b6e345af5fe767fdaf855e9d5cbe563a88c10efe045656761e0f187b4d170a
385278,0000000000000000007902c67475fa86ef8bfbe4ce95311ad9a86418acd93363,03000000405adda2d54186fccb765002c6d35e3f5d81e526c3abac0d00000000000000006672fb611da5e0fc970e1ab2d68ab5aa55de161792ff3eae82dc8b1d36caf5d2b5ac5556761e0f18211c65ac
385264,000000000000000009759cc14565212563f2c0a4759c3fcc8f68ccd3a9fb23f1,040000001e664d3aea8d28df92b52959a436e15a31c2344ca421380a0000000000000000510b676bee839bec22d32162e746b7b8d09c9e377d170a67b608afbfd1adac9a11945556761e0f184c052605
385245,00000000000000000076962472e555ac8cdfbc1e698ce8da371b5dbcb5f1b37e,03000000f80a7177e853db50ce7288b7a788329665b1653acab445090000000000000000ced11579daa33f70a2b31be1697f0f4933e4e7b6a4936d6a06a7427a660314c8965e5556761e0f1805525bae
385241,000000000000000005a84f6d57b18b36b6893de4b09516d091fecb64bd6e5fbe,03000000f458bb62264a0ba032a82ff54da510dfefdcd020d652e30e0000000000000000bc9c971e67649109b00ecacffc767ab9f4e88232516ba9aa26aac1bd2da4afbd9a585556761e0f1820af1f6d
385078,00000000000000000de4049d657276e9300784d80fd7540937609e2a6fff29fb,03000000568f669421dbdf9f5c8858a1f802bd4e6cf74008889ffb000000000000000000dfca46353dc7a579370df7d3f3e105ddb14252ebc7cf415fe8e365f2cfa1658320f85356761e0f18be3df7d3
385039,00000000000000000af10684bfbc1b6f5ebf75ebdd8017dbc8e6d86769e5717a,03000000eabb29f37e1233c32e645e305e6c9965c91fce23c1941e06000000000000000050cc63fc3d0ce8f2e0612cdeab79aed6405750698681b41653bf542758f9490ccca0535689b2101888ea1250
384889,000000000000000006d6cf85cd950e9ea0835fc1f99e3d3bb19a49b8932ebd82,03000000e0a76231dd3f3c6135779ed514df8a04e6f55a46f986b3020000000000000000ba85e77ea572799a91b64647cc6671421737b12c247cbdb0bfa9deec215858ceef65525689b21018470399df
384640,000000000000000000da3ced45a004de7e94ca2202fc1b3d2caa639fb1852e03,03000000c5a536defbfccc9ac9af570e60add06b4e430fcc5065c20500000000000000003b87c841cdf4158cae0b277f27c267bf072c76be75885f0bb0f78135c10198cb518e505689b210188e9f109e
384628,00000000000000000206e578b708e14b3a900670baaaad2c163819ba2aaa1076,040000000d0b2df58ddea7cfc5aaeae23534c355d9a637c1e0239e070000000000000000e39d34087d4be456811999fa7f77a68bb60e47b54a335fef084c763ac719f6f2687d505689b2101840ae3af8
384557,00000000000000000b023a3716b6eb64010f7aec81de5a05bfd8369bbe40e938,030000000b6f63643f29d47a038995a35e08f257ce3bcd1355ab830d000000000000000098dbbb9fcb1162fc86e9be861500e8c562bf68571075dc2bc3b62e67e2c9ef4871e44f5689b21018525cffb2
384518,000000000000000001271eaea120b662205e79fc9826dfd3a5319c53dc871dad,030000003b9d14e5beb41a9e82a5dcc07ab28ff9bfb0478722344604000000000000000059e328ce202bff1ca009cecb0c96618dfab3c29685780629174dd23ac95ad13a5a974f5689b210189c3c69c9
384307,00000000000000000d5c4beec58c98e6f94721fe6e5bc53d73ca697f364d9e6f,03000000cc47dfa6709113dd8e0f914c6f80d769d848fb8f99c33f0f0000000000000000694777e3f73d53f254ee5882bfbc40b87ec38dceba2396ad2892ca9a80a176680fcb4d5689b210187139537f
384244,0000000000000000032057ac6009f4ae119ad8fed10d534a7a8cce2d074533cf,04000000a2dde4ec5dcf9eb36262f835e10e9ed725edd5487fc4960e000000000000000084aad6adb1bc5a48bd80539c71c28dc84a22a362d2e76761fd1b4bff8b5e12bfc6374d5689b210189ba99ade
384098,00000000000000000f084c149aa9309e9b0f6b728d7d8763bb865b087d18e15c,030000002aeff907201b8a05aba168f889bb0fd007355ec5445c630a0000000000000000e6c14dacdf5d98fbb85ab179ac4c2370d2de764bf33ff9f8d6f2ed9b70b2e676a4ff4b5689b2101857d638af
383692,00000000000000000613bcab6e01c4a548be7c82e684d313ad28a404817bd85a,030000006c745a3579d722f0ae8019236346f6d3c816506631d7830e0000000000000000f6621dfaa708edefbb16bfd97da401265804a38084aa5e755b99d22198671c1a8d95485689b21018ff78bc32
383525,00000000000000001076fe5edca1acd857c871a732b410b3096d5e8f8233bfe3,0300000083384e92990e066c306ab2c00ec71afe560794327ab588080000000000000000abc61c648074b5249f8069d86f73186bebc93091cfa3a3b6649df99dd3973abd9b2b475689b21018950e6813
383292,0000000000000000059abe8e92d6418fdb8ba93f6505c47f5c8f6b06eb7797ba,03000000668669b5221e9a5b4040f74b53297673c7a9b1fca42db90800000000000000008be677c32b57aff0bb266c61c7966867c6fb0a6a205f9be5774c8aed9f197e6e2b2c455689b210185de9e9f7
383266,000000000000000000c1fcfc75935e1050dfca507da344eedc1f9c2ccfad87d3,03000000c101054c769ca11513d8e961f5875abb3b7b5904642ee1080000000000000000f8483a29c125b82eaf982b6465268de96b1c2d4498d75a58c6ad79673743ec5790f0445689b210182b26c60e
383139,000000000000000001fb88435ea337a54de1922c83f1dddc9d93a550e86ab5e1,03000000c24f1dc3dd87900b05b17e86e57f41499836414e052eeb050000000000000000137b2ca48230b4d7113e1f2287cfeee06cdbdb0d1628e6bc77affc5ce569aa09b9ee435689b210184aeca540
383106,000000000000000000dd60efc3e2dda26bd4d0af7165d3ea3355f67b1e2c4801,030000006df5a8b9acddc7a871f800cdecdb8bb874a0fa7062ef24000000000000000000dcd73b522d16157ffd2cd45e33f6d271fa9d4c4876ffb6a0bd597caa7714a5234492435689b2101831dd3bad
383105,00000000000000000e249cba46070944568bd92bd15ffceff37b979e7ea737c4,03000000084e29d8e489c19724537a9d53971debf25456ea2087750f00000000000000009663c3e6ab56fd2ba0d2ce943ca1e67bd902db3329ad8a00b6d48c0cbc635848a590435689b21018180a6f2f
383073,0000000000000000045792b02a12ecf0767d50d392471a3fded2371d56ab7b8a,03000000805418988c8fba872eaaba1c9cf159bdc2c5b17ce36ee9010000000000000000d62c951841179abf6d08c8019e05e2a88dbd5bab187ab8c3e1af571333f1d7f4dc49435689b210186537142d
382898,000000000000000000f3954d04b02ed8a417bd20f1bc17c82e397d8d3618dd77,0300000063195a2d5f9300106f0504555ce80939a005de0b52d53608000000000000000021cecda0c7e9702b5edd413757006fbb440d4b0ce7b68d94ad795d9a2fb5d357f6d9415654a9111864ec7da5
382837,0000000000000000045a3e7c9b05eb91e6f05f3f87568434afad81c786ff55c5,03000000077ea081cc165701e1d0268bfb9c690239108e638d32fc09000000000000000017fd2da6322bc50289e0215af19f81b49e268ba363ad7b9a7e3e0cb4776ef0276867415654a91118f03a36e8
382819,000000000000000001dbdc1f7019eb19709b13f79cd5ae924318cf30b82d5f52,03000000b5cf251793c932aae74c6e41234c1550356bad81db7c950f0000000000000000b0bc98514ac1707a1b9da746a2e63ebfea5be391e4aa82bf75f84a74a2347cfccd37415654a91118a14480f6
382806,00000000000000000cf4a509a7a08194a75932dc9deda0aaac020118e7966c20,03000000e0c689593ba00259d2a0d4cf3248a7abc929c24bdef2e306000000000000000051fcd6a374ed4acf0c25b92f246d603a0fa5d7dbb03b5291a64e8edd274eaddf2b1c415654a91118595a9b64
382766,00000000000000000d24d203ef40e89a717a276baa6ba98d6981f2b8b3f029be,03000000a61fb8fe1397c2b2dcfd8cad5fc54156061fb849fa20090a00000000000000005a1bf6cb5e6b7468f5f981837253b9588a297589861703b267bb6266ede4d00293c9405654a9111810698f4b
382649,000000000000000011981b8d79967f6d2c04e2a008d3365b404752898eb784d5,03000000e66a7caba5cf2378ce7076d5ead8746c7fb44886d14d6a080000000000000000b3dd552f620b8a3ae0569a9314009c40f5cbb5c5b86d51a433c177dca8a1500e9ca53f5654a9111811ca982f
382487,00000000000000000ba442e399930b1d3edd54db5d87ebe9e40e62c28699fb2f,0300000055bc4fa786e2124e14c8afaad92825ba2ee2a179bf38c00f0000000000000000a77e82517ce441ea90e33562236253f6c4b2a3fe29687395f8a212cc179662fcf12e3e5654a911185b1fd8c9
382226,00000000000000000df8230a421aec8ed1daf1cf6964959d4b3b6ed031a57b00,0300000074b4b5fbd9964e35824003068f2421189432347cfc4e1f0500000000000000009e33981794c115465e2d714d4ca2cda778f6fe99b2e246e2c2dc11fbb155d3d1a7dd3b5654a9111860c5685d
382163,00000000000000000d4c04b0ea043b5b6d7bbaa391142cb60b70828ffbc6fa86,03000000d7fe746e660d5aa173f63116219b6e6bd40e406ebe05680c00000000000000000b89c18792e90dd19d10b5cad319ed1fcd57a69d2b9290f8f7166b68f39d24990e5a3b5654a9111848a9c6e4
381973,00000000000000000588b096b50d4f1a5e8bcd0aca272c1454970fc713966977,03000000e3695fb31050f0a862c9c10e8b2c231434b0ef98681117090000000000000000cfdbe607b2288d97d5049bce61a74b146673d12127279ccaebbf55730990fbda2daa395654a9111803217395
381905,0000000000000000064e4c67361eb671310c3b5143e4fe746d81e9faa9457252,0300000043cf3e85861b515accbe363199a399bd834d9cef0bd2350b00000000000000003fc2bf4b00fb6f3d91115d81356194ac8e31474ce277ca9baa02673073d91e8bac0c395654a91118d5a3f8ed
381890,00000000000000000744494e1ffc783a27e9b1b021a5c556af37653f983b7393,03000000e077051de3e9e152496dbebafc532b2dfd1407d1ae7fa8070000000000000000cf963659f3731bd34e0100b42bee1c3376095f552cb9158cc095dc59c296f549d7e6385654a911187f19cb7d
381822,000000000000000007d0bf0ac3d231fbf7745fefd3359a897ca59c6c16665cf8,030000008f170a6b0050c71b10e42775116f533298cb7bb23bc68b0e0000000000000000175812261050891f93efe055cadc059cbc7e7f826d352e41ae497263a4a8e7eed159385654a911188d53c0b5
381788,00000000000000000f6911bcdee0ad9bf608e293db6f802e70cc8bb6b5c876d7,03000000922a16812df0bd3272e7ca7195cd34ceefcff7af92ebaa0e0000000000000000ac87485805fcd0e57f1e6d976f81e50928145557c895c704bac626b4598b39b27909385654a91118056e0b46
381774,000000000000000000fa0e5af88a901bc2bea1c425f8189c31c38cef6e2f4071,040000004e9d5e1721e985b6ab05e849d1838498286f5960b112a10900000000000000009af3f4c006225e7e6f8ab810bf0eff9c53ee2387c8c5e4e5c80e73cbd2efe7885af4375654a91118c6f2cd3c
381755,000000000000000002a3b663fd7749da918bc18f6ca401e15ff6a86b19d6022f,0300000062a56221082054ae5c8f60bfc39753e11fa1da0b5d8ffc0c0000000000000000a9d96dfc22c3a8143270ed6b5d07c6e6ab7e20c7b4a669af4670a0ecebb7673db9cd375654a911188e55ab52
381084,000000000000000010c542ccc35944772b2ee6a004848569791595dfeccdc822,03000000a2deea49f837ca8d2589a493dccd6ee29b78002c0478da080000000000000000a8471900586c7baf00b0db6c791c17289ce0a41460cab72e859d69f34f3f37faee2d325654a91118af76976c
380957,000000000000000005757d161119cf89ac8379462031c533be600f5cace8803f,0300000050a06d88cce3100064d1817978228ede9652835de3b96a100000000000000000a3ed85e29d4e4430a63bbc33a15e5137a997a335958095d8c397fafd0182dc3055f63056140f1218f42f39ed
380709,000000000000000001d17b643988ddc0ad21b1fe08f62032cd2b3d1955603db6,03000000d0db393af89e1fafe7056354eb80d3891bb805468fa118110000000000000000f6c4f782d06581f63b0042b1aa4d0385580d8ea7daee22929b2c40464e0705be2ab12e56140f1218f4a4fb06
380598,00000000000000000ef80d944bbf68e93e5aa63e5c6f787e34d8019a51f02e12,0300000044f811839be4eb9481374d41fc39381901b2ad36da996c010000000000000000bfd40e6229990bd8ce5a27451cc564374893ac498dd97cf3afe6e5ed1b6ecf5403d42d56140f12189784ac76
380590,0000000000000000013ce2133bc3109cb8164af70822755b220de3bbdd70dc25,030000007e6d0b5fef05cb4ec4c0f89369c8bc0234c3d7008df98e1000000000000000007505050dd5e6931cc703aa56732e565d0bcc2388a4e41bd575fcb71fa4072e7871c02d56140f121875c1f27d
379926,00000000000000000f51713730547faa2879dbfd347f9dad2032bd659ee1eaad,03000000a2675fd7a9c2cd0611890eb65f6d6f34936e326fd145740f00000000000000006b234b51b6cbe75f4a964602705f0622a4d4d944b1a1a9182807105f5e2fc7144af72756140f121876ebdf1e
379924,0000000000000000011bf0d411f64a5c4d9c1abad8c5d1c9b1b974af7fc79b7a,030000004441d217bf3b0da083055a72dff40c96e3837812e2ac17000000000000000000ca6c9ee65b47419821c57da2662c0ad5ca433f28fa4f141b84d0b086c9ff64923bd02e56140f1218593f5c9c
379843,0000000000000000040bc6e12dee1fbaaba03fc60f3d61d56023c732a3535c02,030000004e0c540c19e5cc0abb0e4b62a2819a72e4eda5b9fc5f270b00000000000000003295a880702b17aec077a72f8c79dbf1e1cf5bde64bc772f8e79a39a93e3187cf22a2756140f1218fc947015
379735,0000000000000000014c463a40271798691071aba2c0d680403031bfdbcf0da3,030000003a310e2204880d354471ef5a85eb84ac81af172947db8f090000000000000000717189d419cc2422eeadb314c48df23942355407b18626bc078e4c7357ad3174d5172656140f121881556630
379731,00000000000000000b945410c95718f36319521f6c22822a0032a813955a8198,03000000aac885fb09eddec13d7a016080811dc6d3dd19b1b79dbc0f0000000000000000b228158f1369900018afb31e2d2baaa5a40b61d3ad2e748edee1bbd39b30fe1b0c0c2656140f12184286dace
379709,00000000000000000513f48feff49c9623795798aa7790d24f0b40808eb47470,03000000dfb42ae363db226b3123f0a12b8ee2f77340a04e3160b70000000000000000005889aea700d8af4f73b39e72cdff2ecb338af9ee49ba6e4c7505493ab891c50d74d02556140f1218415539b5
379584,000000000000000008c18ecdfe50754ff305778397acb5413d9ea4298e6d9b51,03000000f062fd6ce81c4cb5b7127d00d37ce6bd9ce083862fc77a1000000000000000000ed597806c510ea621454a46a1dbc07099ef7e75737cedd308da241a2791427059b92456140f1218aaf978fd
379465,00000000000000000b4153e7d0151f93a80ea128c6e478cdf4e52a56710953ec,030000007f95872e54991973f03f13af844e92e9307aa66b6009b70f00000000000000006f0ba23d43c7dd362080bc8b35dc094935a0b7f11f0e8ab386e9af7c73416895fac02356140f12180c93c242
379454,000000000000000010e2e74380cf4a4874437ed2fb35f8a11b233c1ab09b6713,030000007b20b8709319980853fe66a2e96de2c8a68511d9f5bb4c090000000000000000d1f951550eb7c15fca41d46eff11a153e2dfe9bb24056a466aeb86ca046d86e1d3b02356140f1218432f3b05
379422,000000000000000006e4bb33c7225febd62487bcfbf2b11cf68cc138641d211d,03000000e30ef080e6fb47d4cf8cf8d99f42922d6ba0b69d8f61080e00000000000000000f9c70462c9ce52a2f95c10ae766162403d59ed99c2b23a3253ba796feeb55f80e4e2356140f1218d2a8f5ce
379378,00000000000000000e0705fd7329dacbc4e02feda02d35db061448e24d82ceb1,03000000f72599baabef614dff3140aa1895f12e5003be776e33a611000000000000000084b64f40d2c74a52e64885c57606bb4eb695641cb7371cedcb089852ead519b58f082356140f12185cd5c821
379357,000000000000000004d09e31247aa0efbba89cb35c146f96f7150d76c810d395,03000000afbe363f566d9903ec7ea578ffca46e3b969262b9f78f8070000000000000000f8794e60f24402da6d3e8faba5a2a75c2de7345ac15df468a171a138e00423aeeec32256140f12180523476c
379288,000000000000000005b2c07218c6b93bcded4af5edfbf5af128b9b675a5d1e03,0300000048ff1189d7db561ebb24faf664144f22b0814c2e1352480c00000000000000008f41a8ee82fed4d55fa17272ac64801cbc3df126cbe4d2551372ac5879f8574f25142256140f1218cf30631f
379279,00000000000000000826881227cf6a1d472b608f6d62384828034082f35c8fc2,03000000c3c133a5eba8da7cef0161c8aa8e65cd34995466d09be70700000000000000006badb2ec115afd8905003792bde201aad1298b9853fec3f4f0bf8d47dc051ef7e9f32156140f121802d5b820
379264,000000000000000006d35d842f76f70bb5831f2e36337c03e61b837b48f14e5a,030000000f9c531f2b0af2777465618a6e66e5b6cf4796c5116df9040000000000000000fbb6e0b386b8ee907a369550bc798b7754a67ff7c10106dc343bb47cca8aab184dd72156140f1218931a8d80
379167,00000000000000000f4a3a65f3cb7699f88200a8e57d5eabf77115a733c1c26a,03000000e941369846ddf22ae90acb0b720e047d01678f2e0459ed02000000000000000011502f72e166633dd7e2d39e259abed2dac12f27ab108c93cc3dad83497ff0bc83f12056140f1218d0d6d411
379110,000000000000000008974fa44ad00f2fc47ed28b9f7c5390332dde2744662bbb,03000000e5e5705ac761b36a0d3b6209087bc571482895ac484390080000000000000000bcb484ad8f0aec308735f33666576fceb79c88303358d44073cfce0013010b6ecc682056140f1218ff688bec
379097,0000000000000000043efac0968a8699bbdc0c9a698ef2427bff663b0eb3a0ee,030000004739b674f76c307f367dd6ca0f238a7cc181d4d41b3ca0100000000000000000d148f496d9ae0f3d5896b1f39fa57c43695f7e0b99cceec830ac4f6e9c87ec75b2492056140f121831ce4775
379005,0000000000000000094672d01f702be0bc851f4d780e8184aab41933ac6bb8e6,030000004c3c95ad12a0a5c997b2c91438fa14e606aac2081ba9f108000000000000000099087a5cf7879088f5a5144b67d4217a884bf825e6d5da611113ea473fe41484938d1f5672141218bab17652
378978,0000000000000000060ef65c49d114c2592888285275e98f54afa306a61f3497,030000004358cff6d191b181de0c208e2862f92711f443dc36d512100000000000000000962b8de9fd000b1f2effb542ce8a758bea5b7ebdc1c8794c4f396925d010aade77571f56721412182f6b6a8e
378972,000000000000000001230fdc35037ff0b96fd48d4ed51c144dd61378c366e09d,03000000631759aa5c7c1e2e9fd9bb49655c24f3e1aee597eeebb9010000000000000000721c051f4c333c795fd6d2d3c289b34b3f6fd4f29290d8f70d58458449a374972c451f56721412189190d498
378900,00000000000000000b5d0380d6770cd2e97288750fc72ba2ef81e395208b2683,030000009c47796ad7b289a3951bba6530de242a6e92205d7c393a0e0000000000000000ff968d26c59950a59ca3b8d130fbb1c233083fbd3d1a112cd77e96aa851bd040d4b31e5672141218d3c5f19c
378868,000000000000000007e6049257c2585feba3b92b7e692cb3c821323b02c92cf4,030000005dedb232fb8c28ccaaca7b77d96db2bceceaac68b86bd5080000000000000000be4dac232104d0f3b45bc9342b0d9bb0791bed74677db8f3b86278e079a10a9e9d791e5672141218c96d6475
378624,00000000000000000877e016f1a94c1ff149586f058d7e6332e29d69102caa86,030000002428020f5c8fa1d78dafa91629fa53dbf069e078f978f00f0000000000000000fd0b80cade359d5583ef20ccee2c3dcbdd8cf89a0ab1b6b64e437dd2452542fbcc2e1c56721412185a756942
378572,00000000000000000fe0e0354efad090e849132562541ddbd4a5b76a41059d56,03000000987e19290484bafd8b77e9faa19d41835268ed2e2e37480000000000000000007725d8b94d4bc1ad787d87b9b586f7b40e31194683ba68062560d8c8b224e90f30ae1b5672141218380a4a08
378539,00000000000000000d9d4cdbe81994e28b1a24f91844d70558dcb8c810418432,03000000e26e4b05268e2af7b6e31af5cdd52350f06097ab21c69b080000000000000000cd1855491d93ffa10e21ac2def6042da1135299e1c2679efc581c567e70de0c198561b5672141218b9f1bd32
378401,00000000000000000f7a35f6e4a3624b5d796b6f1ab9c941608034a6d3c2d241,03000000fac1ba63d9a71d487fa2f9013015350ff04009b611628e110000000000000000cc542e589d09d4802af628328aa7f9270a36a32b3097175666dc2a2d600a3be158221a56721412181170f55f
378368,0000000000000000067a71e76ca5cf522f59e867bf357f64df87aca09a75b521,030000004a50770ceee6203cf2d6877213c91590474ebd8efc8db70c00000000000000003680397436878d466aed4c7ba6879c454f678ec8fa20e32f3d8e122409d276f9bedd1956721412180aac0335
378316,00000000000000000806c49f6b53b439beec2a1434f15ae713b84b87a26bbb51,030000002989da77c4dd3d89930cded3f92377f4eca4623e3cd6dd070000000000000000c643291410ba9ec64801c237a5d5c7974f50a249bde136599fb2c8a5c884a4165b681956721412185a7d9284
378199,000000000000000001a601af3ee23185fd33ffd0d54dace399414222b9a55ae1,030000002b23e8e0f3983decd14d55c40d69da6baf3a4443a6c935050000000000000000a05cd3b917d6c52211afc8f6caab0c65ee8a6dd1035610033f9530ed0795b197f96d1856721412187dd2bbb8
378188,00000000000000000b26a61883a6f7b180ec1ea9b737f76777a7c400e713b9a2,03000000b9acbac79c2dda9352415f43fe2be02ee95987c3f702df030000000000000000b4054221a68035827b1c4f05eb49283bfebc4e6a04e45c5a63b3de4c0d8f44549551185672141218d6ebd6b0
378164,000000000000000009f779cd79699b0cb2276ce9c81b259ae5fd3baf91a7076f,030000007d4e5927267b7956343825b341ab25ff2a9f26c79ce6c30e00000000000000001de08aebd64185165ac066a45cfdd8819be0902c40bca6176a877073c3e030a21a0c1856721412183e7494ad
378141,000000000000000002bfc38d17166cd93644781669a6c1d267cba9699e5d2c41,0300000075f3311dd80eaf0e626804a39f58a7bcadffb88e229a190f00000000000000008dbd57e7d895886c2eab615be3fadbedbdacc106bedc0e015a0eab43a4e0170c51ce1756721412181b3252dd
378134,000000000000000009a5dc2a9d5136f7b78ece91f8ebfa13638a1923fa05722d,030000009be05a0d3e86f172c2abc95b7b61d8edd572f9de401ed40e000000000000000068cfde82371adb2a5931fa91a9a256b6f2e5abd83af2e8f3434ff256e92af6e448bf1756721412189984deb8
378109,000000000000000001a85b6fed51c9f731fa53b6a04f2b11475591945c866751,0300000091a238a8cb21bc23644fd727c2f20dac44a26ee6bb578e0300000000000000005c52021e7f49fb1bc0eb7d0ea0850300d3d80d70fc00c7b33620ad19b23f652ed071175672141218386d3d84
378092,0000000000000000030ad9ac88e664eff0a6de343a086dea5bba708e052227aa,03000000c4994858cc0fa569838830d0bffeb6c7ed58edf7729ee8000000000000000000853202fdbe4c04c8f619181dcd195cb8622a8f61f3a8265ddde670c66bdc2c8fb25217567214121885f90449
378070,00000000000000000cb38267c64f14834c7ab32368bb5c432df73166508ca511,0300000033d4c5ee2fb5b80c51e6e27781e63b3fa11cdfff436ad2030000000000000000beed896f282f26ea8aff2f06bd5ae82a3a792157334df642a090b59bacfaa2eaf71c175672141218bf2eee7f
378006,00000000000000000e3b3a19f30bb33ddaf5c4c3249273f451bf94749a7f8dcb,03000000240471ff4d881fad6c4594d29b80f02029c72bcdfed1e4090000000000000000ddd586328d8f4df0cf6aab6f4fa3bfe53b4abfbaf9c0dd2664a6301ba2f8b9b75e7b165672141218a099e48d
377993,00000000000000000088986ef8224a37d5448b27224e9634a35e1e14af81c2f2,0700002079689ac49a7ff28726eb02011c3138506a7165e8cba920110000000000000000b8aac8e524f7fba0bc452516b5fecb69549e8ca9b8606a6601406447315d2ff5045c16567214121879f64c26
377988,00000000000000000c7ef87508aa1638bcdb46a5f85fc8acdf180816e8f5fe67,030000003757e12251b50132732df9cb19de8718c734029d9622b60a000000000000000060f53606a62ea457cce0752641a61474f23bf9c0a679c520cbbcf164e43215b70451165672141218793d744d
377943,0000000000000000066ba1796a9c56b1dc1517d5b3048b5a606f35d9baee9251,0300000030ba43da994d7140491701e8d2f04969e52f3b2c955c0f0f000000000000000026413d277ff7b9a8ce57e86d741a399afab2f6831779ad4230e686da5c26ee31badb155672141218f678647f
377924,00000000000000000a88eee196c27e72137541b092d8477e37b5f3a141694839,03000000340f00c3281fb6d81fedd1d3292e67f3624e4bf827c2770f0000000000000000169db4712874e7474e85bbf1412f290020b35f9775816691d2c0d52b8d073120cdb71556721412188130ffdb
377869,0000000000000000023f368ebc3de565f0ab6eeb7830b5e887b7fb43cfb8e93c,03000000e31e9e5aa6ff2835926b94a8d47d5f9ffb679f1f26b9a10d00000000000000002ca6b6f711820937cef1287ed92afbe4d96647771e60745458336ae14f52f153af9d155672141218641168a0
377868,00000000000000000efe37e0d9cc7f2283964f877d6a1f349bd239eb4840c3a1,03000000222ad297f0d889d8f4ce98ff5a68f5258351a75e4894c30f0000000000000000782d0543736a735852aa394cfb5833f2bb33f815e6c3e46b666ed8b7e6ea0aec424d155672141218714583d7
377868,00000000000000000da1b9261f9f67fb9f5f7dd4a8946b923528ffa65a9e1ee3,03000000222ad297f0d889d8f4ce98ff5a68f5258351a75e4894c30f000000000000000053772502214f7416d03de00ec38bccf1bd5db62d68468477abdc90daba45b2a5c256155672141218bbbeb33b
377838,00000000000000000eb46756b9853fc4c096bd9d28e183c6675b72aacef384d8,03000000ce9d711b854a0abbc3555fe4518b424833beeca35e9cee0d0000000000000000d8752c8d28db6a4f73bb52ddfd86f2e9a3899a6757af5ba65a51c791f0c9229120e2145672141218a2eb28cd
377837,00000000000000000d0de686e69d560ecbc520cf1e9c43bf3b9b5e1e113bbe66,03000000cd27cb3329f9b5d60ab612f3e4952707e88d12b055b8820e0000000000000000b7800c5dd46da6d1bfd0b040b5074b5ab92a8dddf205046b48b2e9170b14c5d66ddd145672141218580c1866
377762,000000000000000010fc8a289c92602f3c45d8030605860cea47ec5db1edbb84,030000008289a50a5241e77b0650d0929ccc0b40e0d75bb74bc8ca0400000000000000005c9a4f652478d2855402580ecd823067dc4f6b44140d1968f761f1c0c105c3176220145672141218bb68bf5c
377623,00000000000000000d4dec695aad6b02ce6073285ac1159eeb00576f5a5b9732,03000000a3f125053e4035b51da6481d8d5c4529112b56c6cc666508000000000000000002e56a4cba0571dcd82b762219ab36cd7f6447e4692789ccbaf7aa47bc1af576bada12567214121830088f11
377553,000000000000000005981ef81e2cb172d0534cba01ffeedd44e486a7aea990dd,03000000a1c6bf7bf1e951198db0c553838b272e89726cef21712002000000000000000006fe65b971a5f10b2cff840b6a7716bf819189c7ff7bc037c8a1dafb8d2022d9773b125672141218dda65430
377506,000000000000000004b1a9c7cff66cadaa699f98fbe0f5bc05825bda7ce37f86,03000000033b27ac0c4a956ca5903f6ef84d54444cfe790d4fa9d8040000000000000000b42e7b9ce2a3f7772fc27c5e68def3dc114bfcff60268a33c74fa55f2694318062ce115672141218da12208f
377502,00000000000000000aaad2929e733e3c6d6c7e1017f7b57f02b9a9f1054abdc2,03000000ace4fa012fdce789397d206d160b19e46d40bc664f556d0b0000000000000000ccea6cf2bc752b45bef68f705192727071cd1a2c950e4bb13ae510eb888d8751fac8115672141218a4f23ccf
377387,00000000000000000c46a81c3e894c71fba6267e201da6a682be5b7455329be7,03000000d1f73f110495ce08c1843f5ec82097144e9d9fd35f9d8b10000000000000000082221b5186b8715bb42587c42bebd4e504de356395641953de358ab7690acaf352d7105672141218145834a5
376738,00000000000000000ca0ea282a1d2ccd944d484cea1ff209347720947ea273c5,030000003792c7312e833113c0a495f3f3cb3e218bc3ff605d33580f00000000000000005aa56dff04efbf13ab3b6c0f68ca942400eb469fae04fa039d76f339c91c2d5293f90a56ba871218cf29647f
376728,000000000000000004bda47f5d1e9808b68aa6995489ce40d9571ff6bb50993a,03000000e3276cce46f3a91948331d9c1952f3d3d63d508c3e6b480300000000000000003449c7dfbdd081cbf0302a5451ab914705fad9372ae70a88ab34fe251f37418185dc0a56ba8712184181d6d8
376649,00000000000000000897e2499fd8822fd2241d046853c00e4f7585be279d3de5,0300000019e77d88327175086e6f08cc4520488e40f61d8b46c063120000000000000000b5c1160c50536c5fa6dbceb24d2b74af12e534230896e816541c7ee0c829c9e65b480a56ba87121802d92483
376531,0000000000000000053a2646bba33979619bc37a22be86b26a88d85e16305546,030000005f3f98c62295d4be470841d2af2d2fcf6c622f6ff039db060000000000000000468724b0c4349c25b218c3de8345b6f2016163c45ec2a3749215c6fb8eb30752c5630956ba871218b5c4d1b1
376521,00000000000000000188d73e115f46f5b2e54974a6f1cf04156eaf3f5f3e9192,030000004938ad7030c7f376d8a46305e64592bbdbda254f3726a60c000000000000000079b26fea4e0ebf33af69db0820476e77187efaaf3e6744d0927bc6c18b591990704c0956ba871218c970a2fd
376404,00000000000000000046293e2dff116dcc7ff4f0a4fdb7b53887e5381018182e,030000008a83ba3bdc59736ed9c19194793000473653e910419afc00000000000000000051899540c63df8429183a2b76b0012e47a48e38a609cf4e8b6586092f76015fef7210856ba8712181949834e
376249,0000000000000000083816395a0e090fef8db79e6e961d0cac3a9af50f728a0c,030000008d4ac6401fc4797db73e43a50c11c6a5fdfce40598c11f000000000000000000b343da55f66ba38450684cf829a2f6cd73d56f7ea08aa4ddb12e2b295ab677e7a0c50656ba871218c590791b
375619,00000000000000000373b2fd03291257055a087947036642a0830ec6da26eab3,0300000046a4ecb20e37664373ce103796b2694e6c90d8352427080a0000000000000000a37163e27362903e112393e4bbeddab78ec3f8e882f608e9e39eb561522f9bd267500156ba87121846b7a46a
375515,000000000000000006fe5c575578ffcf24acbcb7876f74f68f9e92f1c519f19a,03000000ad6e4b03e87865c8c28bde3c4a834fddcfac4552d490a70d0000000000000000449608fa683191619f7f5b185cfa40e61b2f515ea356e46bd76245baf32cfae48e7c0056ba871218b294f77e
375088,0000000000000000054e12f1ece006eb18ddb16b65b85be7008606171825bdd2,030000001eecafd170adaec3ee3f4e1fd8caee18d41c748dffe8b604000000000000000039d9780e55597fd0df003031a2da1d6da1f4da3c534dde02b14be1e98954dcdd8b21fc55ba8712184bd6c072
374879,000000000000000003a166d274ed66759c9d29d52f5947b8be1f8aed7aedc9bd,03000000b4cf5e6968868888b578780e588da89681d4413a6582ac110000000000000000a9d3a5bef2e71e3e5a62580ca8ddd6cfe8f32ecd40d47bffeba0bcaf3021cdc5993efa55c14d1318532063f6
374611,000000000000000008373c8cd8caf49c31ace7162f3387df65e488118fbba986,070000209016b057ba6f58802a6a702a006168fde6ac482729bc170c0000000000000000eecf681ca36d96bf90d4aa0156752b841ed8b6c645958243218f06f42432984fb3d0f755c14d1318692688dd
374564,00000000000000001090aa48a4ec2afdb55332ab668632c64454e891c970f6c9,03000000c951f9c87076cf7656cf1680e21dacc3e68050188e11e2050000000000000000da64f53864235c7258abc7486062eee64fc8cc1f656d616f64d7f81f995a9e3d4879f755c14d1318e6cd1868
374517,00000000000000000ed5f139a019e5c50f569745c56498bebb3d9a4b85ddab36,03000000a692794e93f9037f3d9c625e072c4d81a5d2ef2b98de460900000000000000005d7769d7ec033d2d496105c5b5548c511f08bd5336c82e29eeaa6c0df767e2789610f755c14d1318c6757c52
374397,000000000000000002cb5b9b7a9d788e5654199de75f5d1d206e7c652fd78d37,03000000a127bd8857a273009058858c2aee1da7fc9793c1486bb80f0000000000000000b77dc2643fbc809c10bdb084a7b45e721d6f18db6868e13126226bd5a728071e4e06f655c14d13188cd3314d
374361,000000000000000003372831bb93f12127dbec973a8ec761cec2139ac565b9a6,03000000ce3e696a96b474f152511e445141c3f2eb76e7ec5ca9220f0000000000000000751444c6e1a8d882f6de64b5a410f17b681f818ce6024f197527d12f357bff4ac0c5f555c14d131897e8f694
374219,00000000000000001123eae1cce3238c1c2a9c8e8f7deef79784d1a622d80b75,030000001e72364f0d20761f3c4196b763419bdfacc64ef9c2f0f40a0000000000000000221cfec67b62f2f8fcb4de9342cbccbf8c406625828fd89a1d3b61c032340a54e873f455c14d13189c6da001
374167,000000000000000006f268bd526114c216111f74c0f798bbe2d58c0e9650f67d,03000000832ad08df7d2c98c805d96ddbfe589345c40e670498b3f1200000000000000001576b2b361d8cde6e59da306a6633fa421699c54b2c759500ff2a1f62a1905c946fbf355c14d1318044d4e33
374120,00000000000000000801541cfd5aa588b69864697aea8936cdf6c259f6a2c6d7,03000000649799e139465e2315973a1e7f0a9fdf52116731e3951c080000000000000000945f1e682473ff5ab937487298921fd72ae88f0a107554c687663420ef928f830577f355c14d1318ab4cb8a2
374001,00000000000000000b4d2bee01650536d9d8f982009204ecca275b8f45db3cf9,03000000a66514a809ebcc526b9449fa1ecdbbbe7316728337aa16100000000000000000346bcef6057570ca46adc23d984e1c182c869b55e93e76fffcf1825e81150220847df255c14d1318d4b05381
373861,00000000000000000a604e23fcf3a88530d418d4ed5e39ba91d472b570fb44f1,030000007c5b02a9a2c7623a2bc8c4f8b5df6b4ddf3f8b77d7fc4d0a0000000000000000a3c433758a465f7048c77e6ebce95fdc8a5ef3241bd22781339c60766fb9e2622761f155c14d13186c65d0f7
373786,00000000000000001017ae4d9f21cce9a37e1397ff5ab918b5b7ee57777369e8,03000000cddfd43b79f1c86582ffae16f07b54a3e11ad84d1249740d0000000000000000fc543456037698fa30d43334df95f8e512dd17b1696ad73906b2187c17b2ab76edc9f055c14d131812b3d770
373704,00000000000000001288d29a93c0071b1869907f7e441bf8237ba928c3556701,030000003974636a62d353f2167c7c408788bda74a0aaeeffc1baa070000000000000000a883a33ac50e109ca6b8bed7ebe39e18567f107b9edab5cff3c5a05ab5291d51671ef055c14d1318d6773d45
373603,0000000000000000064fcc8a27a5d34c9e85029c0d628a41848a7fd0a404263d,030000008ae99659b75e2f07904047faac83f595dd409785c176700d0000000000000000eee9a36f95a8529ccff4884216c6d617f7a9a913bc1ec99e7df6fc177c212f594730ef55c14d1318f0ef7466
373469,000000000000000005bd859f24f98069eea5b38c00dc56f08100b5a3ec0d46b0,030000005cb9a4593bd547e497f10cdfc3261e7ea6febecb67ed77050000000000000000a845f7a559eff332287bf08251434f8956dd9aecb239512f9c7360e8955dbbd335eaed55c14d13184b0dc846
373341,00000000000000000f49e6ef4cccc303082c41f6b4e1bf190a5e53e95ead72f1,03000000c56ec16b67c0b06c812dc81c54c69749500bf2a28abfe31000000000000000009e2a9d9678580954bc4ea4690827eb3fc6005667e85e7829520f1d8b9cf4258c10c7ec55c14d13182dd97e25
372678,00000000000000000e52a8516504650f2289c37f333699c0114c575e81734abc,030000004ad16d260688d50c3c9e99acaa378c55bdf8a64db08472120000000000000000ca0688a080494d09310491d60a1cabe023d30a845d85d796e6d7d380a105eef6fffae655c4431418d493972f
372605,00000000000000000a65f3efd3dedf4cfcd8f3f368e38e68b8471e8ccf4c24c1,030000005860d8ceee93f7975f48139e9732d381b92c8efde055c4010000000000000000590a991dba29b7d74b3dd3555cf450baec28ddd5f8b785cafd4ab24d8374ce85e053e655c44314180c47b485
372417,0000000000000000003e84aa01ed4c45a62727e71a2d83bcece422ca26be77ec,03000000456f5843804086a24818af4463f68476059040569f0907020000000000000000abb040d0a3e8d666a1dec05a3f21d98ae78f8fe5bbc3c7c44a29446d3be4b3cf55b4e455c4431418cb3d9c9d
372117,00000000000000000bff0e9c0a9dc4057744ba4c8bca30b4e23ca6c4c811a653,03000000d966186b6828266cfd0bfb8e82e2e00a1fa8f18f95d40c0e0000000000000000501bf2046bc10c4809213cdee6b8cbbd1c499b895f606bda75ac968fcd9e18c1d31fe255c443141869421cfc
372048,00000000000000000fc140b3bc958138fe1a7be3560d1b9a33be08c66f961aa4,03000000a7ffeb6f040f93207dc4d1b2d09b7a1afceb78df5b3da203000000000000000063628e86d5c831300848d705abab9ec39b1b9767fe1f05161e00bde244bcd518a390e155c44314187a844ffb
372008,000000000000000001ce1891b90abe62d5b04fd4e3b8c9973584f73b692632f2,0300000021b260b152321283b3d13e138dc461d29b97777787d20b110000000000000000bb548b718db00a0eb32afc99cd8f2b2f5b034e4046e33e964f8864bd3908b025973ee155c443141855800780
371947,000000000000000006f82a4134394d3422ce8afab5589d9a26c8895d0d6478c6,0300000025206d6c0b45e71de0af571540d65e925442609958b25d130000000000000000e15ff67fce1c9080e7b7c56a580c1772723986266b77bed3af6d2f534572d19736b2e055c44314185ec86407
371782,0000000000000000012e1cce9b99ab947c80ca25fc36d4a277faa027f74d8f8d,030000002885c7e4a762df23832a00a786a9dfa86934d932343b681200000000000000003e427fd605dcd59716fc80c998fc2d71767e32c37744c551af1afcb12fd8e551cf4fdf55c44314185f7ffe31
371593,00000000000000000ebc6b014e571a274aa1c3fecbd4a083f3e34398923c9c22,03000000f2a89a5198859a0b12b7666e7e2f0e0ffec768b336f22c12000000000000000091d3a299cfc680e5b03102b2b3eef4399d42717720d3ffd91da84db89e2ae17fdd9edd55c44314186145473c
371309,00000000000000001109528a9e5b1d6ded0c55de68fe17830ec71525b358a72b,030000004a009eb1d7c5002d5fb54d2cc0c0d464a7b06d02153a95010000000000000000b9a157530b1d09af09cc65c38a62388a4c148211e75f5c8743d254f7133072e88a18db55c4431418a86aacb6
371011,00000000000000000a379845812a0e1071cc8dca03e9b54b92f9f28f2629f18e,030000004003fe31933eb2f9144d2ac6ce22e42eb6fa8b63a5bf081000000000000000006b3edf335fce51a60b4d873131fdf423c3ad41e07f9ae55975e14863f920ba852c62d855c4431418b1a5af3a
370811,000000000000000001119be27601858910c1730c9827dafa76d72d247dda5cb6,030000005d8ad4a1f7ca58672f0b77d27dbf697e89eacdc889404508000000000000000017b38f07b284c585de277b1ae125951bdcead6a61fc4aea2687302f9246021c2f6ccd65504dd141882e7c9bf
370791,0000000000000000089f55c69d64570285e5c643b51ef5c2a6e70ad91c20c585,030000002854c24dfdfc976e9bbf69f2d1226cd60ac88c319f7a0410000000000000000054915278a9fa213a6467f71e56674b4886a138b4f80e72e8167fcae47c394387e8a1d65504dd14181ae75530
370619,000000000000000001096490777b0c7ee97f873577d1b1141bc7a651ec0f8829,030000009a22e6c3085f7f66c289b7e12f0bc4261d905554cd21e109000000000000000075bf18917b4ff3d5320c96f4dc402305aaa880419e0597f00afd7d970abaadfbe503d55504dd1418d51f002e
370502,00000000000000000a9e0ad4abb3ab2796a41cab050896d9bee678202a0181c7,030000004718953dd184f648df6b59aebf5fd607528d3d18bf840e140000000000000000853a80b72cef8d3a9f36fa1e319b5b85cf4b602bc8d61209618d42c1e392b251de18d45504dd14180302fd34
370441,0000000000000000047dc06384dcc0fb0eeda993a571bb5fdbe9f29f9f12c2ff,03000000c97023f52f454962f364bbd955901763be7db35d2e3fcd0a00000000000000000a60763b22617116a80270c35c62ecb524cc2b70b3829342f574dce17dd2d35d8188d35504dd1418dc3e9bfe
370426,00000000000000000aa581d078585d00f27748fb8d41dbfb2129809b70f3b557,03000000a0b2f4b36af0dbb4642fab1cba01ff2e214827721980c6050000000000000000a6c74bb05d36ee1fe3086a3d18405817daf2901e973bc5b00a2beb5fca241a118765d35504dd141804427e56
370148,00000000000000000b16a4cbd2934fe51fb50fbb4ea56f944ceeea6fb1aed13a,03000000b6d4b10d433aa81df3ba14e2606f471db531a1b6fdd2a10700000000000000005072c8878e95a83122cbc9608265c1e67d4f5e3aa7f06ed3571367ccafb73e007cd4d05504dd141836e4d763
369682,00000000000000000e4d9253eafbb9634910bec9ae116cb816b752b4edd61c7a,030000003632d60fdbf31ecb28f5bfd531a65078bf7c843cefe3c41000000000000000002fde376753c3c195762e6bee096a56be2e9c9fd7a012ba955eb20422be59a8eefa7dcc5504dd14185c84f745
369675,0000000000000000089b6f6c1ad1f7d74ea288f04881d2f9f0633ac3b2001431,
369656,0000000000000000114db33e24291056f26f097260712645ddf9f3a34324fa74,030000002aea73329dc685bec6052bb2dafe656b13bcb4040fe5fc110000000000000000a058947e81088fbba39220df872afb78f5425c2ea32c362de2130e5b3a866f779f38cc5504dd14185b79de28
369381,000000000000000011e0580fea162581f2589d3496a34ecd47e3e862a8511485,03000000d72ec25072dc9a8b808dd18b912f28d6b7511bcbfcef1b0f0000000000000000af25c45c6996c9fae5a712dfea9eac9153d0552b67b4b7898100bce613d7897d20a3c95504dd14185c253540
369332,0000000000000000043d226df0decb0663be6a083d126b5098ba2acf0a60c1c6,030000009c7eac6cfc68426fdc0a5c62a177940ef974952f52139102000000000000000015fff5546d7caded48c3c6b2f37cd043279158b463cad859b0c25585157ef42fa046c95504dd1418a3f17de6
369312,00000000000000000a21a8d2b1b242676a3f04fbe908b399564f73870c686b59,03000000912372ce858fe2ab1c3d086f81c473ec825636cdcccc5b0300000000000000009cbf4c0560703fe5508f499a39cf3d76a8b5e8f12519568438b69d32503cebe30021c95504dd1418f19a7575
369270,000000000000000009c65f65c49e384267d5a923dad5dd789ac20375d9400894,03000000f043c96007158c19e07446625403d7dc6a7fe137f3ffc80d0000000000000000e049452b594e347146fd0ee9567f6af46523cf2f20537ce4c77afb9d2f6f263ce33dc95504dd141858d7b6a1
369170,000000000000000003bc49357e59ae3a27674f02c5a906cfc94ae22963fb33aa,03000000b437a1f91861367da7fe9fec780d319dab7662fd12402e0a0000000000000000be11fdbc95ec4fd8a20498a619b5df98b3a040ecb6a4f6f9e3afdac62b76a79bac01c85504dd14184320874a
369063,00000000000000000e89d6273f4360af4e2d37b7945747dc5949676aca333c6f,0300000047d751b89a9844b9f10180635ccb980bca30b3946cece71000000000000000003a9e0fdd1d36a87d6778132e004b1a69384a3517d2217e02a1001a98f7a3ce0b4808c75504dd14189c771155
368982,00000000000000000ba4a187c14bc3166e070de34e4bc514eccbd74c5256e31a,03000000b59618d80cfd6971a6c7333876a851e61f9b40405d54080b0000000000000000eeec3d214312abeb794368051fd2e6c48299f3d2c905f7391b2ce4a75953468ee048c65504dd1418d76ddbbc
368821,000000000000000006847b4e710dd0a6fc2916e884100a2072fa2b739feff254,03000000d6202d44524de184d5839b86ac9f6fd50d139ecd9e17e9130000000000000000e9d269439f213ba1459056c76a07d1577f4b65337f83d79b29530637020c015866e3c4551508151881668c08
368678,00000000000000000ef5875c6551b54da0e764ff1dc0d9f781331526a1f17536,03000000ab1da744fe08061aeccf69879c7b89063c0fa98352a3bb020000000000000000b098a290fb5b86cdadb1bf5e7dd1668431f9b5aab630ed679859f1a5c85cb44e979ac3551508151824c9901d
368585,000000000000000003b027633988b6685ff7fd8359d19d4b0d38a4719d7c430a,03000000190b0e3283ef0ea7ee31dbf580b377b4059fe6f68da462090000000000000000feaf701007be9c98d10e5505b63f62f2080f2cab359e8fd0b1fb3c562cb66e71b4b0c2551508151820193347
368585,00000000000000000046a31444ecc0a049f41601eaf44ccecd1eb8562e3700e5,03000000190b0e3283ef0ea7ee31dbf580b377b4059fe6f68da4620900000000000000009c530d0b0d120c01b67d806ce0665770365656f463d8e0b0a2ac3897427a714accb0c255150815187dbfdca7
368561,00000000000000000ff6d0175cbdbb8b8b3322bb0152870bf7a998cb73006b3d,03000000d7b95cb262c113242080f52773ac21b6274d629e1bc4aa1100000000000000006ba875fd7b43ddb6fe2f368ba5f829ef98d80cd10096152885c510e62d9d1694417ac25515081518637d8590
368482,00000000000000000b78bf2322a58aa8b56b581693e6ea5b33fa687e6dc48ffd,03000000cbcdd1d1df3509f4f9064751f46d72448e0866dc1ea27402000000000000000065381296a7b54e86e224c863da1caeebe3bc7df400f51e1701168d011169838d3dcbc1551508151878a4986c
368302,00000000000000001084241e5378c0090523aa0c23b359056a665cc39a5f49f3,030000006c89c48a3bf31aa53cd8270b04c33f7c17e2685f521654110000000000000000d6a7f21541ff3e866617f3f66197af100d96bb9ba81818da3376b608004d4854ddedbf5515081518de56564d
368233,00000000000000000b7854294c9085714338090e05b9d379db8b89fb1058841a,03000000f5a49ab015c9dc7b743eb938f015683d9d4f39e05909660a00000000000000007d6f485cf44b291241f4b1783e2c8550ca03f0a408a3d5eb11e6729eeeb1607c146dbf5515081518f122680c
368094,00000000000000000d8c9ec9686c53e6fa1894a38919b50e78dbbb92cd3b8e38,03000000629a7129b29104448aa24bfa834e0a456400b122f83b380f000000000000000066340fe76357ed6489da88c3986cca1b99863931c2e48af757f677e315372271221abe5515081518203757b7
368033,00000000000000000fc39b837f9c01de3dbe976526bf966451ad480d0e36b27d,030000009fbad465f5d513c3d85457852bbb8c676184988b8aa2ea060000000000000000fc616e1f29f8414e0d8a1fdace7c8987b34a629d66ac53ef7d4689a2ab5a2284aaa0bd5515081518513fd72f
367917,00000000000000001325cbfada6e3f65fc6c387ca454ee961393a1800cc1a317,03000000bf975851b22b3ec167f2ec70239e43284cf71d73b872b0130000000000000000230a35da7b840f9d8654403eb5a03181b4b579c62754cf4200a6276b32e029663f98bc5515081518d8d1db9d
367490,000000000000000010eb08fe33805a9554da44be5ccbe98fd0d62b6348b46196,03000000b9fc21967c1288afad518e3349a04131ebb1d1077eb0cb13000000000000000063b3ff12f5d0ae4cedf03e609d697d137959c25343eea7426d1c1229739419890fc4b8551508151867f9d955
367490,000000000000000000be0128f1194bbc2c5ca80bb3805974ea62492573ebb76b,03000000b9fc21967c1288afad518e3349a04131ebb1d1077eb0cb13000000000000000001714582a6b043db9b1f4440220898d00058f216368632dea5fcfaae33e773fd30c4b8551508151837243101
367450,0000000000000000066c92672b5b56f01e4438da29ead97422f7f106687d7213,03000000f274e60c65e750f4fa35a1eb4bbfa1ca0fcc408eb3808310000000000000000008ab09f1aa512800bd1bb98d93e72fd25e5a174e9a770f09cada2f280362c949eb7ab855150815186e72a1a9
367432,00000000000000001259292ba419dfe6c8cbdad0811faf2552db16f066b077a3,03000000c3530d4207600fc2a478924062140d5174fddae796d64c0d00000000000000002e06628b16bba9d5e5c6c8d3ece02de44f47bc35c55a0e5f5974ed96fcf6b5ff2553b85515081518c82fe8a8
367387,0000000000000000133a6c7bd8e4cb1c635d9712e05f695d0f8b68de932e69ec,03000000b04bfb74003a6100bc109f1a3d16d791c781f88b382ffb0f000000000000000010d6c624ce1bfdd1cf1b3614a20b591eaeb7a4308f19a480a8cb79a4b5577423d2e7b75515081518d33f6740
367294,0000000000000000022bddf6957e6278580c4f405692238764268bc1dd7920ca,0300000093c729c753404fafb75e0f167fa22bceacc1a4fd4635d20d0000000000000000f8a1429c9b01511231d3b57f1c0af78178f330f45a088071b95e4229a7488b8ab5e8b65515081518454ccf12
367222,000000000000000002613b14577f94380d1f6c796955673ffddc75d7ed6b5a20,03000000b80dbf25743eb1f9a52e28171dc2fdb13c99cfdea58dc3070000000000000000cacad4c7db2381977956b8760e0290bcfc8cd425b93250b2b60c879113213448455eb6551508151899f92b7d
367215,0000000000000000083daa6e95e2606af392f142baaa683c303320f3c62b3f66,03000000fe8e2815966e02a49b0141a3e550c8460095fa2cde3d90100000000000000000fb9315cd9ef059537983a476441f359e97478144878a6ab7202c87ad2ecafc6ce555b655150815186d1f4270
367199,00000000000000000915f4faf0f7ad52730b6fa7dc5f99843824a0aa2757a590,030000005d93538e062273088b2a85ff5232a5600f4ae2dc0b7e4212000000000000000047449fbba8e46c2199b24410560231248568f11b0255b9bfb92cbf1f4dde7c46552bb655150815180a4df393
367195,0000000000000000116322b5f25826787b01f7a70fb322837b68dff8216cefc4,
367097,000000000000000001be492f98a3bf74789f7a469fdf9c198c52aca352ffe931,03000000eb49e504d2fff9aabfffbc7b0cd2ee51c971da50d1073f03000000000000000034abaad1b636d07e8810cdef3547e484bad686f0615cd98df8b4343ac56d9058c63ab55515081518f7208f07
366953,00000000000000001317b81cd1351ba4795d3fec5977e6ccc57d25a77336f06c,0300000040b60349fd67fc5303fc09fe2b9445c27868104a446c690a00000000000000001463fcd64e30a780a140cfaf3802c2a644640fb26930db9b854f76bde378d533e2dfb35515081518219c4eaf
366883,0000000000000000034c22475ab9469eb4e3c800d2f2fc8e7cd351d1252322a5,0300000045d31d5dc4c0c76bad50c3d3e5eba09d1ec216176d4666030000000000000000dc3e6231553698231817f2dab4906e519764bd2299439fff06681f50b2cc28cac757b355c88615181737adfd
366658,00000000000000000f041c93e4d26f195dc3db321e4c3f808df5635c037ffa67,03000000825ce92c12511c3c2d177437cf5ba7953fe0607c672d0e010000000000000000865e1edb2fcea4d0c6ce57c71d19d30afa7d8253c4f1c148280edbfe50b99d2f0e85b155c8861518488902de
366625,00000000000000000d9edc07b0c0c265fae6b71bfaaa47a6b9cf6f83eec75671,03000000f1c5a42a0373f209fa8dd61368d033114517d64b3a3689000000000000000000be66a4ea5b44d764079aedef090741feb78954f1f5d0887c6e0b673056fb49bf2f36b155c8861518e8c50d08
366544,00000000000000000d8bed9aa3405f5ef430a6eabc7571c6dd4060e79831d713,030000002f4dce0fb2b5e0b69545d9b5b327d3a4a4cb1c768bea0f1100000000000000001af18d312f6db0e803b8b2358fe15c7b9d1e3ab28431138437da028850e5b84ca16ab055c8861518b888a07b
366475,0000000000000000093da494f894eb66e8da991d3765b6b0aee7253ef1d6ea10,0300000001c262c45fa11e6335d393d1b229b6b45786b1668ceb840200000000000000006f959c4259a3ac9238161cebc5f62e7db34843782df9b18f1b537daaa911b39bccddaf55c88615189268bca5
366188,000000000000000001694a3c007b229bb9b8405b24e9fef8a0d5758c9d900728,03000000d0ea8b6b4edee52b36e8ae10f0ade8e816ee2245d59c370e000000000000000053ef4cca023d1925d256d816f7e24ee929a87688f186f5aaed8cbcd893e95666c63bad55c88615185f0d5420
366019,000000000000000014a2d30ed74cb4928830bff34d08196b7d5e5146a44af2b1,03000000e2f08ceb62765ae1bfda7610e8117c2558aa4c81dd004f010000000000000000635bdc32bad59c25982b79da5bdc3e005fdc0e4c77b1331c0db4dda97d200c1d21a0ab55c8861518b32d5dea
365921,00000000000000000e9525b8f76908fce17a547ebfa0b751ac1d60010d619d93,03000000ad9aa26911b51400cab2207352f7cd87ef5dab8d6a8b190b000000000000000077ef440a19270600bed2d81568c13af67ac70aa531f6a614adc8081919f542b837d2aa55c88615188067871d
365674,00000000000000000e47bdb9482f35d2df19e8a11ae2225c1e330bfbda6c8eb2,030000007dbd8233b22cb385781ca56f1189c39a95cc1b1d5ebbbe1300000000000000001b5d9d98b97c78ceb181f73172c63414d24ade4f53146b09e6747b3b5c8fdabb13ada855c8861518616264f3
365643,00000000000000000ae32c1f0af03c510c63e3e34a3e877b5dea0898ae365ddc,03000000c10484a391879433bedeb775b1f163bc059e399c989acb0900000000000000002d059339bb572c8aa3902c5f59b7e7cfda1ef43a9951b1c0d5a88e1b37f2d38d3f69a855c8861518936d05df
365638,00000000000000000fbd2dca964d695bc07c3155900fb9d0ba118579524769ba,03000000eb12930cee2689ed13cf034a41f4524fd0cce6b6d34c1e000000000000000000b64b63a84f93528d0eb1224ed6d2345a8b89619159e83dad1e42705e64eef38c5a5ba855c8861518074b989f
365633,000000000000000011ed38b549c7baa06334467f087bb09c272d99be9d34ad41,03000000fcf976ae0aadf02047062a80b3a7ae54077e2cf16fbb7e120000000000000000d172f37f92fb482abf8c3005aed820825c03ef83b15d7ff8413fca5db776846d2953a855c886151880bfec26
365607,00000000000000000f3388d998db4cb2e586ce1f830a9d9f9b1ae7d8076eb3b6,03000000a026b26a0a7759a22cdd475274972284f5e79f0f732707000000000000000000577643c26b57f4e7dad179fb8bbe394a94bc343fca5b889dd487579b8458f3fceb13a855c8861518fb45d030
365580,0000000000000000144faedf152e669d59006cc982d16171acec7618f3f70ce0,030000002494014e1e2d631cdd01cab3f8f62ba49d7bffa0847930030000000000000000357f3c9a764f0c3d407429cf4af3de4f5a3fb78a514cc865a4e5ea014ca1faa242d5a755c88615181928d16f
365576,00000000000000000b7f364afb8de52d0d1f39d8a351e0b1fc2221c72bc1b070,03000000fd07a063851e1d5946a1dcb78f43a04566f0e59ae7262a120000000000000000be7383e91ad1af8a0d9d288550fc29e9faef049f8f48620cd44a9d277246c0145dc7a755c88615189b318f65
365570,00000000000000000809e4e50a4a21d9fee9fa217e1038a92dcd18d0619521cd,03000000676885a2b5fd9679141012098c1a6caa8630cfc28810301300000000000000006625a5e0ad1b1efedfcba30774cd731c5681bbc7511e3c44fc4d787f8acfc039b8b1a755c886151838a196f8
365474,00000000000000000e0245172b92e70c179b052e431c5fc04ed812ecaee2a83c,030000009ced8d4f02c5060fa6b26cb00c8114db4f3f461f33e6a5050000000000000000f29cc4c96ffcdc7f90e40b562b0a6b1d6e34b50377db54343e8ceab4a0e9b114b6b3a655c8861518445cb171
365466,0000000000000000132f1ca0a482abf8161e18c9efe853af389e1f682291ba32,0300000074f5fd69aa83163ef533b557075407785e77d7f088f3000700000000000000007b6a3d6d63e54724b02151481a6c965b3d026bf53bcd2308b41764a4da4b51d645aba655c8861518ad1a77d4
365357,000000000000000011e53cf9e68c6b37234871f953b43ce9b8d6e6a8427db367,0300000060139a084dbcfd9e1d7680663489e0d0398fce96c0a29c030000000000000000722af6c24578d947a0e6b9d73b09512c0f3c47fbedfed9d79e67005e63a21b5220cda555c88615183f4d8af2
365205,00000000000000000e889d2e579a6eddce750a378197024f698d1e517a91c07f,0300000066c092152f9e0c62f7b956cf99d873957246a298f73ec30a00000000000000007c926a494b31bfd815741c6f4ca0a34f094dc2859285af1c86b89ba1f03c5b9cbd5fa455c8861518234b00da
365201,0000000000000000112b3f763f2c16ce54c58392a594cedf2d59c3f845731e29,030000001fd2cff640c4e5d536628057d37c5f0246eadc48eb7236070000000000000000ffdc8bccdcf6f830b95a878bc177f26e33d91d84d38be272a93ec0944fcc2db56253a455c88615184a5dcfb3
365107,00000000000000000b57763f4f0bf7157e56cb7087524bff1743cdacfadf65d8,03000000a832be1b076af574b49ab54a414c77ab94bf229d48d0e51400000000000000006e604d1fab987db6d666ac284a0f803d24ad07706935c6bae3de75289d79b6339288a355c8861518c74b1ec0
365040,0000000000000000004bf549df2d7322d8415b441ceb5d5c686cff69a1e4d1d9,03000000d149c35b9e793db8efbe9af2807330b6d8ff0474ab4a5e1000000000000000000231c03cfd7cf93ff90adc6f2decff826f98120f2621835810291ea49326c577a0dba255c886151840b14190
364923,00000000000000000229206228ea6de54cf266b7fce3179bf742e5dec23209e5,03000000a1ce1d73d712467171a28c3800c19287f3cae1d999215d0700000000000000005d01d7a660406d53ae8e7e5160904ea60036d0ed7696b2cb7ece6c5fb32dfb3404bda155c8861518fb7af605
364908,000000000000000014155fec76e1fdabebe8df9b7ea8febb6fcac5d87b875343,03000000dfa84594db43018d2ac8000ed8a951cb57fec42ecbd102130000000000000000f231ba6818ba9a39eceb39c5f3ba3a6f0a4b9504b77e53e300d2e40b92cc4c984597a155c886151819d09ecf
364591,00000000000000000854c67e553a6901fac748ab0734be890d214c7b2c0ba9ea,03000000c6c9e87c3d04c9f3b292833c9cd331f6d9fec261c7722604000000000000000062309f72ab026d5a4e55b5312f9405c7cf7833d3429a2a62b6b0ec673d7724b811cc9e558e411618234bec85
364464,000000000000000000b6e6aea7f7b9df64b513b6a5b542c409cab04f0baf2e1c,030000001ef9fa8f16e9a697fdd7e55992eb566f15396a34b330f50c000000000000000027076bf234f28b4dd28b52617303ac9d052425ebada19433f0dc1ab5cb3b4d982e8e9d558e41161898e9c75c
364439,000000000000000013b0eba5da32debe873ee7613ca81e6645e84de6a55fe92b,030000000cf5c974c3033e403ea6c0e6b57de1c2b7f578d48edd360300000000000000002aa8d61d451e8d471115ca9028cefc31969b769b6eb729dbf60392ed51af1a6b185c9d558e411618dbdd4591
364418,000000000000000001b9c10b4b84de74e21cb6428e82bc069f96f80ebf667637,03000000fdb96c45043c5ca6757ab8baee3ab7e13b2b5714c114e411000000000000000000067bae371d7adff47a49cef7b0bbbf84c7f086c19ef726adfc8898194056f8ba3d9d558e411618dcacd34c
364367,00000000000000000d9d7bf699cf830736790e874931e579097d2cba367ab794,03000000a4985be005e5988601b739b20cf93f4364a87bbbdb49d30f000000000000000095826c24dad1702ef3efb242639b23e36b0599202618ce5337da64e292196b9874bb9c558e4116184c0b480d
364320,0000000000000000111249f6c07db81a24a7ded4024504d2ef99af34b2f810bd,03000000e5f41dfe330567969bb521ee3578a60989f2c47cc56c8d020000000000000000a67937f87edc9820811759b155a329bcc2b64a31cf336c616607557fdc8688e361639c558e411618bc6ddcf8
364304,00000000000000000028bc253df72a4a1efca2a92a1f7f37a356084501f4a415,03000000b30aa226b9b2e51f14ce2a3a12ade51c2b7e2cb67ead54150000000000000000ef8cb6f2af23f5db5b92e3b54d51fd9bfb1b7e006f3b1913e2d3b9619279ece1403e9c558e4116187332e3e7
364300,000000000000000002827eecaf991eeebd8c48246e54a446774c2a6bc747afae,030000000dfd73cb7f2c083a5e0ec66f7f547f9b9c02907f21f34f0100000000000000001b678ad1cf938b33e222ef3d20312b18f6bf42ca66c6fa4fca25e6f9642e4254a9399c558e411618576845ed
364261,00000000000000000b6adf92bc192b3c21210f456ab21b5e46951665c74cfab2,
364251,00000000000000000a321e757723cefc9d2e36371b2a15c7332d97b36a18e19a,03000000bb9ca95857b452795c076a47944df26c1ad013462267d41300000000000000003bb536cdb15f7314c5fc2168aa792da9981eb0364779cf15ae4f50795dd5bd7fbed29b558e411618dadb7909
364247,000000000000000006c2b56fe4466c090b39d93d63d5ac16e58f8fefd2e9b9f1,03000000e25fd540d72b77f3397b86df8511c733d82d7e2db5fb45110000000000000000c47d07187c6157c59aa44838e5a42356b95e603a5fdff3fbd5b8158118185d7b67cb9b558e4116185bc523b0
364157,000000000000000007f7b0139ca8f92b7f75ae0d94352e7ebcf59749ce3c5f9a,030000008021465b96eb64bbb2fb1189d9688bede0cbca86a4747a100000000000000000313ca0f9c0b2d30e669170659fd63f4b7c34a07f93454c1c089836c0c77e4359c1e69a558e41161841e214a4
364076,00000000000000000200851372858ceeec9ec8f10aff5900108fb663596bdb95,030000005d1ac29b80b2f5dcdf5a32da621448684cdc065fcbcb7c150000000000000000d819897a5c5e25c3ef2f16d723832eee2156deb2dd224b413c0dc827bcca2992cb379a558e411618807ef9c9
363999,000000000000000012dbd422d7bf1c4b55982c37b390d4613dcee00d31741c6a,
363959,00000000000000001262efe584ec7ac039dba15b56d6ed239249c483636b15ef,03000000b55e4492a9dfcc9e3fdf8c912aceaf7de37a8687064ef11000000000000000008f6f9ee378e08263bcb576747399077b9c78f74789495e236435aecffa616a58e84b99558e411618e88b234b
363736,000000000000000013fe26675faa8f7dccd55ce5485bb6d0373fa66345901436,
363615,00000000000000000759748838b0f6f43a91730aec3960406b6452fca13dd3e6,03000000e9986106f0eaa83d7b8bff017abe439f68f5ca535cd2fa1300000000000000000e41ca389b945828d69dcbd42eb6e5809fe44523c729d3a52a32dc20d03685a1da4b96558e4116187e2b8ed1
363514,000000000000000000d67b184958aa7f98064eef1740ccd47c0b5361de436ab0,0300000012217d1317021899eaeae4b09c5cdbdcd9146d9cd1716f080000000000000000487c20afb1930511a40eef05158b0b9768add33762f31ff881baaffffe4bf207a18495558e41161820b530c7
363445,000000000000000015e9926f6e7d56d84ce139cd73294a4a8888f14d98a5c1aa,03000000321c0af56c208538a5a65751c3d698186872e5121ad6fe120000000000000000e086a0d33ab02add296ad6b2dd73df470fdeaa18207da0169b918c104e24bcc1a9e994558e411618f6aac502
363366,0000000000000000065a13460edd6a86cd6ec74bd8ba512d77a0008ad234fe20,03000000ce0782217396e8f2e91e0b76a8a245cff7f13efab645c5100000000000000000591628eba68cba0bfb708ea053a1a856d3f511a98d31dc8627e82f4e5b8ad7e8910f94558e411618ce9b8022
363360,000000000000000011a2323718b53d9ff08764c5785f194dd00506537bf2938d,030000005975d997951bb62b642f8a982ccba1f72b1b9b2593415b010000000000000000c8aa35f70b3e53a0747e49545304bcde03fada8d143df20dd9f1e2575593f421a4ff93558e411618445fb3f5
363348,00000000000000000adf2b2969fa9e607eafd33dc51d2ab7087688800defe2d2,0300000058f6dd09ac5aea942c01d12e75b351e73f4304cc4427410000000000000000005632bad3dcc70928bcb43683cf7bcfd9164cd71c00e6efef93b7249e7ee922b2afe093558e411618026ecb31
363162,00000000000000000f1f140d815ff223347a1972e3cc8ff1aee678311875ab57,030000007cf4760c5d9d9d48e1470d95223474da59e37e0b8ef4df0f00000000000000003b272909af17fc8f6565d3e497f6e3b0b4783a34f420405593927e754871cc72a24592558e4116184b71ad99
362054,00000000000000000868a3bd8af5ca3ad20795fe4f983fdfe486dbf291fe3a0d,0200000062014e3feb8aa3c6189e2ee17e666c61ca472116f9e0590d0000000000000000821d6f7bfe90ee4ad0385750fe4e6754e89dc5bf3277f7b65504a737f48d342f80318855432016183ac26cdf
362036,00000000000000000cc91f2c852c049c9a63f15db4bf3d231682ead3b5d55309,03000000a4a6df6eff64b217a6e56f066c6a6b6ca432362929f32d0b000000000000000028ab48295fbabc82da14f45d95c8ab1f6329f2873926fdb4bd858aa30c039df01e11885543201618d5902be2
361967,000000000000000001c591013236d9b016998d10f76a911ecefe4a53fa713db3,030000000139060a1dbcdeace4b4b2f91c1f3500590d46c86bd8e206000000000000000055d69b4066b7f612983f284b0565585c2c1245bfe79a319ae942a929f418eca78a7a875543201618761b4022
361697,000000000000000005c1c8741ccccc4b8fdefb1d6f2863716f25da558207c5f6,02000000a3b5a89ba0b10a2e2e667e10ab7f9782de7b65c4410d7b110000000000000000fe88e77663625493d0e18932f12252b262f22bf2520dfc3cf712f0ea807d63cf88b68455432016182d857414
361445,00000000000000000ea97f669cf1bc0966a59e8fcb32166c6ebfcb020ad052ff,03000000e85ed4dc7739a7b68b36925ff442be431ff5634ddcb546110000000000000000d09a3bd43488c22f6f97aa1a6d66da7c31e015ce6a90899a6b1e1ee1830f43b4388882554320161881dd6cf4
360999,00000000000000000bdb205eba7ee97076bcb52a9f3456e6e2d1c42d84fc0306,030000003cd7b2b73940cf30a4f574aa9f021d8cd82646e92c9df30e000000000000000028f8f9506eea5cb44f44c765cec5da808b801be7c4857d3be1739a23be5151abe5477e55432016183d9eb012
360990,000000000000000001ba19e5b33c64d78ca024a4c2640f18332215e0dea83fce,0300000074eac28967b43761027ac984365e6914b917a9b3f88462010000000000000000f53ebc2fa8b9faecf53e11fc8588877f0f86b7b5954ed8769e918201e0b84e5125377e5543201618fad403fa
360986,00000000000000000b917aa5bae0f8523082587936d3e163445e2b8a01ae2ab0,02000000887761bb15df9eb6942d174390e218dd92e06a04a381510600000000000000004d7ceeb353d619dc53672f3539ff9b5a2fea201cc3bdaf17ed722d90f2c94b9f3b317e5543201618e98ed743
360947,0000000000000000050e9f1be71cfed1a6a6edcd7d6d8b1bad9f038ae8b04726,030000006c2cde7ddc00d65751acf4dcd5e83a7e04f8c2771d080c0f00000000000000004270da446e911ecf68c31aaf4f6e2dae6d033507d2bf53ba8d6875610a62223064df7d55432016184e5eba39
360616,000000000000000012cae30cde946a68caa529aa179d04641178cf07096a5d5a,03000000045d7dd4568f7df464bfe6dbf4cd8e232ed100ea310db70e00000000000000003749ec18b3e79a6f6f954e0f480d94293a72ecc0dd1668be8af87f2427b34c2c93fd7a558b1a1718b630fc16
360472,000000000000000012b757f1678922b2686db734aadf0a783f869bbc845d503f,030000004f28470205f72e3e94104a305902567f072746f3c0b03f100000000000000000ff0d635ed4f6c5adbb2703202836280c064e009c553493e82b3ca2150eba7dcb838879558b1a17188a0f9c83
360362,000000000000000002d5cf67bfaa92ba5b371c1590eb48d25031c669ef6233a0,03000000642bec967d68425d1fdc73a380af1b2df28e03c52f377409000000000000000083549ad56e882e43aca4cd28ee0f0f8090b1c2f591f936ec382e4cb9727cd11197ac78558b1a1718461e469f
360057,000000000000000016abf022448c6d53d29c79f3f7352cf920e103fbf0835078,030000008033492118781998f10e0e5f48220fc694b132e8e050f6100000000000000000c839e808722f22ee16ef4c5262a1c4fae71b5ea96d4e231dcbed7334217f677da01476558b1a1718530d1bd0
359929,00000000000000000f51988252c9d99863cd1ca52bab3a7a2fb97cfc95c50a92,03000000b4612bf256af5dffc246702909cfebbeeb62d4ec271c90120000000000000000e2e39930188252f3d3baf03de3dd2aa0d79e4588849c96bceb5417c4b6073100be0a75558b1a1718cf6d00d6
359573,00000000000000000ea321fcb6d852f7b3ecc7962d06c33c1da69c3247d935d0,020000001c3803e8a59e3e75a9091ef38e79a30b9aaa6346bf83e20600000000000000009f4a1946b24592d30c67217b48a4630371261fca9d502b3ceede4c18ea844184001072558b1a1718340814b8
359452,00000000000000000ef515a0bd277664ac1d9deb7464bb5afc604793d0b495d8,0300000079c975f84b14393e23e46e6fa2487c7d0bceff2928e90a170000000000000000c6905039e50695eb7f4978e953e404a7c09e3b464d0e51eb62c8e59beddaa790c5f870558b1a1718d9851781
359302,0000000000000000117c3e9d073c41766b904910b58c61c9e20008d7d4aac4c9,03000000e079b39e7f6ac3844a230a092add7e06b9b0433983201609000000000000000004e17972888123e487e3b034a3c1b86241f30a07f36fd42249a70c66a748e5d869926f558b1a1718cc3c55aa
359279,000000000000000000a67793364098b7c6338ec691296a1d729a020eaeb344d5,0300000047767e0758caea1e7eeab14d4a438a45bcee807c8b734d0a0000000000000000fb1cef46e032edf3fa5e6faad4491e438f6fe483426a45dcc1698affcc55ca2e355a6f558b1a1718343defef
359234,00000000000000000dd889807f25225b494a908da187b935d43bb6f79851b943,030000003a033d20d178fcc18ff28436bf9e62ef4938ca27a9dbb80f0000000000000000fdb16b5fdd20ebdde100f0e25f43fcbb7d9f079c9af9025d3c95582c316f73dc21da6e558b1a1718e87ac79f
359153,00000000000000000f3f4564ce6531e596f8415cc3e5733b8bab938fd5054b1a,03000000280df31cc7c6618d658871fb99301de44059738168993a09000000000000000089e255c5ba4d2ebd069a8a6a1c9a365bfe85b78a5c2a26806e995a5b3fb6faf9222e6e558b1a1718b3476197
358999,00000000000000000e9769320b47364ee6e6c33f3de1fa421de6aefc8d80218b,02000000bcf07c5b6d362f581caa54a5d20c580d19a0ddcec262010900000000000000007fef778f6a0df558e779647390e5260fafc64f27e21be735e336355b3af43a444ccf6c558b1a171804fdda30
358998,0000000000000000090162c2cedda0190d580cd2a554aa1c582f366d5b7cf0bc,03000000110637a8b713393bc8fde69389fe08154c65b584bb2239010000000000000000a77027b5dc2cbe77820f364552f24e9fb3665ed99a8a991ed6d0b56dc4482510d3ce6c558b1a171853570362
358917,000000000000000012c95182651c61f62196979b3f52e8b5c564d2f47bfabb57,0300000043e8a52c91487abeca3f1a7e1942dbc6154171c3a726fc050000000000000000a724f5602ac38125e0f9e0403ff019dba347921912855e64f5ff4525ce29fcc59d0b6c558b1a1718dd845ecc
358744,00000000000000000843c6116f68e30162fe9ea20f45126848d6d11660344dbe,020000007cef2f7e4626b00fd4d5cb3829999ee687383568f51afd060000000000000000038548e210a0878256f78f61c2d2a6364ee898ed573f5c8dcfd5b105dde12f7a43726a55f58616189792289e
358657,00000000000000000c31dc5ef1bfced38774a6554b2a89a4b571c84b24f14704,030000007fc6d6b81c31c707ea0b9228ed3765d7622040cd0961300b00000000000000002cf214c4f7ec954e679596b25de147765431fcfac59c0d0e9534dc0f2fb92331649f6955f58616184bd287d0
358524,000000000000000012e320dabfb98691d20248aa94c1e0e261da5d47154d6be9,02000000dba3726dc0772167a6759f8c773377d50dd76be672e965010000000000000000f7c6060d749a6b11f3d10b7e2c36d001f7918f612c9ff659f902fe3f25ddb3f918516855f586161814b2436a
358495,0000000000000000020900db4a0fc3b75b595914d477b262e6b5d21d11e43819,030000007c71ee9fc8ee95adbfb599e39ea799f42711feebf639450b0000000000000000c3e4fea9a734159cbc7b796613f783e4f6c96bf44603353b1dfce3c76f56de01750f6855f58616182a6cab06
358151,000000000000000012a8b767579d44fc4d663ff961afa6e92c3c47fca76edfd0,0300000037539d09eb3719be3c47febdf60efd591a31084f3104b801000000000000000016a08b97b3e1e898a3842283e66896c19a6b21a1eeae1a5357d309406243c90974e86455f5861618ac590d10
357736,000000000000000011e30b09e8b73c2a15de4e016c1579389e1effbc7bbd7c56,02000000db8e9be9e374004406500295746d1ac33a90990cc701810400000000000000008acecc0d81c9f3fe6cc4738cd54b3a24695d071499e58d1efce22246f7abc35d01086155f58616186984d735
357722,00000000000000000302bd70a109e1b122b4150272af8f77e601f1cab914fb9a,0300000042fe848567796fb93fddd85625e27d07263f33b7a1c5cd070000000000000000f8003b2589cd4b5ab0a738b2a4aa25f662a8a0c07234251f3c4cd746a82f5827ffdf6055f5861618b12e98a1
357609,000000000000000015ca6c9a95d7345688a672d066d98e91d79102882f3888eb,03000000d744b76efa06a1623386843de2248dd005a8afd9373b3c000000000000000000ab1d83466de2eedf33ea84ff95cf705644df4a57ea811228d92fb44343d485c8c38c5f55f586161822f99c2f
357427,000000000000000007a0ac307aedd792541e933262cfccdd0b40d9270e49f813,0200000096cd8db59d3673df841818118ae8cae84d75ee87df81b2040000000000000000a045aafce377721bc6f94d0e1ca6971b94f6be5e5fb76e3b4f8c1230adf074a211e45d55f5861618aab29d3e
357369,00000000000000000db6ab0aa23c28fc707f05f1646d25dba684ffe316bcf24d,03000000c269930b6793b7d3b01ca6b8c56863ca4f00b075a7bd150a0000000000000000391c579bd59cb0199baf96dc1bc1066de0dc202bbe18f062a20aa25f78729376ba6f5d55f586161826f45178
357354,000000000000000000a1a246153af350f4a6cab3f0a80068a931a84ca5746e01,030000008a9e0ef3bcb01860abddade07f1cf750b5dff6c95c25180b000000000000000071b954170d3f1d17c4c0e1ba0526fed3e3959881acdd7518a3050b3d3e1c76f148525d55f5861618f8024e03
357309,000000000000000014c6ca0b3d3311e96cac9207072736034fac8bd0ec28da2f,020000006c1fec2d03d6209e9845d9ae7387bc975f3dca72516fb2080000000000000000240e208d18a602910fe6b4b57b83af0497b87e95ef1d9ee6c331166842b67978ecdc5c55f586161856970bea
356913,000000000000000010ee54191644032cd22db9fc5f2d6de20ada710614ea87ab,0300000043ceccee9b13b4abb4754cf84b8e2806b065b8195beb28070000000000000000bb0c1b739aa1e4fe8ea4a7bd446e4bcc75cdb09e58a01cab124cd6eacda960ac851f5955f586161823aa3ee4
356869,0000000000000000055daa18b08e635495c86aed2d4898bbeb4869255d7a68f4,0200000020784ef2acd0b60d6d3016c4bd171a1a8df12e3e5c7d960700000000000000002c00269702187aa37e2ec0151499d7f93ef1930dfaa9c2015ef226fc872d5779ccb65855f5861618e2210e2e
356804,00000000000000000ac59e593eae8a599501d0305f6b293b96ec4438f185dbd6,03000000f38e231413d4bc8111e2e5a38c856a68477024482136fa000000000000000000eb77eed128caf3c8a2c055606a8ece7296fe4cf8eda1abc2edcbf6dac23ef514cc3a5855dd13171810e708d9
356803,00000000000000000c14a3a5a3e125199ebc6b9d500af827414c9e8098f8cd54,02000000dd75626a745718a45acc5071687a0072a745b00065cbf914000000000000000033c84779b02ea2c761a13289189001edd302641fe070987bc9344409747ed1d1c53a5855dd1317181282e768
356689,00000000000000000ea52393888f4555584b29bc538e1a3321fb5b46fcee027e,03000000de336f66cbbb5f60a7fa218fe7630716c994befc6735b60800000000000000001ab100d3cc475c9a6eb96d835e1ca4caa2ca8e4f2e24caa00550810d6e8e3420b3525755dd13171839282f0a
356609,000000000000000005013140dd3af4a1e6d3af6f0523dbddef4169dd0dcda888,03000000eb722de640ac241e96e873b94e3ec432a43c554076a9da0a0000000000000000fe238eed9c1069ddb06d82e3cabc5b9fe131451560d9fa21b8ce97ba0bfdfff9697c5655dd131718c4f79ed0
356381,000000000000000005e60a3c97841d0e876a8cef9126f3fcc721591c866de3d3,02000000a531f899221279202d8b0c3d1e00fb636a2338646bd22c0e000000000000000017a2d5ef9f5932022e3be2c11d9409a2a065463d8beeb9683f386184a258125120805455dd13171801a02a57
355935,00000000000000000b8d146efc8460142f24f6217154571a2341311883d6d532,030000000f7f0acd69251edb876dacb550b57dd7c803701fb252a4070000000000000000244dbc8395ec96db28f0c166f49cf6baad873300f6ea5a82759cd12fbde5797ed2b75055dd131718535fb977
355823,00000000000000001393ace169bce9437ac9f48e060515d3b9091f1202cd8d8d,02000000d629ea4f6192b7310e318a85423fa5b961de424ed134e70e0000000000000000370880cc49bb2d393ea727dd2cb28a45195d185ed1650de1ebbf658dae4cc38793bc4f55dd13171803e8e092
355559,0000000000000000148869e9c9612b995fb07f44d5b7d6bde8d3d3975795054e,020000008f04aa7ed29bb6560d671522925490610a8e2b029be7e903000000000000000093c3d9f5c5d06107544ae16a3685c3bc8d4ae2a45753476a47d9b79d653f689124114d55dd1317181dce9be4
355269,0000000000000000119e2b7e66a470b180268885db2f9a11bb4ec1ae20665d26,03000000ae0065faa6397a81a7e4c2addbf8e05c962aafb0e1f13c010000000000000000b48c7c24658f47c9e69ac78b336a179bec28ab6eefcecf395d27c1d6f1a1fa67f6814a55dd13171824300ec7
355219,00000000000000000e46de4f41d69119f55c6f06f74c7a0581c42956939f450f,020000002866e4cd7347ed87afeb3fd24953e678c18443b10314f405000000000000000096dc973826db7bd9610759511a187477813d0753fa4630b60800d3bcf0f7bd4a65174a55dd1317181982f5ed
355158,000000000000000015991e3698cea027ba8c2de6d49839409315b9bac054520a,02000000a2bea2c95592085a9a449425bf8af799b1072f08bb1ae4000000000000000000cb5c5da428244926120ff6f6e240774e6a946bd87907f0da5b31762e4262692ee0944955dd13171831cc91b2
355048,000000000000000003bc3949a6481befbadf3973413aa36a9daa0d95230c0635,020000000d37e3d18ca610739a3798509c5134d5f31aef33d92e89070000000000000000568676059b4e0c7a481ddff8ab8e8df251b243dbd8cf9b034bab2953095e42d641914855dd1317183ad6e34d
354936,00000000000000001553bd82b5dfe1b95f058185d606333f42a0d7fabcd21f79,020000009e487df24cf5ccb7cec1b9b6d850c7688ec0aea91d955f0e0000000000000000b0480cb484c27173311fd3e1b51c52bf3fd9be499dcf08ffd66c2c938ec5370d80994755dd1317186d11866d
354934,000000000000000013b6aa47f5e43f600972347742cb424996833f6b6465bc83,0300000047723ce451dad171e8a77e0eb950d8ac0e6ce3986446dd14000000000000000065af5ab262c8c8d314babeec4e7f5061e18a489e3b0ec3728db2b05c19d0f76212904755dd1317183b02ec9f
354838,0000000000000000148a995827c085524fa818014a599f34efba32a60b444357,0200000059d1dd80df301d907e2f1f5764f95fbce6adeb38f3ee9d060000000000000000974489e8c2444d6c0744d41e1e0d3da590f026acfc23daf180c3cd16dd625ab9aa9c4655dd131718341e2bbb
354743,00000000000000000777ec7855e828ae58eac61c613003cfa5b3641f797fcea8,0200000076854134ddd5ea8341bd05170e48dfa4591f465e0387090f0000000000000000effe163fee2b5f6b455f3477a9ec5cb3706ce5fe8edcc159c828ac86b6c75faf0caa4555f017171842c37b05
354533,0000000000000000000d15874fe91d8105912864ab58176dffeb0d8c2471fc30,02000000a273c72575a79dfb32c5e5adf4d57676047da616b6954e0e00000000000000008d659c45d11315a273fe7fd3fb48690129ba40c3f66aefa40cc68b3ad2694cf3ebd24355f017171806a47249
354385,000000000000000006cf1833aa68b2df64cf836bc7c263b429c9c38ba55a3034,030000009922cf25d2ede51a71f718364d6bf694df9567451645b60e0000000000000000c81e0ab7343a29639d6277b5da6f592512fa6020745ecf3ff12c723be0621bd4a1794255f01717185fb3e538
354323,00000000000000000f054cbca49e12841e73d8c6709b9b5bdfe1883a9255e98f,0200000042c5829a1e902bb6ba063bc6b8e5e2e11704cb540c5f3a0900000000000000001647b5d9cfa55f4e49122732d951a1dfbe25753b46b2e372dd99ec7f362440a343dc4155f0171718eb61f312
354158,0000000000000000101a4d07b0132c8835835c1ef6fd44f00c0ba7f7d00b5fe8,030000007c88880a529bef31b29143983b1ae91e3b68e7952b0a8002000000000000000001e6b18ded70a048d189bb2136baf17f594eaea5404b660ed93547b143e92e47cd274055f01717184b3f244d
354116,000000000000000006924a7c1b9bc50c66956e7a29fdd785873498aff8f1197d,020000001f448f03f4f0ecd40cc70e337d5c53fa5340c60099e2f30e0000000000000000504860b419c673d627e846c6fed80c78d654a4acc2329a809b108577f4b81bde8cc03f55f01717185a0149b1
353644,00000000000000000fc53248cf860252ccaa4f5118dff2f77d1127de6ec096da,03000000b8656ebeca4034d2038338e448c5ebaad46a760e952c001400000000000000008a6d0e8e2c1f84dc140d038642c2ee603f68c4a7a759874743f46315cdb8b49db7783b55f01717183f0f0f54
353532,000000000000000006294737586a97bfbccfbb098bcd713a02d9417d201a7eb1,03000000031ead61cb5e855b8dca0b95d0600d903e4b23ba43e1e9080000000000000000337c126016bbfbfbe5f72a40f1fc9990f2dc991a2c32eadb2d589c31d454aa1283963a55f0171718edd1556a
353527,00000000000000000e4386aaef5cd821b90cf9917d590cceab7d34e964452a48,02000000cf34b88dfec1dcedee4905fd3a74926fe7271910b54809050000000000000000d409cdbc5bc7489dfe6db8b58e353c7ecb549810a09aaabbb6a74562a67807ae67913a55f01717188030e91c
353522,00000000000000000ed8f34f13be05cf5445f7dc5bb349d4e3ad0c08c4f8e5a3,030000005197a8c6815b4ff0fb04df7e328af7f9b2aa711773a0e80200000000000000004c0b54d9fb66976a294467bb0d3bae79e292451220afd6802a82a93d671f518eb5833a55f0171718258b4e41
353473,00000000000000001571a45d2b45f43805d752ef3250e69a6cc2034ef762c874,0300000029f60225fd56db8d3b4fafbe5a40e22527085ca23f89d400000000000000000010c2d6dc5ec5cacb2460f01807d18e362f2d996026709e847a378d200ea766058afc3955f01717180c10ac21
353409,000000000000000008fdb4e05dcd88cefb70a89763ed9ffd02a39fa91bd94589,03000000d8004778ebddae5408b716f4c32b0a3b1645712f698212070000000000000000c27ab4623c92d1806b6bae9d0df82df9741477726b7bbc15b8c9ab11ca5ec9e79a3d3955f0171718bc0ceb33
353395,0000000000000000003a515bf20eb7cc96a64c6f45978677e2b730b73140dccd,030000003783c69e2e91344ed085b09861ba7c49d477f33e4f654510000000000000000054afa1311c7a00675fc9d268177ef14715303bd42b4437e16ed505088a81f5b0ae1f3955f0171718afddb98f
353345,000000000000000012f85054ca4a9007085aaa15215a20bc58a6e0849b658807,03000000b85c684270cf77424d8134f3f36a14fdcd853bde50a60b07000000000000000000803e7ebd1e1acad11a45fe274abbe5a50d4e0ced4ecf47055a698cf65d8ed967a43855f017171892845967
353339,0000000000000000104fc42b25b47fd0c735f5c149d5684cdc2c7a1024cbfe0b,0200000050d58ef8f2535aae4b179145b57d57f12a06d9d747fa2d0f00000000000000002252f7f143e29b98882c70195c691e74a20a7635454c88e58100697a762687f83f8f3855f0171718fd06d07c
353327,000000000000000014691ec3ddf580f57a327fd906701e491521fdf2d971d75c,020000000f91799d11137e9978770690edb5a391cbd1f2da1a3bf20b00000000000000004a539df94633f656e20d1d74416e8adc37e7f65f6c95b45ad14bc03edd59598008763855f0171718e79d10e0
353311,00000000000000000c3449b1a0e828e5d8d117d138783876177ce17f3a16fae2,0200000098f1f1feb88c33af51c27e6ac8ea9f03c6a3067e7f9a3b020000000000000000642915ac87d96740ab212663b82f093af170eee2afea50551837d59676ca637a18503855f01717188b9730cb
353214,000000000000000015254a78dcb15a3c799fb6a8840063c64e5bb2948ffcde13,03000000868ba5d45c4f5aba8f781501c510b6e0775969b7ce78f70e00000000000000008d69782ca34f04bc39ea356c01eec84bec61751968e659507634ff457bd0732782783755f01717188c8e8ae4
353141,00000000000000000758a13273e5699ddc86e975843df1b6110bc2c8f8268bf1,03000000d2560f81b4f26c4dbf7459ab32272be41c7535be0e82d00e00000000000000005ac63e3f292409f5e768d0ef7159c2734138234d341f6cc4a056f54aa0c9f5bdc4c63655f017171825898fee
353129,0000000000000000034564c42bcbeb7838847e4ca5bc31d9bc233c3000f8f291,02000000219daf6e2edbfd0fd92e1d42f4b2c36984b5c12aeb33ce01000000000000000041545c9bfce5da402e603f41e541b5652b0ff9bce4cdcc8214b373e9c8c385c721b03655f0171718446e9265
353071,000000000000000013caed588c3fcac1c48a37a65691c3f1a5f6a2518e4b27e2,020000001bf56501cca71d41205c25c661f42da46e2e6a8a9bfa190c0000000000000000dd1dd03b746b6db0ab0748de7a48e5e86f72e3d2159313595cad9eb9915df7b6f3203655f017171847fdad27
353014,000000000000000010848a76d51277896423778cf421a2c898b93820b69c5582,020000004e11a3797b89bbe0f7364e3dfdc61c706c90ee77432dfe080000000000000000c23494b574fd123c6c14c40f9754a04616f1dfdee3aeb884a4b65a6b88e9323b68b83555f0171718d5de19ec
353005,0000000000000000065c43f625f56e7eb515a0099dc6646cc8b447cc9c3aacbd,0300000071fc06f39a14e1da67cde0645297c52ecf3d9a7dba1f7c0a0000000000000000d2dc0e4844d21c1efe0206ffa27742fa16847898df6a7e0b9bf964833658a25bafa63555f0171718e6aef263
352948,0000000000000000153f3fa0b8d72ca17f7466609213551d1bafbbe0be19abcf,0300000013f511e904c139c754fe0477dda65008b897443c435ae10b0000000000000000d85d30ec76fd337c995f0fe41ba2659c6d785cf1a4cb78431a4847bcfd8e6c5bfb2a3555f01717180ff044ef
352802,00000000000000000c6d59c30f727419375c55cbc88344b8425b295b7e44eb65,0200000086141d4033bf74c3a9c9d1824a4012d03709276365e3370200000000000000002d23711bfcdae7698eb7688e2fa511a7bb4890ee77879d826f06a83264406b1ed6f83355f0171718b6b155c2
352619,000000000000000012e1b7838851683f8aec7d9516acf389d96097c976b82b01,02000000cc53e1d2e19125f71b03c067619ddfd2983356bc6aa5db0d000000000000000038d2f29057bba9ec8c3c8526dc3340366053f98dbfacc7ccf1d68e96437b9dd7a93f3255713c1618d7a6c991
352592,000000000000000011e964327489549a800897e1c25f8f2172006e455d087c9e,03000000b5ec88a3fc1f8873cfbf85272966fea702982d63c9889a0e00000000000000007e3024e22d34a8ee6c14f111a0a5837ef63401d645c937334449c97bd853508583f63155713c1618b38da224
352578,0000000000000000026a03b139ec116b66861f323f3da431a6c63f2667b26a3f,0300000030c2afacae9858c348e35d7f2e3b12f6012bfec460e433050000000000000000fa60b5740f4b0cbaacbe3c011c0cb2b6a74d78954230e7ff1778b328b99ae87342d23155713c16185c20c71e
352560,000000000000000013ee248ced0e10632f415eae345335bc36f6b24f4db614ec,0300000062414963b3f848a0aa5202ce559388981dc574548e5d8f1000000000000000009a6a9aa6fc4f2ec6c192dbd40d9a470d99ecd9effc4bc290207d71da16209437d9a83155713c16186b525ebe
352548,000000000000000001b54fa131eb9f1668fe89957cedd003977bd311f00597fe,02000000425544a74fd989fa3564d94734624e32b12be35cc7107a06000000000000000077aa81c7a3ae0fc1da93fc4f3143d9ba9d8cdbb5483443e83ba33598a17711e080923155713c16185678dd95
352514,00000000000000000b95701cefa963860abe9d9a6bab63bc1efdb4c9238c2147,020000000bd9d0e28771bd6765788f0b19d4edeed52fb7ecfdcb880f000000000000000038a55596131550a889686cfb3e493b06fd686b23f56aa0c9363eba3df37af541152c3155713c1618d1f5fa8b
352402,00000000000000000b58fc8b852fcf24b136d5f0bfa3c2248b9b80b523fb51ec,0200000062004ad25e8e73008e45b5649da4818ced492798fcc79d030000000000000000979ef8010e71fcb295aafc88521c47ba08c2de0f1b2b99a3003191ba6ff2669390113055713c16185d71e2ce
352393,000000000000000007ba216d8238688d0f896fe08b9d089551bb32fe7401c810,020000002f44e916cef0d9064321d938c24ffe5574fafdf14de4510700000000000000005d818756ba5bbd8e7d37f086c19228f1bc0c5ab1f1a1acacf1c5b1fc7f9c59b00ff92f55713c161809d32f45
352376,0000000000000000160329cbdad5761f1664973b5ea6cdabb285cf0128d90827,020000003610ff0128aa401cd588f14349a3e9d1d8981c9febf89c000000000000000000b7f0f58f88aeb2dda80643bf6848cfbd20bd16b839b8e0d0ef3f35d547e61881c2cd2f55713c16189976602b
352090,000000000000000000d0f32acefded49d9e332988a92cadd05af668b87f73727,02000000a43361c8d93161b84ae5bce4a82f08a9082b164e3e93c60600000000000000008f9eb365abae229223c2eed911060c99e5f74a13397966dbe78a5f2a534f7d9619fb2c55713c1618496e07c4
352025,000000000000000011608b6d91dd48b669175040c01a2e804ac8b19e620a8684,020000000cf7b357e7ef655acfc5901af21309919fa74a067c100911000000000000000074175f28368397a7c38b48058d909c2c26ca0ceaa84ca074e68d32c4bec99e38e5642c55713c16188d611c17
351996,00000000000000000d3ee9b0c1e87055a470363749dd8b5d2f139ed1c7d381a0,030000001ee9187349442e70a5f9a987095d4c766a46cf16d9f8ba08000000000000000063cae58fdd9ec0bd269e81850cd488f64f6210ed9394dd0994321a3c27b1fc6dab2a2c55713c1618efa19ad6
351986,000000000000000012e63ed8e0014f14ce3f2ab74d58a632be5b339a6b1398f4,03000000f78abb5e5271eab25c1c663ac4347f6ec496c0b9aa80790e000000000000000051803c2c460bc5385082a1d060deeb12678206c2288a9cf4c661ea3408018064f4132c55713c1618d94484d1
351868,00000000000000000165f6880995a6159f8ed381888e1d10b2b1bb4d0e13a4b6,020000000726a1cbb1616bd2374dfd42eba160501fd4f39ca73b5b0c000000000000000019db1bc4ed7d587a7a6ab4962214cf9383235a0c991bf874d87fe04aa82487607a1c2b55713c16183aab354d
351594,0000000000000000038e9f6a60c55652b5e13d8f5fe6608eaa6c291557c1e192,02000000ff76788dd9f913758a4b9ca2d068df229dc42bf1cf0854010000000000000000fa198bf324da1a3fb0d92621cf1ef42379b0c942a4e5732c4583e7e7c1010ae891632855713c1618841789db
351564,000000000000000006beaa9d7e7ee77c7d487b27dcdf72a4ceff02c3afd15207,02000000452a446650694eee05f137eabc73aafbbe6d3cba4dcfe1110000000000000000e213eb16eeea87e0305c34258c8a0e69ad186dab12272b7bba55933bc573c96c4b182855713c16187c6583f3
351562,0000000000000000054327625c59c62ef93c8f39f49e646243e923788b413c34,0200000069e68fc6256365f5acdf3f10de08591fb903b3283ee6240c00000000000000007dbeb408ac879443b48f1052950b9d32f18c51bf018052a12fb0a4b7ca0c29b4bd142855713c161844d24f82
351446,0000000000000000004c85adc691f7509a9791f237155dd1ec9a9c97df203358,03000000a6b6a51eb29bd5bb1fbb496d4109949e89172fe2dc1ed40300000000000000001e7ab615625bc73d4b302253bb68b51b31550ee9eb06be55f638ee15134cbe3b25192755713c1618038647c0
351374,0000000000000000094dffdbe2abc8a56464064dd288fb42e1ad0ffefefd6905,020000007bf905ba198871e6595edbc8af1ef934ef3586b841d084010000000000000000b4a299e786be2e8cb4db7fef61e06141399989477553374fcc4dab4bea05c80ef7612655713c1618644fc79a
351328,00000000000000000e036fa6ab45dd07267798ba6896a0f3932bf5248e6a2b6e,0200000036a467f944d18057ce15491457d41f3fa86226590e4a6b040000000000000000e3f125392b8ef9be2ffe01b8b6834cb939d44d8c69354a656a1e6f8ad9214fa04ee82555713c1618cf411c49
351275,00000000000000000d224edff3cdee28adbeafa04a86ba62b88ff05a22949c6f,020000002dc35d09d328f0f26fca6c49d1718334699c95bb900d8b04000000000000000016ea55aeef44e3c2920193471ee7fb97816f2ef02e0c287f87f5bc5db70c3113f76b2555713c1618e5c8f446
351255,00000000000000000a7d33db8466b1e84e5522cff551369c09cfd519cc26fbc3,020000003ed64925c96c6e164a570ec011bf22110baca4d16804590b00000000000000008520ebc3aeac97c7016badaf878a395bd7da73233885eb54f364a930b791967340462555713c1618521398f5
351124,0000000000000000088e15c6dbd57866931d0b5a68b975e561e2535f5b58bc2f,0200000099a95864fafb5a549c313316f8f1149ff0076c21af38680600000000000000005d62299edf71f48704e7bac15a16c6fb9f97b872122fc712371ed9866928cf7e53e22355713c1618983c5910
351057,00000000000000000a90456292fac1cbd364e17130668ca4cdfd80e1ea45f109,02000000a37bf8e3b784d96dc8f81109261e0f597c796f8a7e82c60d00000000000000004b0345904f0d49f816222f3dd972e9533caa7fe497fc25160de6083909f7129cce4a2355713c16188b32ccfa
351019,00000000000000000e703d3a525ec46e0ffba1457d9d885ba0c100abb29e3d52,02000000842a598a32ae06cab9d861e749ce82debd2c349e907525090000000000000000c6f221ab806d6dc03a8ec75fd4f0189d3179deb81cb77840941d575457144b052bfd2255713c16188b21eee7
351000,00000000000000000afdc013f73b05470e9d24fe0d5cd81019e256358a593eee,030000008b6a4eb7965e4fb28b37a77a95d52ad49bfbbfc5343b5c0c000000000000000057f977f6a7e8057fc599f389ac6f6b003843465318feefcaecd2ea003870db1b3cd52255713c1618bed38259
350994,000000000000000004311ab77d8eb5822e69375a205e667f3ed129a3634310cb,020000008086cb657903e217aad70edb3a4978342150e1ce343719150000000000000000458624d82c4f853e3618d95c0c09bfd18b415094e36741ed3d653ad48faf5da24dba2255713c16183da9262f
350853,00000000000000001061c2f7e7cf6e647276812610e8fccc90d095007e5418d0,020000005940e84deb0cceb048951c7599720d2fb520249b152fc80c00000000000000009523c6f7713907f0e96a298f0d9c383f0916579cccad07f492010b86628723adba772155713c16189cf2af89
350794,00000000000000000c13c96b89563e0dbc2f97b001d521621e9e4ed22e5e9eeb,020000005ef7bd69bd1da0322946bea89f8c5c6a2b8566063c76680000000000000000006bdbf13977c3640073e7054578299bd1661560a0cc9541f6d3af66283e145f38b7db2055713c1618c733a754
350419,000000000000000011b077d22cd128d6085b01e67042d0f4567cf7c956884956,02000000b36a4994ba928aae815e91aa213dff612147f96eebf0f40a00000000000000000db76a7dd1c57f629f2668e5c21ac067f59ce0864623e3525de19347874bc7655d921d55f2881718555a3ab0
350391,000000000000000014c96948ae6b331428cb984abf7b9659dcd091c5d8e03bb4,02000000e1a4fafc302a584de39812ef11e5ccf1fbf57b3b63e03f050000000000000000e6701a6b18abe687ae0d1472fcefd6f30d2fbdf7b13907f13f288a044ff7b61905581d55f2881718f464cd29
350278,0000000000000000024b6b66a3f03b064214c079c077433238f33fdd51671279,02000000ad9806f7bd717ff91e6b5ced02d426d25e7ae5325da4e20f00000000000000000ea7f6a3dfae88906ff74d38be6e2a4a704b280f124af3a0a1c9b6271ad19d59725a1c55f2881718157dbab2
350081,000000000000000010d5da9365b82b9f8042027009b92a5086215972e878c22c,02000000f25c7014f505f4b9fcec8cd172d448c63584d3dfb693950c000000000000000048d77ddd2f2953b8fd07a93b4f6d7b2704c0136f5d4d29b396688d2aea439982ae821a55f2881718ae22aa37
350040,00000000000000000da3e9ee5a625c8fe838d3ed52d5d8ccb3a26b684aa2a827,02000000b12dd438680fe5662458afe4f48c8ced7d564d7d6aa0b50b0000000000000000c87c7cced2210daf79b3c485c9caf1eba4f8980f19398f0e5cdf66a5fe598cf16c2e1a55f2881718c361d42c
349850,00000000000000000a510ffb5712c4b2d94d318f53099873e214da8f117065e4,0200000073e27989598f73ec610d947d1f9467ee6837b5c75a6ee51500000000000000005c68b70079aedfa0ba8303d2ccd6094945e910a655a0de38e8ea2e86714d3be6cb611855f2881718b0ad5918
349844,0000000000000000127825ede10ee446409ed45b877102e01b3419238723cdb8,030000002d923d562936c5f8846895311d53638340c095b1e9b2fe100000000000000000199953a0e3392c3bc42828cfdee8ccc6e26c3270752291b68590f6b53e03616a55581855f2881718ac0d308d
349715,00000000000000000440d4ef910f1c0830ebac19af16abed6c8046f187602290,020000003cd899073ac659feba266aa344b2db6ca22716b640a8d70500000000000000002c72efb8500eeda6cba5a3ba10123b9031b36dc4b0fbfbc787a2a48a2f7959d6563a1755f28817180ca464cc
349412,00000000000000000f678a05eb80b68fafa425e85c98b85a47aad2a64c79ee19,03000000beaa1018554e0dbc426f3d19e8858c726e2cfcfc452fe91400000000000000003d44d9c477ebf3cbe22c589b99c079973059eaedea918b541d5e51f32a5e909ad1c31455f2881718ad49eb94
349381,00000000000000000f96353e54291354c800bb6b7b74b2d50287fe80de630ab6,0200000060d05e2775743cea352605eeb33ced556fa980b8fd6e4601000000000000000056fb4cc5d7fb183aabb64e0e89a7bf740868691dd1f3afcafa459717e9ea64f6d7791455f28817183a873e52
349299,00000000000000000ab163de1c6fb54ead7f42331bd0304c8648979434030e52,02000000facb2154122afc32bb7c795b8790150edc93bc45f676db130000000000000000a6c0e5533332462a3109e7a6078702957c01646129fb1f7a256eac10155905963bb61355f2881718a6611e63
349278,000000000000000013d583d9e3e244cd014a26716bd5434fd5ee8a126ba317e6,020000001ec6b2aea5e308f7f211fe02645db0ad591ce7bcef929a1000000000000000003ae7ddaef7264a07b2c16e0d5542a810c56a278e137114440edb62f4ea1e79f09e901355f28817189ade0b26
349073,00000000000000000814d4017c1e5cb6e0356a0afe3d3c2df9b297f81fb8887c,020000006fbea062b2512e5bac1bbcbc80cd24d0d66edb27c0603c0700000000000000000339d3a6bbec3653c5be55b13ffc703c6bbea4c634e89816e60659534205dcc9d4dd1155f2881718836b99ae
349012,00000000000000000f13059bcfbb63896365273a8360b60ead58a5e623d0555c,03000000ead6194b9ea323fe708b189cfe143ea4c6f3784c2ae9921500000000000000008a79f9d8b717be26954296889c88709c745e0a2aaae18ee086b9e86cc69a0cfef2601155f28817186ff2e5c7
348946,0000000000000000072e986ea27350b2a3d2618785c6b00dd8445617ef6ef827,0200000090cd1198e279b2caac4b5490c2e6788da8a3e0122e05f80c0000000000000000a02f6882c939e56af4af294927c31db5f60916367b9446a6971fa30ca73645e8bfde1055f2881718d3f95c9f
348883,0000000000000000165e1d42e536645a14e649c4800bf4e4854379051795c8e2,0200000063b44984f4e56854ce186bc6ba25c1fba2452a1c0a77b3120000000000000000e72a7a21b9b6de838b15499e109611d01c460d844b9b4de7902bd122587dc5f94f6d1055f28817182f138d89
348877,00000000000000000b11dfec7092965d1efd63ef9892799228aa9c5b08376389,02000000330f673f83dddda7c69820c5e1e4a5b806008fc753ab9104000000000000000013430926348b3f18dc08b339e94b422fe9f1fa3459e15a33102f5c1d0587c755a7541055f2881718a8d23bb2
348708,000000000000000003871bc2a34c1245956eb8a7134eb52c2f53af8fc0246202,0200000094d1d33910e68d34da2d54c329345e51357b2362215fcd110000000000000000fb901de639d894d3b8c1267563738abb511fafb232aa0add1b512c6f1382f9d418e10e55c02e1718bd003575
348358,0000000000000000161647df6dfae36a88060343c14acc527d984858e9a6141c,02000000a2d93dd7d3c705982b683b2af3c09013c60cfef20d254d1100000000000000001b717e6667f66504cc4b8b7919aee470aecbbbe0929bf372c93d223d27a92689bd8d0b55c02e1718a5dd6414
348323,00000000000000000811b958ae99a783e29cd8be33b266b3716cc96f5758c560,0200000015095d9dfe14c1a5749dcf281e28fe3f3a2056b4240a380d000000000000000064c56753eadd7df50d4b71baeabd96491320f92d1ca758e0cb6667c4aff12d5daf320b55c02e17187c592a77
348322,00000000000000000d380a24b456203a3ffe281e28cf9d74a5c114fe9d5d0915,02000000149a65db1106c2c7b7a1f681ffa96d107406256aaccba316000000000000000042105df19606cf3616b973db1bb39f69fd4800738325787b6d53ce72922cb57533320b55c02e1718b30dfb4f
348267,00000000000000000d69185e568cd0d6bc1a6d7ec73d9d33f630393a89b2c2fd,02000000f3487faf3ddd2ac5cf5e2c7a04e0e694d4c7c3adbaebab1400000000000000009934013d1720c515b5b9a45286a2ce3a97503762ee5f2688e9be874dad1c5d3b0a980a55c02e1718078abdd0
348234,000000000000000007b73d1dd03cd355fe279a690996f65607f8bd71cf2e94c5,02000000a811bcd349d3a0ddcb846b7e0736208d860cc5840405850500000000000000001e2437863eeb39d5b50567d071ec7d3463ef1e0711bb820eae91988a0fb10740e95e0a55c02e1718b96f96c6
348200,00000000000000000cadb1766ccac9a67188ce815e69f42ec97fe98edc0c3d7b,02000000907835f4d462fb67a4f0c7c0cd4b88c48867eba9a2f7fd0100000000000000002be52b577278548ae46a4bf5d1c33c058453a7d49151b79715a2808d547953dc900e0a55c02e171862de8c63
348145,000000000000000010227b5fb48185bc22e8d69fb5964a413ddc9172c2a287ce,0200000081cde05a6c4898d909553c934fc6557bc79a710a4e1c89010000000000000000f67aa9e606559e2ab9e4d569cbb90a7ebd7bd9512a4f4c305b3e7ab67c76180323880955c02e1718154fec0c
347999,00000000000000000916cfa683499a4168ed2e5e5e91619067b28479daea5d7f,02000000a89db58a2ed7b97e16f72bb5c087e66762bb052f95c0a1080000000000000000b3fff2b87383c8034b3c393d0ff896e88c41d9ab320e9007a20e02bfd7112b987a320855c02e171898c7a7d0
347915,000000000000000015d5ab1da595af39a41e251fbbfeba6fd6329b8bc174dc56,020000002812bb02bcdc279b89fc83e556125f91ee21d42fdd13d61400000000000000000b93ee051e3a567824fda0a041c26ae4c41fac8c6dc2586b73cde12c26b911f087650755c02e17184d9dd7b2
347731,0000000000000000171aa946ebbf5f79d645133b42d5d21b46b095d7f91ffdce,020000005c2e09a957d48835c2b951687207917e64d9a248f8703016000000000000000042942b15511155fbfe340619322c788ce3dd3fb66cd9a92a2fc239068cbc2a39b3a10555c02e1718faef5da4
347621,000000000000000005c717f70690458b28efb88ade3bdd40a4d493eac5b4f675,030000000ece92dcba4f055c5e3eaee3e3c876d47d664beca586cc1200000000000000005171661dbeb1b1e83e5b1cee13775986b5c274d7cb5673a80a2da11122c76429bea40455c02e171835f60329
347588,000000000000000005c214f34373acf59535be19c005385e875922f25a18d011,020000003a3714aae75b9e6671c3e3d2fe9650b2dc4a9ca540724b040000000000000000fd55562a57515051429409a1b97e82157848253a4f770a338af6ee2bbae683f7a24b0455c02e17182e0bdb75
347508,00000000000000000f329e6fb8d85af6096ac0beeba36cb7cee27d6b72584c6b,02000000dd65977aff4a8de6c08b34c36946b3b03b11081ae55d93040000000000000000ae79108c85e1098fd567e8782ecaa4781c44a7fb1bccfee5bfc589f3edfd3ce159770355c02e1718090b1152
347445,00000000000000001557ef50a57d53af0b457e15b4d4edb1a11297d51aad6472,02000000d843d0ba60ea0c4dab850a84e0b1dc74d37df3236525a51400000000000000002a19053d7789e904ed25b42abd4a21367b5c8a1a2670348fad11522830ea06f165f20255c02e171870135ade
347426,00000000000000000f71726721b5e6b9e810766803dd35ecff142f780ea313d5,02000000b9ca7c2247842387955938f70189fb436ba366c09c5d341400000000000000003cd26bc34e1b3b71212322510547948ca0b7c5ba2ba243361cd362a4fcd10f3c72c00255c02e1718c5d2bef8
347295,0000000000000000142c8fa8984becbe71c90658c89c3f77490bc40ad2b9be0b,02000000c7b81417e309fe2006ad6820357965e17996afab0d7aa6070000000000000000f391e748d00590ce3003c860cf40f6fc9d2556993e8d5637d71e30a16f7c69e528850155c02e17185ea566e5
347250,00000000000000000249f873ecfd529e74fd327d29add7be20b1ffd92d808064,02000000a5b7331c8f1a14b790b5ef18167a8530041a5858f3d161050000000000000000a24e5136a44d1959e86d7502dadae42f75a473e07e2a289d1cf19d8977e1dd2839010155c02e1718e4b24316
347210,0000000000000000062459292110b290ae1312db9a3ca668b0c187181f6f27f3,02000000aceebf6485f9c06c5748a9916f104427f9feb7cc03f7c70b0000000000000000c9683273e677716f75595242c5356c06a7340f03f7cf02d7f32f48d0ad254e200ba00055c02e17182c09392b
347167,0000000000000000071412f6831a0f03b5abfb7490e8a4dfa13c82d6805096f1,02000000d283a1ca4bddc0707bbbf12ee8f22f6ab934df7a7ea529120000000000000000fd9b15ae5a8403f6adfa9cd292df742e9ab50c7ae8a71b82ecd92f87b5019cef82410055c02e17188843d930
347110,000000000000000006330b6072ad80ffb03924dafef7d01fd099d4ebd051457c,02000000275ebbfa01a7b2801bf9c2c9df405a0c05773c60bccc0b17000000000000000063fd26910fd345ea2d403e32fd8339a94a2775d77b178b5c1468d65f3fdfba3405caff54c02e1718c67343df
346902,00000000000000000250bad7c8d487d1393847daee2144ec5f28c8791f3c9a59,02000000fdab47a198a4c6e77c440d79139e542569e3fc6586d62b0f0000000000000000d53baec3525ac01cf3adde573f5fadd6200a9c687e9699d0bf23849f642134506006fe54c02e1718979dcd71
346851,0000000000000000069b763930953bf48acb48742af2a7244b13de2faa9b1a8f,02000000fb80481f176bbcf40e4c9510f2462dd44c95bf8710c2f60800000000000000005854052c67ed9ca94fb45aaca3bcb542f61539a25e7842404ee273d6e8d5461dbb79fd54c02e1718fe71728e
346591,00000000000000000c2b0c1720b0bec39540e101649516343a2f87d8659282fc,02000000a4e0f5ea207a1f7d724b65c215c5b06432e4a38b1f73210c00000000000000009ca12317b3983caed358a7de5063656661c28ceffc7d37ac6ce8f05273164ec8a33bfb543a8d1718d0f52478
346572,000000000000000008cd194ae7163976fc77e2c1fc42a01402b2df63f2772fde,02000000ddb08825bb5f8846192b958300fe061b6daa9343ab4b12030000000000000000991eab920a50b4a2757b0af4da4212a7c26f9f1335839c388df06e5aaea2a7268913fb543a8d17185e5c79d7
346478,000000000000000013b7119ab184d0be1ce4c6752b3e5e2ac66c6db567f320de,0200000038bcb943d1951b801eac814adf9628ce696ac55e27b3f80000000000000000001fe3fce7f096fb30c2f63260d06baca1a206f990027a68a856e094c65d63f4fc9b37fa543a8d1718265988ee
346397,00000000000000000b05347631f400004179cfb7dc7c495fb71822367c0caa6f,02000000812371c9b2c2919c0959ff14675133b6c23bc0bd66675a12000000000000000092a5161d8e35e3ee42dc5656b2383b9eef5031380d76ac1cfed321645489886f8872f9543a8d17187911c751
346331,000000000000000014e4d707155c072e34a81bd136749f9389809341ecfc0a12,02000000841de388855e9f88565bbed2da18d2d87b5a6ca400d7c00d00000000000000008e25866e14ee35bbc7a0bce9f4400606f1a10f64529e5d87230f84a3d3d3bc5c62e5f8543a8d17182c2298b3
346319,0000000000000000051df08a973095ac3e4db9fcf55aabba3c869d3eb588cf3f,02000000eb07bc678bae3416e964b0916e7a154e276407cf0ba7930200000000000000003d885a7cc5425c45dbe4d79a57c935a27515aa89e390831ebeabbf49e8e9c28dc0c9f8543a8d1718d100a727
346310,000000000000000000853b74b4ba57ffe5a5bd711e298c615ffbece916e43805,02000000a6f89a773ed2d5c73acb868aa9b421d8696af0e10cd1be0f0000000000000000426ce4b7a69560901af7ef528ead69104b7887e716f98efd6beedcaa6ddd1cb7ecb6f8543a8d1718667a995d
346279,000000000000000003a16a47c1b674bbb2164f05d1f6663cb6a2f6afd6fe5097,02000000b2a72f527ce5645a609c929c7eab905afa68d5d293985001000000000000000056f09fb1dc277ab8e0ef3f6f1b1a0b5f7d01c4997464bc91752ece4a267caee52079f8543a8d1718fdb5443f
345882,000000000000000009a3fc01984090914c624af125604c7f6d86e811840f7b59,03000000a8cee6d2467bbfc6355c4b8d0b518aa50eecd6fef0a61a0100000000000000001a4cb6850cab7387079031daefa18ec62218528103dff6ffce4cd71140664e784bc7f4543a8d1718527b7586
345848,00000000000000000a48d49162fcd579879ba25344f31226d3d002b05ae9ac93,02000000983cc5b42e8612289ddb90d54ebdb52f33f3e6ec4b46121700000000000000008b4667982c5600e718bb4bcb9c1902a632e92699e1c3a17031e4fdb36124d44d9f82f4543a8d171807d51dae
345841,00000000000000000e93a44bda8ad73394606c2f7b623aa57efd49a195f0fa19,0200000081bcf0a668bf435057ef60309355caf6aff9311cb436800600000000000000007ac7afd02ca66b65864cdb059a3c5ea9ec0fdde232f99282dd55d118e5354596ad6bf4543a8d171820a67441
345825,00000000000000001359881b88e3c9ad133814932d2912b851e301ab687a1205,02000000d1c8be80ae3e9ab9a372c61e7b4ddd21b74fe97a0e751f0e000000000000000009e1f043b8f1d706f9764d91dc136fab289992bb4917a42936b93d96abf8dbd2254ef4543a8d17182d598673
345810,000000000000000010805dcf4f103aa0159b85dc6da4b3c8e1a3cd2d156e3de9,0200000022d065717b53fb1de9e1cf5b56fc6451b58b5b8c771a9d130000000000000000a70bb3308e8c001f8f422cbbe240a19e3dd53891607b9acd1b97307d29c85e69fa30f4543a8d1718693ae814
345731,000000000000000004cd55121c70e55dccc9e34bfa272a669999269c1e72b3f5,0200000001a0e486540c5d35a5b68ce9ee5a972328297888351f5e0a00000000000000003aa8f2b1978af0cb7455ac6ee7dc98e1c1946fa580f70c20e2a5d6faa063fb837d79f3543a8d17182b1445a9
345711,00000000000000001607d9d8e49e3958923f1b6a4ebd465dea0fc5f92596c3a1,02000000b12198560a9e8b26dccdaf6fcb04b9dc074aad161412511500000000000000008f45cf769f9da8b0f659b85bd6b4e002a8a217c1c08f34c617f27b268ae333687f32f3543a8d171809dea1b1
345700,000000000000000013d4d0274c0fa2ddc67f3e2b93d1d5322f35b066b199fad7,03000000173d00e4aabdcefc92cd0492f93570f96fb5ce13bca3e00d000000000000000002ee2122aaa21648efbe9a6bc2af73356e91cd88e9d5056a33c943cd2d58af88f922f3543a8d1718b15d7dc6
345664,00000000000000001557d252a0fdd385f6b469e803b972d7e676c475303b8ef1,0200000032d88d61a7b5e8a88fe9cf20273dd7e8bad2c0aea4ebf6020000000000000000d3cb93f1d2d7c5c5fe2965981291b01adbe1fa9081f4674f5895a1200b14680a04caf2543a8d1718eec1b510
345603,000000000000000003e14626f77a919aef071b3ee4983eb536cfaffaadd916f6,0200000074ee986cc7958b9f093c0a239a5498a6cd7e786833d68506000000000000000072aa21154d904ea9fdff65cbd02b000f48a1a13be33a53e874ed2dcb6c3d651aca47f2543a8d1718d83c966f
345541,0000000000000000087cab9c1312bef170e86780b26e775dca0c8054854d2738,02000000f27dabc022643bb9756a7ec68bc081bb422dc7dc6daaa4120000000000000000f43598650b08f3a89ee30413dbb7bfe0554bcf397ccddf65133b76656ec663120eacf1543a8d17184301486a
345455,00000000000000000fe0f4a6e578141b78a6ec4c87ca4821e875dc032da53536,02000000500a1bcb51254366dd50f678b54be709e97f4c954f63a304000000000000000003a3c8b3ed50ece6f7078db88e733c5c2911b80fd842f4b63cecee452894ca97c1dcf0543a8d17180b56eda2
345354,000000000000000015688e54275c42509c39384120c6df3c2af56ee744fb92c5,02000000db2107c51f25932e51c2b4d80c6876c4e34b0958f74d330700000000000000000d747cb3615ec0d94a942b1d64bea084616ac5f503c1ae03fff7b995da3f5efbab0bf0543a8d1718e03d80ae
345334,0000000000000000090bb7c72bd107ca03bdf501668b71ea39ae227d176fb9b6,02000000c4b7837e99d3d62f9d9cbc3276427bbcdc130a77a3aee2140000000000000000a3007c0bce1f6164cbc806a3dab6131e429442a30cea3126391417a1ffccba2fc1d7ef543a8d17188f45d361
345292,00000000000000000d5bf0abdb38fc77d3d433ec2490f171b2bfda336fe9e157,02000000610775ab1cf3808a378191dbfa13a0403d36506e414f31160000000000000000c989e6838654b90fd381c153b6d54d8f9af0350119068b493e2973ea8ff2731c2485ef543a8d17187e3a4d61
345197,00000000000000000d505509bc9e8dc7b282273b453764c882a68954a4c4503e,02000000318b46a383de97b869a6115c3b6f10c9f61b52528c1f7400000000000000000009f4456364e79ba8ebf69296f2ace5dfd796b78120dd4c82bb4c05317bc6217e8faaee543a8d171876fd9990
344977,000000000000000002245706014104dfc96d7841ea57d0cfd39cd67771ca73a0,02000000d980dd9bc2d169b70c2d11164ef27c6cd9e216aa0da2aa0500000000000000009546a7399ce3ab0e802945a3ffb112b692c43e8e18b1cd58c06f8de0d160d69d0ec0ec543a8d171824898587
344949,0000000000000000047b1d4d9fe55b1f760ccebd18b6c0df6f44ec8e109fe26c,02000000533b7775058f8e1401003807c2a4d5fd39d2c9d21de816120000000000000000a124488b8b15e5c679e77e71b5557d552a6d63f79b54f032dfa6b85c4687abf1e47cec543a8d17182149c544
344734,000000000000000001c3bff50e5fefa7f3fe16418055bdc3660396793bb733bc,020000007e765f6b1b6875b8aec4e002c60f32928aee5373772f27070000000000000000f7f4964cb33d7bd4be49a7bcdd7d6abf90b069a3d19dc09f7e28f035a98de0a64365ea5487bb1818d647f4d9
344642,00000000000000000f543ac474f0b8cdd8a9e37e29126d4efb27b70432799cba,0200000052591cd0a950720516034616d8d7eb7f4b3c6335950b3e1600000000000000008e789fe15d50984652ce54dd0f36f38fde5d2e8ac888836aa061bc7a6d98281824a9e95487bb18189a1349cc
344535,0000000000000000101a2a0c78ed2e50c5e84d3ad16d3829b1e1fdd82bca63c1,0200000039a6109f465aaeb03fc862733e0d6faf9e56931b2fc9d9020000000000000000fcfc99f118c9ffbdeefdda6698546bc68b161b46c46988b88c0f38eee06caa857da5e85487bb181849cda97d
344507,0000000000000000173fd9ecf6565c35eb3722bb599cdba8cfd99e31d1e84d70,02000000aca8cfff9b6b3a2750c3e40650f7ca98428ddaf87028130a00000000000000002ede55f6d984777ed69b153fcfc6f836acfc98aeeded222b2258d46adbc6fa04b36ce85487bb18185852faca
344501,000000000000000000cb4ad9015cc17f4259879ab5ae3b9d5e64a5a4f3af7e12,02000000b07cff386acd5d3920f3a8bf113f047665f7f0b2e231ef0b000000000000000070b325aabb7ac2b15f5c53795cfab16813f67352a39d90c17a5e9113058e558bad5ce85487bb1818d4268126
344399,00000000000000001863f5eafad377bd69a032657a3240d0bf3ccc557dcd8ea3,0200000061a74c35a4fec7ff9389a437560ddda58977f0a4293228020000000000000000a5a0c2d066f2403fce4c3cbefdbcee1088b5931c4adee624b27d9121e4332ccd594fe75487bb181895508b8c
344339,00000000000000000a752bc39cfc1687d9746e818d60c7f21990061e04115788,02000000f89d6f34fce91ea39c1aa2e4f04bd828a69d54575fed270f0000000000000000b5ac88cd32e5ddde2509fd8ba3c7ba08c456e90e4ee75c7f877a6fd825874a819ae2e65487bb18187812c1ec
344267,00000000000000000de56051cb504e3d0995a7bde2d37c3c7900659ac0eb1a71,020000001649cc4c41bc377ede090bd78353b561d69b17960dfecf08000000000000000094da909bfa8f20c3d6f5eba73502d0f773942a7ae2b23de7a0d835a05535b9ee5c46e65487bb1818615db5e4
344166,00000000000000001270c802ce4055c1c1c5b956ab4bbe48edd006a61322004b,02000000df9f99bb47d082b07f5f1c548f7882ce801dd3e536a68f0000000000000000006ad3a059f769d08736636007c55a48191bb972a72ddafb3d30dc508b056df3ed9e83e55487bb18183f47877a
344133,000000000000000018acd73a0f27a68e019fd3a160e0c017a370b0cce6e5d94e,020000008892a4ff08caa231cbda48e05a3a66073be02e43074b3f130000000000000000e7122030c2e936f43df5a14ec0cac7562312d0a41725c5a3e40c963801052203cb3ee55487bb1818b627731d
344107,00000000000000001694e908cbf53b25b0f3a5e2f62bbb1d53d57e947bd5ad7c,02000000f4ab53945a1cbc9d0ea2f57532ad36bd76351dec9098ba0d000000000000000019059090a7f194e761ebe60b769c030c8db07b69f9cb9dc985863a6ed1b6b551360ce55487bb18180b2a1522
344102,00000000000000000f3f190cc07acf0954257a067c816b12fa146257196f6208,0200000046053b402d1e06380821dec4ae6ae9d78bb8a0dce4e28d0b00000000000000008832f2e328708f4b5a3cb8d9e36bf9fded6c01b1b3d8c229be3cff3c4b02fb2c4b00e55487bb1818cba2e29a
344083,000000000000000017872b73085231b313a5650cedb84f5eb07720b5072151e0,02000000e21e662d4c73f7d41461553c685131f2348200b15d1dfb0c00000000000000000247d94b2a5eddff338290869eb216b8be658cde2260a51f9c0ae22ef73d65e3c5d8e45487bb18180e2f1174
344079,0000000000000000103845cce051ebedda13ce04b56c5e3532e5d8dd829b2677,0200000037bec9fbfbe5d4b9eb95752ca28538e6af0311f59a7eaf1000000000000000003cf9d70105db5e911f46eef83613b28869ab4b5e898694a7351203c9468cca956fd2e45487bb18180af805d6
343934,000000000000000011ada6c47ad9f91e73b6c8e6c5749eef721af988400746ca,02000000be7963ae2ab9b8e21a73a553104dfad05849899032b085160000000000000000a3fd9bcf1cc45bad802242c6e2e1521a00b56097113c8a65309796ffb51de57aa69de35487bb18180b2db8c2
343901,00000000000000000b39c7b67c8f081d595cae273777a1e0e39205dca0ec9aa5,02000000354ada47cbdd0af56790a4999d8b1d93224cd47b22b2730b0000000000000000bfb34605130f134c7e4eb6841b3ca40af2c971523242a73cb17b1c29a10fd56c9961e35487bb18180606c00c
343611,00000000000000000c22cecee194f817c576aaf1e257fc7f7687e62ac61235ce,02000000c59efb2013848009d97236a83bb61e3de895d87507a971030000000000000000f65977b09871bf32c2d20f95dcf663c6e194edfe083ada871d70da4fc9c6e23da2e6e05487bb181873ae63fe
343607,00000000000000000d899afc1ed7ef4873e38d1afcaca53ba4b0972b215a6a41,02000000f8d0a8a8cf8710baaa92fa3596223c7149f48445c92219070000000000000000eb223ffd7f9844ff1d25c9e41da10689fc47756520e6020930b30c6656201203f6dee05487bb1818e8ab39e8
343450,0000000000000000181de49dd8738524cfece44743331e1e453b110310cc0aba,020000008b498b5b0d26e9440a69b4333157479810acf3c2de93bb160000000000000000360090750a2b6c3f6a249987286dc1b2fe103faf6213ee13298382d546b7408b335edf5487bb1818c84be303
343435,000000000000000004c7cae4d4960ec441aae3960057ea05189e90c2d8d6b539,030000002fd39c670f23208338b6cad9c91db43ed7fd16cf4c38a3000000000000000000756fdd4b46e52c07750342e89d36f913a6ea2b0a1918b0b1c6df6cbbb6fdd574d13fdf5487bb1818a12a5225
343403,00000000000000001528cb6b62de90cebc977b24c19650c026ced36c28d09298,020000008c51b4410cd07278f773ce45360feefbb03eb738be9aed010000000000000000f718dee55a9665d00edf9a6ca15cf6dc4008f56ffcdc052a79e3f9aaac5ad118cf04df5487bb18181c04d506
343283,000000000000000002fdffd473d9d7faf3f29c9003051b5962be67048f15af03,02000000a6f9ccf30b5d7ec23408ec6dc3fc7aae3b3a8546ab3eaf0100000000000000003ab3c0909c80327ecdfd3be0c6766038c95e4c820ef5bd196cc2065ab146e2189901de5487bb181840f77b9a
343223,000000000000000012852f3566e7d71e62118bd9e7a28fcf26fa51186f1ecab0,03000000549cc7ce0c1aae88efdad18259d34964f6e76490aba5cf00000000000000000003c37fc9d290412cfd64409f99cd45c9317bcf92f72717fe0cf78cccb777f765e07ddd5487bb181863eb209a
343174,0000000000000000163ef2e1288df2f1b5158776f9a8c6c2df0fff191be5a251,0200000035abe323ed9a13ef9d5d0bebc62ecb7464b9f040fccf4a02000000000000000014046d2700e1f28bc2deb19cc1998133ffabae57f7c140dd1032ba3a7e881fc506f1dc5487bb1818200094f0
343150,000000000000000004a55515382b57ba32cacfda71ac1948718c8a99f9f4949c,020000002e05f2330838f43cbc3a92584defb157ed6dcd0fb3e38d120000000000000000680368d9c7e53aee33e6a38bf24ab6b6f8a7bec94fe4a489b314b24f5b3381fe18a5dc5487bb18180a2cafe8
343149,0000000000000000128de3b30fcd6ded57b1ef4d58923abc3cf4380833f2052e,02000000229c3664e019105a6bc2577eae1cdcf7ce2ff65a560aa40f0000000000000000938ea31ac6f77c0e03a6ca2f838378972774b7667a960468f982ade40c7eaacea9a0dc5487bb1818797203aa
343040,0000000000000000178c36d05055451ed54ddf0a7aa16254dd5a0f4ad6a9b696,02000000d7699b79db26e403e63690872f05f5de6c5123402b9d9c010000000000000000ab07d25eb63035a96190e9c7bd99b83d27e29cc384bb47c128482cfe70b3d9d1ab9fdb5487bb181883859679
343020,00000000000000000d69c704c68bc164518dfea7eb924c2147ce70bee4ea5d4a,020000001e860c24b12b6379202d90f9ebf16e540ea0bdf31a22ce0e000000000000000066f0cd269e51780104bf042f1b1472ae4fdb3a2ccbaf206f9ef1193ca481dc9e5b72db5487bb18188fb79d81
342894,0000000000000000107d44a08b8ac2c49ff63e21db1b2e25bf52c39ae01093c2,020000009b74a527f56d3d3d443742c5a974741ce894c77e986acf0b0000000000000000ca0de969ced4ecc995eda304f6b36e979792660550a250c3b0467e51c125fa5aaa59da5487bb181882a06d40
342788,0000000000000000031b45762c3be1b07e8a8bc2ecc3ee0d0ab1ba0599c3d7de,020000002ab1eab8aff860bc899e62ba0cc1e779bf1969cd192dfa080000000000000000f88599d5b5ecc9939d974c90ae3c30acf2cb54c5d37a2a0f188abc226d425e400966d95487bb18186eb4f0f0
342758,0000000000000000134f668a7eb82160b13edd1b21b6078e0b65f9a265d96a30,020000003680e3f953bec09bcbcd5fb7573c8c33b8bee4ea74718b0900000000000000005da6650f2d45610376cdfd6af55b7a3f790c62f207dab6364b74e877164f7b18de27d95487bb1818a8a43908
342714,000000000000000002f72cfe1630be5378a7d18a465e7422cf126238078c4a5e,020000004495cb440094b0749cb0f40f5412e18e5a62f5df3c2d69140000000000000000cb7bcf95f404a7896fc94cd4f951bf3057cf1da0b94103dabe0d47de62d5c4f474ced854c0a31a1884eaeb64
342707,00000000000000001876222eba339958ae6b04e12e027d6525d8448008dc858a,02000000eb4a15ba01beb1242f8733c482bd338578e45fef3229d1110000000000000000f09ee59dac4ff2fa7e41db172bc00ae538e455c53af35a798108e1da882323fdbdb9d854c0a31a18f6fce3d0
342411,00000000000000000bd82bf0d9829e0ed83e9f7af830f46ec9b7c031d6cdd05b,020000003c45f3df76bfc1b675b46b3a0ea5399d0af21449ba6d680f0000000000000000540cecc66e5e130c33ee32315abfc56d931ccfa0ab3bd8f8173607c075723e9e0903d654c0a31a185e7c1711
342313,000000000000000015519ac3d207e09468e8a64a8fe81035292896eb13c6e073,02000000e10081df6231b93c11c694af6072196dad59a86befdfdf030000000000000000ec3841ef4ea05b66e74bd2ad723ac03ec82eb845ceba2ed23c652cd53f970d82ee38d554c0a31a1830fb683f
342086,0000000000000000137559b21a1ef00ea5e4c1d7c23f8127238f6bcee197c460,020000001f6b0cd5bd37b8c7c8983dc4861759e3264361b67b1aef0e0000000000000000163791a02c9014d7a68ffb80c00c9d22deeddb7bdd53a8f26709479fc4054f2b8d7ed354c0a31a18988ee495
342070,00000000000000000a87848ecc55f97cc0d2cd40ff01525780ad54bcd6936c8a,020000006581159a93d9bad888fcd6c881b82c505738f4c4eb04de090000000000000000bec9ca79d6499c18fe111be6788c2262263892e1766c06c75a8431709f6b16a4786ad354c0a31a18630bf881
342017,0000000000000000178beda0a288f5b5a2cb548c46f02079037f78b23239b1b7,02000000169675dc46812609d7aa7c42b16aeb3690044168b3c586150000000000000000e94f139a485d10054e6cf9f3cf635001eeff9772e871814ab4a9a9913e2da0fd26e9d254c0a31a1876ce871b
342013,000000000000000019f117f1ccb2613e0c0d3ded89f471ef1541aab845b82820,02000000f43a658be8d72e519c58e122dca2d568a49f240d8d90f8190000000000000000224c57f43812a2450789fe21659939759b155f5c03f1fb4472daec96628b816bd1e2d254c0a31a187e2f5538
341975,00000000000000000d1ad922242c25d4b453a23aa92e61cabb3c6ace6a5feb96,020000009279a7adb16fb1b4b446d6bb6c3e852d8b3e01a3382d2c19000000000000000070f631e392a9d61fddb07ae1c7f9b100d0b0f06f6f9ed18c50cf9d79fee99340948ed254c0a31a185a8fd51a
341916,000000000000000004dc72d0153a52bbc7f8779bc9d87cc15346b0aacb1f7daa,02000000cd9ddea0124bbb99c864a64b13723796c2bd8a4977e909170000000000000000dd988846886cae1b8f971f3b823f15465b7f40be2b594002b2389bd4f663a00abb03d254c0a31a183894de8f
341878,0000000000000000185a0231847cb73c879e6748f1ee55595cb718bdf253358a,020000002f73759f97631d0f27d91bab2f7b916e718c29300ae98a0900000000000000003e32ff94c704dc60ce32563f8a881d76eba30c7c5a55f83562471702b2da1885e1b1d154c0a31a18b276ec18
341680,00000000000000000bbe7f9a603b32669954156b29c991321c628c5164b05a83,02000000db764735c4b0396bfbe434fb54464ff360ec894a038bcd0a00000000000000002a378be992fdc7fdfbb7825acab5df09277e8cdb75a7d3454421080e371884eb80e6cf54c0a31a185e3458fc
341555,000000000000000016dd94664465abfeeaa2af5a678f1cbc1d288bbfff80e85b,02000000e41e2333d673fddd63042908ee5c42458ad938f38b02720f00000000000000008b657d25bec678129eefe3ed8d7cc0f7d72a17b6923fd80c230b194802e20a6827d2ce54c0a31a180b2882f2
341517,0000000000000000036cdca9dacebc0c4adda60fe356bac499e4d68f26c4fc17,020000007af97dc029b1a5ea1ff4fc664450fb749300389d1a2c090300000000000000005cb6f8ae81db814fffe90cd619aa60ea5a04b97621d2741dc8ca9ed3b2f74cb2866ace54c0a31a188dd81e60
341377,000000000000000016aac6dabc230dd8255588b6bc90b6272ef5c146b78539dd,02000000e770fce7739b0015ef60a057c5b7f5d12ad686f83a7c42040000000000000000a8e0ccc4491b4ac4018fc8e9a2a772cf34bd0225f7fb952653fed843ccb0717ca150cd54c0a31a185a75e2ca
341335,000000000000000012763b5edfc2279e7a94d7c372b519025ca5efa6cd961b2b,020000003dd7e7d36493fbce2d15b1f339260f82b1a6d0c83f6ca5050000000000000000d4a6b40da005a042d512f1eb28a832d6defa1cb64551232ed0ddb938d7fb73df790ccd54c0a31a18ed4b6de9
341288,00000000000000000804a085a1a444905c465ba7817d055e1256b6b33163d367,020000008074c080564f38ece9b1140f960fecfef895abcd220b801a000000000000000029a390cf4c3db51efdfee125db16f82d5e17daeeeb5a1e560bff5aa5e735facb31accc54c0a31a18393e9f3a
341246,00000000000000000ba551741a48f82f12b374389bf339071b17165609c9102a,02000000ea7e0ed5fd2908b15308e19b73bb6cb40021fda7c3a928110000000000000000a3e9757fbdf5d6b5635454393d29a5971dfff89d4f4c0bde0d6cea770a7043fd9644cc54c0a31a1815d0dc13
341185,00000000000000001a7170044e1575707abd0d23717603b802a1207028d33a49,020000007ecabca3943b3f83de581898c812011395af1498a2028806000000000000000069e12a569f8bbd4fd0dabb3e76e4184478c1e41d9e5c7f8732a9d91ed56f27ccd9b7cb54c0a31a18fea5e04d
341174,000000000000000004e621b6cadbce028f845cd435351630bc45ed74db8642ff,0200000012968017f1e0dbc056755ccbe72cc4d109582f9ec0ccab0400000000000000008eaf8ae5ee5f1a80c0057d8abbf09df746ee8f8983998bcd4c127512a6951acdf599cb54c0a31a184c460f16
341065,00000000000000000faf6b38b1f9cbd7ca2ff5aa0c041a281da9e7d894bb87e7,0200000091e588d176fbde601dd72ebadbbca7d3ec300108784b790b0000000000000000d07146a594ff9d926a18826ee386114bb91327ab78b0c33896355479ee88744f5892ca54c0a31a18275ca68c
340893,000000000000000002d2747fb611deec397200e57009fe691485caeacea0ef25,02000000b370dac7c46595df0ee3378717c1e7f14264b01d39b8d8110000000000000000e228fbca87260342fbee1195896deab57a900af7c779c13ee6f5afe5006e0625783ec954c0a31a1842279359
340858,0000000000000000051231a33d58a8679ac49287d9ccc0e978b75a0b9b11fd8c,02000000b4dcd17ffbe007a39f2f17c8576e1f3b5f77c27d06a3c6030000000000000000708209a1c165188d98de704800271a3b0438041fed848911f20d964166c06d5ae1f4c854c0a31a1889206e46
340832,0000000000000000083b6ed8434e156a623a90fccdfa61206f7b6617cf103c4a,0200000000815a87d74ddb2a479a5a1dc91e2c6128a4408d1fc21b0c0000000000000000fbf476f3ed6ed7be06a72da7dc9805de75cba59d43cfa79bd8c1ad6ed4158a796fbec854c0a31a1830fcf32f
340759,00000000000000000c2c4e1438f09243843961d67d417f863ce279e4db07c83d,0200000018c886cf620d252b37c61ccfc019b40dd84c2f8a70af381600000000000000007eec0f2c21c61648a8e414293cb92fbbc9a5a28cc2dd52a9440b1036a6c259fc8c26c854c0a31a180bbff3b8
340663,00000000000000000434dc578b8f9df5f7da23432d4a290547553f8a7dd1a51b,020000000f271bb947af0040aeb8475f43f0abab57eb2fb7fa539512000000000000000099206396246e71f2378acae616760b3bfd97dfcf53307e8ac21d03dca36cc51d5f50c7542f011918badf39f2
340657,00000000000000000b133a24e257235107b4cdc6ae0d65fbd7497dd57b924189,0200000006c57fe134baa060cffd0864d446c7bdb6924dd51dcfd9060000000000000000a1cd1aa0cb7b6da297c7fea6f289f14854eb97fc9cb2d53e251d7af1d6baf5760647c7542f011918cbb4f2c4
340552,000000000000000006c040e45f094cc5e45b21837346c65086dc23be205ac717,02000000ac6204bda93db6ec6b381ca6b27cfd5bcd251d3d087bf30600000000000000005d495600ef00fbaa54f41149cccfe2592fb454a556815285c3e2c607aa3428a11f42c6542f011918bc044f80
340543,0000000000000000113040f5619851ed01b52ea9f07c9131600fb4086ee21382,02000000d027ee6e690e40271324f692a4886dbbe3da06ff3426330600000000000000002fa69538e6b25e913ded41570b2fa1db82e688f82d2d79a091c577a873a4f92e1a26c6542f0119181affe389
340453,00000000000000000bbf4e43ae1dfba61198d0e4c80e8a037a7be76a843c42db,02000000770bf64d29651ff52df2465718325c3aacebb1be42734402000000000000000023a30e7555c0b1fbdd31bf9bf0a1d41e982df6bcb380791418e7e726933ad9560330c5542f011918032219c3
340444,0000000000000000172c3254ec8c9b0b45ee6accf734928181fcdf0ccbd11326,0200000039410b40829494532f08e128d5339a4873e6b3c213990f0000000000000000006940a72354762ac3c812114d960bec72e5a2be3458d6141f4020a9a514d698d6c20fc5542f0119182f60e717
340247,000000000000000009dd532272d4dd18665ea8d33c673bc0e4c3bf6800adaec9,020000009a6a0a3665ffc71a02117fac81aa23ef513da927b4153c100000000000000000d60d0b874eab52cc175d88bb7849a01b46931fcaa20e308a0af410320f80dff79611c3542f01191801901d84
340244,0000000000000000164571ba42b3a6cb301cb352816dc957e87d62c837e2ccc0,02000000f2042ecb537b4967b46aa1d4dd71cc3b263bcc30c6f2361000000000000000008f47f92858533a2988b44894d70259822c12e1e93b4e88424fafd512b4d054dca50bc3542f0119184ea4f827
340095,0000000000000000106d970220e061bf19292cf29faaf8584588dc9b4f624e85,02000000fd1bacabda631dfc05e7bbcc498a841ef25914b1b1a36a1300000000000000005189337b1682921f32827a47de43f65d25530efa435214dd4f8396f49eae4c5f4361c1542f0119183de460db
340085,000000000000000014208b3298ec4d2ae853d30934c4d5ede9f6f35480856c77,0200000088d9bf84a1152a7caa5f6e207ae5f9b1b87b51103cdaa80500000000000000000b5d9d278019aad9f5c9d02463aa78452864b5fe3c0a7046d24411f4d55d8eb68842c1542f01191834c8a739
340039,00000000000000000137ff04b08fc5d33dc5f85878a6eb80d183b5e0200d0296,02000000d5ae0e9bc1301d6c9bacad000987e1c35112ab0082a473010000000000000000c6da762557507378545ba5291045019302df4a970433af6d884c89789823e8f966e1c0542f0119185d595738
340021,000000000000000013d39214191054a5c43948773cc83acfc3b3fb16a2a41905,02000000858cf3cd3eebf169b543a6c6477ea5c2a97aded1fa4c9807000000000000000014a80181461a3a770c2909f0c767d9428825f23937782d17ced68ecfc7d98b728ba9c0542f01191869b1e871
340008,000000000000000014b67c5ae5be78ec976f78a541ebc7cf84b6997e548dc7c3,02000000d3414381a2d40a41f90e8380bef4568bd3ab9af7664f8712000000000000000009224362285657ae53ed5f8f4fcf16af3b9f6fbc55eaa21a5d7bdf95b06d6cc41789c0542f011918ab10c8c7
339997,000000000000000005f091f1cd179e0778e1cc100602c3b4214a9a3de902c7be,02000000421e0efd116a0112b8c7da31b5de3cb50bb2cfcef5c62b0800000000000000007bc430b1b3ddb3bdcc8827f766ef8d5826c18f43161213833b0496a439409dfb416ec0542f0119185acc2d6e
339834,0000000000000000000686503d7aacb761b5d032bbe855120dba94ce831bb7e8,020000000d6969c69d5e4c44a052d4af78cad9591bb7a00f7d69d018000000000000000021d622f43c4ee1ccfd7df865764692715fd1f6621fff823158af9490733d9533e109bf542f011918e1ef3088
339817,00000000000000000eadbbfe328c7176d7bfff87f8bc5ca4eb52da4615b1d647,020000008c88707429f2681ce773a53af8b977611da5a96e10fc540b0000000000000000bac0ca27b9d597c3d63e1b9ecc2be96fde8511381cb1afad199625a2e0cc334c9acfbe542f0119181172bed0
339789,00000000000000001229ba27497c88c660273d832e5113153f2d7502bb3297e4,020000008549de0c49a77bfeb5814dc87c0938aaccf8c12c0d0e961300000000000000001e5cdeb6c73419ec09811c02bc0a778f1b4c5d58795f264c96cac0221b6a362d5c86be542f011918a2477ae5
339780,000000000000000008ca2e89c0d532408b45a110b0a7d1f7bad5fe13dd78b6c5,020000003ab9a2da6892c3eac67ce61def30d4bbcfdab2aa1785310a0000000000000000597ea87f725880cc2b9e13cbb92a3f74b7e07b1386ac3f5bf31f8123feca8997b36bbe542f0119188315076f
339733,0000000000000000029cdbe54e0eed07a033e3b15d6df90cc3e91d6e9391c948,02000000e1efb0604ff44d797ca91cecd9350b0a5c72851e5f7e1e040000000000000000103e1c65bbe378838180f578f27363d0d71d03af7453ca670e62574e887e11cde8eebd542f011918a3671fc6
339709,00000000000000000b38c1250ac5369fffaf6f90dc17194bc63ae95011f2006a,02000000bc952257bd7a27e922c2bdaa0018ef9464c28aa2551f37070000000000000000d2ed90a92718fe986bc76e7baa83c95c96f31d0e8d29f19e3306e242a2fe3ac8d5a3bd542f011918b485e5de
339585,0000000000000000127e0cc6519f36b646ec5b4898e63f586e3e0f43980060dc,02000000c70ede607ada895614b3c1185534426a0fd6df3f3d21111700000000000000000b8d7b82f76b3b7cb93201ac475853c77aff7d19271b6d8c8d361b76089d82e79578bc542f0119182f237ed2
339562,00000000000000000cea0bee1bfff976275a414a9928bed62c891bf541b5ff0c,02000000aaea33d0572525376133fc6bfa81c2f1f7ee4cdb995f251700000000000000005dac3562c75cf3a1bf307312774adc31aa16669d687292b864e78a8f6e16e88c3c43bc542f01191828feaaff
339503,0000000000000000173974ec72808f51adbe62dcb3be5b289c090510b9fa352a,02000000a72429229c1d097b246dd1ed76a4ea8e9eae828f85fbaa0500000000000000003c2dbc6f8fd7d16cd121417d6b33e013954eefe5bd710a190274fb36645c48e43be0bb542f01191831eead93
339404,000000000000000012199145b22f36ad3184cb6fc0be6e6b0162ddab77f62940,020000000c7731af91d8c5350899bc0b51f4fc6ce55e3dba6868bb0b0000000000000000a4a990115765b0c2befc7386414309d4f5be294766209017ae79b96ab7ecd25e2fedba542f011918c198b8ac
339366,000000000000000014a4b3fff43d0016976b6777222caa9343f38621f22b447e,02000000cb28ada97677b6df4a218e85704eee8c3a26c1614ea7980e0000000000000000910e666a0b05a5921d0b87c7f95303ecab8cb3db695a8f146dff13ea518713c44e98ba542f01191878ee0bf5
338986,000000000000000018d1c8dc4fc71c92a19ac2970b7f7c8d278827d02aab936b,020000001102743b9267dfd3c031d4d9ed45853f0808421744e780020000000000000000f62c57f3fb04f2d851fec6a99041077f79d19aa4ba9002b12ec8baa99f595680400bb7542f0119181b5936a8
338798,0000000000000000063312c4567b722486419a87bb5c82afde0679048978ca50,0200000061879355dc75af1b5a69794e9774be2e34996d4b0e84b7170000000000000000bb15846ea847929915c9862be32a4bfabb3f8ea70836003b18baec26b202ecc2ae66b5542f011918a11712da
338762,0000000000000000039113a7a8f34f193402152c313f77ce2d48604a8c98a11e,02000000570abcbaaf3ec6d77a784bddc0eb47f674affafb541380030000000000000000b3d30d4c75da319dac78713a26816ef872ab95a007dcecffd70ffe41ee283a5ffcf7b4542f011918f78e1e01
338682,0000000000000000054047b6edb2bbebf9b6f1b08c03be231154a8c4eb6053f3,020000004f55cd49b374c5456bc1d690cc8c9e33b8f814f2156efa01000000000000000076374d6d325cb1700ff56fca6c1ebe960a5450aa78b67d22fd2458dc3e86f9c1b1fdb354ca0d1b1835ec0c77
338605,0000000000000000118b37c898c85a097499fb6c84175ec16f9036d508685ad0,020000005c3d9c633be7b8115322d8b020878f8a50105f6fada1fc14000000000000000084f117839e8695f3b11b5036b6056585257fd1266ce42c164ecb4dece304bd81bf68b354ca0d1b18dd9dc7b7
338530,000000000000000010ee6c601642d0935ecf87bd2be429c09f92079e83c9ba32,0200000045f19b989728cd785501fc0d99b4d5cb3a1c75b78031621800000000000000002e96cd4a6d96657ad76cd41e3510572031da6f604e403c9bd42145a8be7d74a598c1b254ca0d1b18ce3aa7e0
338498,000000000000000010aa3906b58377db993b17d30b212748f8b711e565b52059,0200000009c79ad8da2c7ba37fcf34ad35bc730b718933225f466b170000000000000000fd6dde079be19ff329708148f0a08e7b2d8efbe336f5ac4b7e8cb696972dd3c5f47bb254ca0d1b18b352fced
338253,000000000000000017232ad82611afd3d71dd603e0c59e3ab64b0c46ae98d32d,020000001523381c4a3053a2ba7cb6df96b6023d8a8f5cb697fb5b180000000000000000954bc89849c2c9d3ded4152882aa6571e091e2ec5ce1dde5c300da4ab0771f19033eb054ca0d1b1870f3bd4a
338201,00000000000000001af1d128a22cb75af69e9a371d95a311a1f9607c96fe9d7c,020000001db6b7ff394a1c9b216c75d0c2afe3a4a83b59449681dd1100000000000000008bcc5f242b2a15c0211f1811a968453443243f309b54cc4f9d3e6fd947a3815118d2af54ca0d1b18335f2161
338113,00000000000000000b7f9b8a99a3962a37d2ca75f602d495e44bf295c925c944,0200000085fddbb4bc512514b326032fc44bac0ff7b137a3f9a72a1a0000000000000000b01be3635520d5a3053505f5a0a385f979cd754df16ea7a15ea089b7f77a6dd07a00af54ca0d1b1887fbb6f9
338104,00000000000000000a94800d048597fbca04b8ddcdeca57c32b47a3d5d21929a,0200000064e4394863eaceb31c36c7cc2df5cac7ac08f7cbca59791600000000000000005b15d2f1f1ded1b118127da8ca4acb304d70306373c7baa18adbb72e765321cdb9e8ae54ca0d1b182d1478ba
338092,000000000000000003556d6c3c921867708b442c277cca726fa611807f8742c2,0200000021511f0f8fd9f9a6a99fcc00e7e563dc389bee4a1ed41c180000000000000000dee0f6eb56fcc58f30b61e3649e6a9b234f58e674ba9b4e658893792454fda1508d2ae54ca0d1b18c426068f
338076,0000000000000000150a61a673d507abd74c2f7ea3ec2b872ef7b893af3035c7,0200000001c3ff7227c012d43fd00485c01c70ec70776c911a018a1900000000000000006c576b522b3b25ab9788febbea65493d5177abbec9b3c1aaca4aca037a5e803b7cbaae54ca0d1b1823f18a95
337964,00000000000000000f73a9ce3cea034eed8f23f1087ab2c4d4a9a915fab2e981,02000000721a90354f156e25a8657c8fca1e664e6736eece69ae250200000000000000003a7f5e144a1232482e95f6a00dd142f9cb0b189e0dbcab3e33dc992433f29320d496ad54ca0d1b18240cfd6b
337857,00000000000000000515050addd569b93bf9572880c70e5a241bee6550c62e59,0200000049f531162f38036ff68ae012ab85ed04726a8b67637611110000000000000000455ebaf72721631c10f6b529a3286bf4e86868c6df9dda6d29e5a6e009f751c2d8adac54ca0d1b1802fd799f
337825,0000000000000000047b08613012d1961773968c620663f06ecb23fa5043403c,02000000f7cce680a056ecb7e6a299690b68d4d0c626d9f660f57b010000000000000000ba5d2c846bb94f0e96bf99902904a83baeb2fb3c7f3a2c627b6ee440f8f7393d295fac54ca0d1b189db20d6e
337748,000000000000000009d5e1a55b3589d2243a5c6afca262f279728f3acdf1566f,02000000968d6e0522d1bce3e54da31a3aa1ed738b3d0e0d352e121500000000000000004f9db5d177f5b5386890265fd9fb4d18ccfd741339abb8e5e5cb792e6d60c44417c7ab54ca0d1b185b25c06f
337573,00000000000000000ec6188f240f1c24e264376231648188d00c2839654c1896,02000000265167e22d091cde59d818bd608185c95ad2a396fc5485060000000000000000e882e7cae3644b732f16fa4d0c85c7decaa969351f26659a1b0f01363ab558832d47aa54ca0d1b18ebb50643
337487,00000000000000001aad4da61bba2d712f43226c439ce55c8336e659e81aadb4,02000000f4dc231a358c735ff5bf194ba3e47bf010c8cc13be4f95070000000000000000dd1a4b0a2c52a4bbc42ac6727edb85a334eb4ed35740a0aef5468d7b8e0528412490a954ca0d1b18f8400d02
337487,00000000000000001210610f61d4661422395cfb10f0946921e80d6825275c07,02000000f4dc231a358c735ff5bf194ba3e47bf010c8cc13be4f950700000000000000002d6a01bb9d3ba04a7f0bef222af40d1f4fffc1bdb6932d5c5b79e64cf03c6a752090a954ca0d1b18e442063d
337462,00000000000000000c75c711c54ddc5f087e8ed67b3c7c0d84852ca34b360bf5,02000000de54dded1cbf6e8af7c1aa41452dcda5ac50d3700b57771a0000000000000000a2ad12cca20c5662d6f90eb28593b3e257d79673c4e623697b49e4d65fe97efe7767a954ca0d1b18db9b0bb4
337419,00000000000000000b70f634c3f0535f47fc290b942d2f5221862d274ff5cf75,0200000068a9415a7c5335646fe273dc503fad3f671615608a6f0319000000000000000061459e6748a92b9beb32e47f801f8d18829c575191fb748211329d83d8852915c208a954ca0d1b18f3ee4d85
337308,0000000000000000146f1dd0d3deb09022ce4838ab6333e40bf2a238c5e6707f,020000003e37b647a1c23f86027f9b38bc89fcbea046947153bf4208000000000000000050c50706194cdff0066c762601e93cf00e6d793636452c086cbb1f4abd64f2545820a854ca0d1b188e878d80
337290,00000000000000000646c0cf7339bad65c56e5367a7e188957b9d1cf3cb005ea,02000000679bc634d35fcdbfba024fbe5aeb5195f69738ff61475b1600000000000000003f4fefdbf54efcc7de4d8c7537e9fc38c223a7e672d84021fe408b0de199d283c0faa754ca0d1b184b532c7d
337283,000000000000000014cae2bc0d2bfcc114dc733e9ab275ad6020d16f5d49b828,02000000e407bedac55b08f05667fad13faba314938335f41071e90e0000000000000000fa8b10e3ca33ddbd34320589d3ef03a0d9e5eabdadf60a9694cda2fc983ba08023e8a754ca0d1b18c1bf3b03
336914,000000000000000008a17e661da2b994b7e9f1a669cb0be0da6793fbf42ed69c,02000000fd150b0d476fb68f1d8c01a67fa98f3c01f646782d6ddb1100000000000000001e5e867c2aabaa5d0fd3545dd15ae09d5a36fcd8440d6b921fd22dc35865f666deeea454ca0d1b186d5b302a
336710,00000000000000000ac1a2d1af910eb2eb190a5e2d1d16247d85312118caaec0,020000002deeb1710a7da01f67eaeb50e4be7afb191526ef0502cc1a000000000000000007320c2abb262da1864b8ecbd88f4990ed3c2b8a103faa1b8f291235da6bad0fa13ea354ca0d1b18757b1587
336554,00000000000000000c68c54e767c945f3e08d77208ad6ea01e3c4b41fe0778b0,020000004ef17d091791af00530b2bb71dde0279b7ad6d8169e2440f00000000000000006f750731fb194d890491961fc6d7bea5cb5095bd979fe12d12055be753f4f42219eca1547cdd1b1813d31ea5
336494,00000000000000000fd967e156c653626dff832374fe226902d1f504e1ca92f6,02000000a53a5771f1238a2e752b321a5e503274bd06e7e4e793f8080000000000000000d50821751a68929e33ef812b6a8dfbbe8d6c442df7a5b4beb21549cf4aaf5a24f467a1547cdd1b187c47ac85
336486,00000000000000000aa3d13491574b17c5ff69ba26e8fcf04bd79f6e028e64c7,02000000712f6fc8f4c5e3de97fd20e61f4fbf5dc850b783bf9cab100000000000000000d98f58f00ddae6355146123d8d896f589c1648c563c43dc2992fc36b24492160245ea1547cdd1b18c9420457
336387,00000000000000000f619a4324c88e07d0bc49e3badaf8d05b5aad18c453976e,020000006f05a7019013fcaec2ba58d84212fc5103bce0b7b11f69040000000000000000af7110df8284ddb4bd395d961af313c8efb09085f38dc98480fa92bf79529d3c0e97a0547cdd1b18bd369daf
336370,000000000000000000929bbefb29a690c8913b3c066946d998bfd7c5426fb5e7,0200000019ad878b98d5ea67420754c38d80190913a3a13df0239918000000000000000080d9af64041e090743c4c956addcca437318ff800640a732bd92d8aea3223a617c6ca0547cdd1b182368decd
335987,00000000000000000314e02a518bc2a11dce865277179ff3b49cfc7965c20ef0,0200000073e27af63d73f5bbdc80d6c88fe70e462ed3c0f62f9c70060000000000000000d3ab1c4e81c524aab7482e78c26a0db65963b40ccfc13675bc59d99dadc08728765d9d547cdd1b181229f480
335882,000000000000000004d720c9d0406d7aa2c1d16f7a5ab4be75c312e16a85ffda,020000000145784f97156ae24684a1610d28fefd918354d29af6a30e0000000000000000648360fd2912db1a7b08181cb8a2e858dd9840da4c1a8d54a28b1b2e2dc69dcc1c579c547cdd1b187cdb7f9e
335834,000000000000000010ad3818371a5487d98a68b3651eb579c551190fa27cdf67,02000000b3b9739f8742683329199b3a56b5d11e3ad7bf34103f171000000000000000006462db1bd8646d98fc3dd93fc75e4e4b1650945303af28ca6a9dd823d14cb7b162f39b547cdd1b18216459cb
335742,00000000000000000c40362958d0f1193cfb4501d17d36f31e18a1b63a772f24,020000001736b4adad25094543bc8b4f334cdeae9e6dad54cff7f306000000000000000090e5896db0a8fb3f583729bd663ade4384dcb3eb375037c12f0c66ded749ecf09b2b9b547cdd1b1835e933da
335644,00000000000000001b2f46a8b4c7c0619338db4ea5643810962b961ed2a5d44a,0200000088bbcf789090c7180a0648d74eeca34afa8a922a30de641000000000000000000bd1767e1194455c1048b8a85f308e00a333dadbe47fad11f9e4376ba7157eaa235e9a547cdd1b1815f1e298
335546,0000000000000000080064132ec99382e45607e745b51168a10985f9abf164a7,020000005a3d7df2bd87b30c3cebe1770a5076e15746f186299ce1000000000000000000e142244016bf4587ab18955f1b9620d1bf0b3b3aaa77459d5d1a971d886b3866159199547cdd1b1845d6199e
335490,000000000000000019de7a8d97652d5e2a25d0bb00f7023fd25bf5e0d768397b,020000007e770e2cba0be5dc4830a832cbfa7b9e1e120cf7375810070000000000000000981902634a60718ab7c0e6f860dba212e0fcb7e4bb92ffb017fa18b41f716102d60f99547cdd1b18b21a4360
335465,00000000000000000a637ef9e4ce87b0dc93f5a7f12b87fb1b0356fc3c0a3642,02000000bcd6c1f097c2572af2de8abce15d15642bf511cfe21c131a0000000000000000b6304ad0ca5b344401003c27fb0ac405b58fba8dd6df2bf86180d2df863bacae3acc98547cdd1b181b1e7a51
335464,00000000000000001a131ce2cf11f52b64155de1bc8adef22a57c297f0c1d6bc,020000002c0e4d81566a6772cd961e19669847035af1e4c8f97dc6110000000000000000b8eeaca8dfa38ec712e28d8f37503f54002d09cb65dc81ce8f0be754d7659e158bcc98547cdd1b18674a844e
335243,000000000000000015c78693db2e1471fe8ddd19891944e3baf733c797114a76,020000009ab5a615bb960bc03803cb047502869255a32576cff467080000000000000000a6820f498f047c10f74d98c4aa01ba2f4a4e0e0f75aaede99f60adeb918d2792ddd396547cdd1b182427ce59
335236,0000000000000000183586e0f63a2effdfe692ae6b48ec67c467d8b5d82f57d9,020000001513b3fa3db4ccbbed7cf8503f627c26347a956bd192110d0000000000000000fd1413f23b0552ce6525714470a9ed10e0db484092f296942a278408e9061276b2c496547cdd1b18a2a0aca2
334923,00000000000000000961b1d43d27cdc42c4d49745c041fb8e0f8c1457f1d647e,02000000f8d4d14f218d188d90933953392dc58a7349c8b32bde1f15000000000000000044d2a9eb85360f0d09c129359bc64a51a2c7e20794484d7a64a0d9d0367b6113e2e193547cdd1b188acf8827
334913,00000000000000000d782e994181736e733156f03a3f97e3549c4d6ffe98dde1,02000000e6abf154e7fd09ed6092c1f82d82ad7600d9ed659fd57b190000000000000000e48d4dc5e4257c5c44e5d55d7160af0ac9f50f480ed106d3ec2bd70f97870e0b9fc693547cdd1b18622f6f54
334896,0000000000000000094efbdd1b9fef31260bcb8e9dd9b15bd6d7b95a0165a8d4,020000002e1c41042b1557d704040bfbae5636b7805ef08fae7c0d1500000000000000007eba7ecf7f27067230f96afd5d5a6cae6ddb6cdbe88c311dc2d118993c56452cfa7a93547cdd1b182cc76742
334846,00000000000000000cdc70cf2ca202be580bc03f1d0e4b55b0d4104e180029ad,02000000853359fdb7eb1dec390c7dec63c7e94f500ddf57ac6d0c0700000000000000009b0cbe6484d9c8698ac8742d8dd2147bcc42a6790a64f5d8ab22ce2a9194331e630493547cdd1b187a707b85
334774,0000000000000000043a9d3a9474ebe7eb3e6d7123239e993d80e72629402a60,020000004ea28b281eb99d8c202768d1fd9c8a17d91d9d246f7ff00d0000000000000000abf4dc6303ea1d4e3c71ca6963430117acb2958d2a5a8c5fb90a7d45ff49bb08ee3792547cdd1b1814e56fa2
334645,0000000000000000150ac8ab45a20af25f1b70cecbf072f91afeeb417726b82c,02000000d85e0441ebbf0bf861db3f2f89654974531c910b6f10631b0000000000000000092bb2d5ffc1062c11e740accf01b38e757194a0361a8a126712d36d94adc63d85f19054747b1b18ebf19b25
334591,000000000000000003d8461c3e92466d125b170cd0119a428766502183d5fcd7,02000000632b33406d89309e916545870828cabf498631a3a135230f0000000000000000d3daa5ab1e7ee3c907defeec2b06e10b9dca1a1849838b4428a62c9bc403bfd70d749054747b1b18a3fb0058
334587,000000000000000009a028bc6c32ea7d82b6ee2637a9c7645afef9e3e939d6ca,020000000b769704c5bf383c402d82df0abf3e98ce0211713c08d5050000000000000000f51202823927f17040f6c520e48ad277693f9f57d501497b50b6d2fe1dd8259e2b6c9054747b1b18e8e5bbba
334514,00000000000000000581477fee0ef55b6df00b4b7c1b102c6fd88bc561496b07,020000001d89215f3cd59ed4e7a11abea7d52b4a81f0349ca9e0651800000000000000005244d32503757b84fc5c5515832615f08983b72ff013020435f56a87dc75a36e14c78f54747b1b18a1a59d31
334490,000000000000000011cfe4f9c4a8fa80055ba4406ef764e015105eea3c7deeeb,0200000020b6cfc3628d7aea9a7586168aaed23be548134c3e6dd60d000000000000000057ebd1027c15c9593d21985685764ad55f7018f177bba2b131626a11cc74ee59f0818f54747b1b184805cc31
334487,000000000000000004db83cafa3480054e9415de26719e93031b5ca3736f2fbe,02000000176aef30ee0f2ba339fa3fe0975f48735d83379799cb030900000000000000006ae1634712993cae5cad3ee3d12d978b4610e7de48e5c92f184b5ea44bbea1fd6a728f54747b1b188748092f
334323,0000000000000000028ec4f5387d4bcc345975a24ded79c5e88c7c36d451dd11,020000005ed5044e858ede4503d2201205c99ddab643632f211c6e0f00000000000000009176772da94ad5e163f6c93799043156c9bd80c6cb8d923a80f46240fd452e0ddef78d54747b1b1831da384d
334081,000000000000000018e87dfb448883740cd8a56c35e723cb1d5ad9b9014a71ea,02000000f50b81e48386f7ebbe8151d09072f9350cc33c7c8b5a50190000000000000000d8e7e3be9285ed10eec7d2df0b632b8d1739f45a5e6413336d5d1e3b338bc22df2b08b54747b1b18954aa628
334042,00000000000000001539e9d5343d300f0b2084d708f810bbc4a1b0413a75a346,020000009bbda9b9f8aff26ea09ee4c8c914c83f61e75e1b8beec00d0000000000000000557a65f7c45a8426dd3f2e3c0b03f5483ba666bd2ed02fe6c41ca5db01f5498406558b54747b1b18530b7024
333979,000000000000000012d0fe29c43188fb8b7adcbbc1e50af110c3265188c65d40,0200000082d38191088ab8cba69f2e44f416874f202605d453c1c40400000000000000002053991c7aeb2ca3a0768dd475404eeced50f3ba9feb38949179ef4cc29ec4dc50b48a54747b1b1821e6faca
333906,000000000000000014a589703b48e224dcc88050085dd5e5b779e421d5084cd5,020000001178266746b64665a8062cfbf4f4c800c2729f383aa28b050000000000000000688b93be40b27129fcfa26afc3c1e1ab8870c6f6630e003e1f848ffe344fd3b156128a54747b1b1882dc148d
333888,000000000000000015e30e78a09861de434a999d82fc43ad5231e7d58fce81d4,02000000d9bd3da751c283543c67d924da7dc59395f3aaf5af0630170000000000000000861063435ebe884a1ea3478e6b23062b754009e00afc1b10c10dc5fef54164f482d88954747b1b187883031e
333774,0000000000000000060bffb3e6f871356a19fc44ca2ab3d7a7c0d48825156f6f,02000000afc8e71343157249762940c5042f4392f0663b3c5d6abb0b000000000000000069691b6327836ec708abff9459e7c6028b972377874446da48723bc540a40ddadce58854747b1b18c75ed21e
333560,000000000000000017989015032f093d818339c5966c6b9fc9bf9d855cb2748f,02000000354e06418e9dcd205e8514bd92cf46483473bef3a3bf2d090000000000000000124ede55b0a672108fcc44dd83dd6352b7f1bd1ec8dd23d338cef6fc7b774818a8028754747b1b18e760eb6d
333279,000000000000000011a9947e415dac9b52c56160159f842c2af6fc22b62bc720,020000006cf747b60a107918e362a7261ac7127bb11809b250d2540f00000000000000001bb756bfe08660d46b048d823f4ffb5a86eb53a36c92528b460dd5b724b3949e3b6a8454747b1b186f3cb431
333270,00000000000000000a25e9edfc78378ffd3c4c0beddf6faa0c4a18adcbd504a3,020000001e1f20c2312fee406cb320f4316c492cc26ce261f1933d1700000000000000004ed8c3edff4b7d5bffe844a5c131fb2e1bbceff4d18bbbeebbbda9a4421fb0f1c9578454747b1b182acf0745
333201,000000000000000012ded1f0dceb91dca435489273161c9a56fbf719037148b6,02000000236177641437b19ed4b6e571fdeb563de39028e9a327be120000000000000000b028cc7441c4f16431e09e282785e1aac49f734df09bd6aeeba45438ff86d17421a18354747b1b18460e38dc
333195,000000000000000018df1549dcea41046a9bd10bc5789ce0266163d4d8e57d89,02000000fe1c305382cd7a1dc06cee6c64ed0802693365717bd576170000000000000000f7ed3a6c2a7cca7b57086def8a116f4e125b0171b9fc2ed10805fc2c107b81e0b3968354747b1b18a69767a3
333180,0000000000000000060fe33577b8fa107599e274a67f4675448554b889c48426,02000000d17ef000522de7159b9a7f9db7649a56d38fa2c52dcf181a0000000000000000c4f144b4b0dd58bece216b22b78846536e897929588483fd44e832e007eae360d1628354747b1b18d9d04026
333147,000000000000000004efafbe467ade123f7f85a239f846f3527e699cadffe1ac,020000008ae95f9307fc98832b1e79340a906f7ef2af1a4f6db3471700000000000000008f56a9ca1b2a5585911ba2b06422f7743c96eb06c68a6a74351dd6c83a1a792bc8128354747b1b18494d6a81
332882,000000000000000011c4ee02ad762482ae189dde42a034af326f31c97d9f3cfe,0200000001f6a1dbf6ce50271516f450a4f7f966c1c458bd456680130000000000000000468f1700b31ed80958e1b05728a02a7ac35a7222a90b5af671644ef1ec3015a124b88054747b1b18f834085f
332760,000000000000000010493250758adfa273c6106f779dc72040cae22750be3d50,02000000bb74ba6fff819f49a76ff9a478d4faaf816e91f2832ce30e00000000000000004880495839542a8d5b0c8c5c15c5e368c03e4304da7b9aef439f6244f09df19268a57f54747b1b18eea77b77
332702,00000000000000000a3ecd216041408fcfcb878ea231ba8bc571b1e1e53365a3,02000000f38d10142a5f2939186a41b07049689aa50c20b56cc21a0800000000000000000aec801ef2fb03f2438e4814c573ae99f6a369e97ed8ccdc21dfc08cd5fa2f62bd297f54747b1b182a84d80f
332700,000000000000000019b14b17b32d32dffd53a6b1572d3fda8a3d75f193243380,020000000d073deb51ced1ab684d5ef7a306c505c7f39180075d3f160000000000000000791c4b3f3c2e9b07c9185e8c517a99f02c4451e51565383d8760de661079ad66ea218054747b1b18036efc97
332601,000000000000000008392d6e50fb4a3580a2aef8b1124d88da06a03a38cee599,020000009eebc0083d8077af1e2c5d5a4858371debf3cf1879517e150000000000000000d026697781a4cea3a537cf7430059b195e8e328aa45087d71ef9d7fc533aca9c47f17d5461481b184883962b
332547,0000000000000000085920970b7ff7628e9b498e0607ea464e997e7e0bb7476f,02000000dec0a446d7c0953dc783fe98e1e7c2a8afc571cfaabb8c0c0000000000000000d4a48899703ea2752356c57b595c44ff65950f5055658427e91f5ee1d24eb391956e7d5461481b18c7172b8d
332543,00000000000000001846e58840131831beabbb791b08b143d1bbaf3b45d11211,02000000fbc4e89f8ed324634b66dbb1cbcea4462be33cc57656c30a0000000000000000fa8028c6764634a50ca5beca5ed195d8212cae8a93d6a34b661d3d659acacc3018657d5461481b1817c983ad
332515,0000000000000000161ec18d24d950f70e8c1624e4623dec1dccd1550d588871,020000008f2dd9181a809841fa8613b0e4ec22690f81d933ec1265130000000000000000326b49566024a8f6822a01880b417e0d23c0bc5f901c3c49369b0e57d7a57e75ce2b7d5461481b18c44f6e89
332406,000000000000000009f1a1d3fa0eeeca1ead97edd68dfd7748e451e1f7a4e3bc,0200000005c8d7a89f8e99872529f1654b9c51eabc4377be495a6c0d00000000000000003e4b5556ecdd96599a18f7f5c07bae52e3c78b511a4fbb429e76de53e45ae49762117c5461481b183f8478c1
332282,00000000000000000a0d2958029f0427d2725818f11b074af424b8ac670d7014,020000002167d55caa215fae49d141562cb5678d348dd20caf948c150000000000000000dc372b0ab89124b1d00e74eb6506f1eacfc8bcfc557005ec83adaeaa00217c86820a7b5461481b18665b0357
332083,00000000000000001a42d437f7a8b2314e1c5721856ff7080f1b2e583aa49036,020000004878dc7f47722b47ff8163bd84f51dc7b6d2f11ce647c9160000000000000000b9d421eebc3513fda5e5c9ed923ecc37fc79e19e942d67d06e00276f5d8e59421d6a795461481b186348d924
332050,00000000000000000bdfbebec06881b117853acae8d04b390bc8aaf29fe8069a,02000000babf875c3f004c22c04be76b3019781f393aaa9a88397903000000000000000057d1cd0c3996963e4b834e5ca3a17a0d01ddd27ede7f3ec6f839dff0dbb2f5eff213795461481b18ae9face6
331739,00000000000000000341ad06d0b0af1122db2c741032579b4739eb7b51fc2643,02000000189559e74d0c2c80d2ebd9ec4ec093445d83ff4c93c0670500000000000000003ffa072f46b4f7ec605fc3c66bb2ec6773535c8bddb619d0641bac191bced294e33d765461481b18a2bf8c7c
331734,00000000000000001b00ab56dad5f7a44f07290269502d1cbfc01809b942ae2b,02000000c1db8a8856ab6bce9a1314a6d4713f0d42f28930d7f2850d00000000000000003c2c1043ff73303470b35c75c8d26c11b3a92348c5beafa782434b642560001bac2d765461481b1815476ec9
331672,000000000000000010b447b4811d93fa4f583ec8cc983243d99d51c6684038d7,0200000041aa81843c87420b8da4ac72ddc21da4cb991aa33fc46e0200000000000000005393d8aecf4a39e472a5e02f665df0f72c68ad37893bce22f1ca131666e65832688b755461481b188c512a8b
331655,000000000000000016c6596f6e3972236b53fa37af60687ba9ad25eca441d46f,020000009a0a6aa7361ceba822ede6db49ec71a655898ff436b7aa1500000000000000000c977dbb3acaa83666b5c7faf99cb6b7b7fbeb1fce6a2005d4fddbb4c92f568d8969755461481b18cb4cdcbc
331607,0000000000000000095f58bba3b0009ad81b618b433bdd5d309a2e459ab87268,0200000061db558b682a86f851e58a52855afe4d64c850141e84840c0000000000000000408c9a7b9e8cb02c131c227c97075077ae751f150257380ebd5acfba3dcaffd417fd745461481b187047843e
331366,00000000000000001afb9188b5c75325b405be4d03e9a55d280b247d117a23f5,02000000f719c7b10a6433de7109901bd16a119941c3cafa165a9a1600000000000000009e9f6fc5c3473e31ebb99909acdb0e558de623ace37fc99da0db54039f5c956f6cc1725461481b1825d7d039
331253,000000000000000010cbe5d07e24931233c909260aa9c635b15a3a22098cecc9,020000001e204ef958f1518fc6c6da73e518d86d95b687b14ae2ec050000000000000000cb4d668e96c23b502fb538215a7487c468a66fcd24edf9c829cf9ae97528ac85e3a2715461481b1896af1264
331176,000000000000000015d2fba73e68478010a22ea5afc0844fe2a6a288c4857d9c,0200000056c7bee7d2520fd213928d822bae8ecd2ef0d22594837d01000000000000000071cd1d6711b6a3b9441e7b8f379aa3fcb025de6686d642b2caee9541bcd4c5fe56f1705461481b189b805bb8
330998,00000000000000001841c99688739f48e5bd956ff85586732442bfc86c4662eb,020000008ba32be0f8bad52578a1b4211a9037a66b7816258d58ad0d00000000000000008641d4ad038558eb3999b2a80489a006e2c000559667cef253eaab3d5ec5246a81726f5461481b18154d3f63
330989,0000000000000000100222909a335d030af3270e6b829b3db2de020208163552,02000000005e98c4dd026ec048907ce94a0ce602d6a6957462d5be0d0000000000000000ea97aa1b40c352b7fc490ac244e1aced68739b8a8a2e835a99c76151f6498196e6506f5461481b18e2b6f9dc
330937,000000000000000012ac8cec3a9454ded9b2d754ce4c89ee3f5e7e49428a6d3c,02000000774d43154ae643fcd513f7062c6b59033b47d33dfebf6a110000000000000000fb6ac5ba2b5267fa3de1f528e127870fb2a4853166b7df5deeaaa3ca7fa118e01fb56e5461481b181992ac21
330868,0000000000000000067bc72c6806f32ad88abde5ccc6a384ebd8eab78064f9ee,02000000e79fc54ef6e4d1333c57f46e74b5d66eb7adb97d826ab51800000000000000000f603533f698d13f75b4fbc362928b0236d30e47b90ec50f1b34a54dbb97901dbc166e5461481b186e97c110
330853,000000000000000000b374c2c4e0cc7bc30851637def2f2ae620252cc2966875,020000009eb54a5f3fff0db5aa12f451aba74676fc288ba6cc67f417000000000000000060c097f0ff1dda730d75a8a4cfc0be0e3d8d9e592e827970bf6b4ecca0780292aaf46d5461481b1844587a83
330561,000000000000000019c45d0aa0a6833352af6f30f8fdf554e271f84db9bca530,02000000cb88185e1ca418b844a1bb567f56f58812a1c09f452c83130000000000000000654b95393b7883e01010b7a0b5e22656dbbe0adf5f47a2372e8e2176ba33a400b3216b5430c31b1838fb0669
330268,000000000000000010611a4d65e195721473b066bbdce7f5201bc69fdb50a34c,020000009ba4d556c768621f88ad80f6f6067e6235c6e4d737fb5f0d0000000000000000c97c5c8b4c929db3aeae3f007669aa4897eede170a9235e24ac13fab6fc092705a90685430c31b189d482fe2
330060,0000000000000000176cc9a8c769af145f3ed9aae9c4230424cffe786feaeeb3,0200000022b856e77ae73735f367bf6fe76b1bec819b3d3e900e57040000000000000000f2417d59cb597669aab340717c3178ab609aeb0eab28b7af85fe7591894b55dfbeba665430c31b183d988003
330025,000000000000000014fee4e4c091638c5114bcaddd14949b78f68d1712eb4e8d,02000000e6c040e3396027b2a2d2c05581cc4aeab5f10bfaa30ccb180000000000000000bda2b826a5b9989d80d9bbeda4e8d9c8428c89d903136012e32ac57229cf037a5a62665430c31b1834d24cd8
329838,00000000000000001132ee7db295e56abccd687fa2fa2790831e501445defd24,02000000bbd42562b3f1abee7abe5a82152344b3dac4bee213b5460c0000000000000000475565a2e9f0285d5fe86e4f22dffc990fc9d79add887fd17a0db168b319f2b414cd645430c31b187641321c
329398,000000000000000017d907fe251ee062cb292c8e04ca690b4b0d87ecb79c2cbd,02000000b17ac10c4b00f96b2dd9599f77720e9dc893318bd056f50c00000000000000009b0effa17245fa06c512483ab93c32bd51f7acc24d5589123f5c0625e567d25df5a1605430c31b18b3bb0398
329075,0000000000000000192d188855086d9507a7f5fed626f19f6bbbd48ed799910e,02000000a7fdf64517870e88b18c83ff0786dd2976b2918be59efa0c0000000000000000296b163920a3afaf431165931c48156ec4322cedba080644defa28d1b51206a9f5dd5d5430c31b188ab9e329
328850,00000000000000000c56f42142ab6fc7f8c2d4703f450da8ed77daa138d83340,020000008a032e9cf36b4686dfa45e302519ff3d77badfdc67a4f51900000000000000009057b409bb6a008024bffa492208a08a0fb9b4af47a470d90675dba55c542389d9ca5b5430c31b18916a5dc8
328695,000000000000000002351f487abfa15bbe4ed7b43bc0d9afafd18be1d809f448,02000000606f7b41af24d592a1fc4e263900c900ad1ad3822b2bd608000000000000000039684a7a7e037fa41e1c12c4a663a494a12f6dee009dd3554b26f9be1fae1171c4545a5430c31b183d644460
328670,00000000000000000431b8a4c05715e570a48cc8771c8b49ef76d60d6ed5cbdb,02000000271e08c9d0c9f79c0272ba4090db0190c8491e112955b6080000000000000000fc1fd8cd935df1691c97f7a63f54742859bfb22d9c4aff1c9d6ec67c9e23fb1a9d0f5a5430c31b1894998b3a
328504,0000000000000000197d0b847ed26805302eec9f5d2dcc87f095bc79f920d451,0200000083758beaeb582a5454a571b222cc940c99a08161a336880300000000000000002c2b406f1671f9ad5762cb4cb9d9ec99ea9b28880096acc7c8529810e15ada53f7c65854c08d1e1874756f35
328503,000000000000000017f93e949e53fbbe4df3f233541c7e13558438d563583907,020000007e5cfae2fc7f524cc68fe8ae4ae5eae2ea7c07d7ab1b111a00000000000000007c0e02dc37810fc53592ceab39e09ed842e4f74197da6acaaf4bc9a6a32531a4cdc55854c08d1e1818fa0ffa
328198,000000000000000009a63c1f6c6bc9febaf9b0987c1f8334c287af8273ed4a63,0200000093c26f25d5963b5cf802118b9ce74a595c580156f44e89030000000000000000aaf234aab57086dbe25e07942f048427b853a8cba2f05d3bfcd05664c72ef1c575335654c08d1e18e73e8d73
328115,00000000000000000ef60304e0a63dc8baf6ce86c783cfb2831729805b2d798f,0200000064eb6e815a8f1da6ac03195f525e1a3183c899aa281049150000000000000000461d54835f0837bdf264166743b12beac8f0ab3059c020fd4097bc2017459df5ba965554c08d1e184e1e99e4
328073,00000000000000001c64d453ca98f0565f199a8d789c79c42eeb4e261e45caec,02000000ddfc77facd45ca6647da8b339934c5a5827d951f84581d1e0000000000000000826beca67a2187aab25220610b1a51727e6a77c857f06aa7c2a3c4f2b2eaa6fe093d5554c08d1e182b2381a5
327970,000000000000000006e1bee53c52ed468dc72b5e5ecea0bb3cb75a027830cff6,02000000d4f8a82818ffe97d2d71d7f2c56dd022535021504dfb870e0000000000000000e88637dbc181564575e751cabbb56efbf01ef1a68f6b1c8b9ed533855980df3b20735454c08d1e183e774610
327924,00000000000000001cefe9c11dba5b20da38c784c8b574300ebb50ab4ec7faa4,020000000d1ea413295d3491d2e491629587d7260c3429be3b630506000000000000000023f919dc9b2ef0346bf6a00804dab28091bce5f9b8281d768abcff412c45a66bcd0b5454c08d1e184ec9d1e4
327901,000000000000000005f8c706674e4f06f4a4aa06178033ebf9181663184e6d36,0200000013e768058315f09eb6b102ce3be1f1ff6306ca78343dfd160000000000000000393c45eecad9491b3b5854da9ff70494908d777b69c65e7d33b7230b1450ee8807d95354c08d1e188998212a
327848,00000000000000001b64fbf86b0b4d203c29a2fadee7d3df7d595a13d7f10970,02000000e2d3be3a379549b3aac043bf13b3cb6a6300c3dc214089010000000000000000d7ff68b5f7fb5b399cc8dcb5fb78831acd19f5bdea513fa797c153e037c1d5a5af7d5354c08d1e1863ecb469
327779,00000000000000000976e03de82acda25734be60a985ef9ddf7f7a4553f0f4c2,0200000005b5f99ca6c27cf8aa89c423a9457e8f10cf812e66d2a31900000000000000005ae272af3cff6bd290058c45b2e93e24963496a91becd0052683e9415d33804cb80d5354c08d1e18e05d7dba
327709,00000000000000001cafbefa786deaaac44ad6a07099ebff85f2d3c554193a99,0200000070fac76a22282c1a4f7cfb45771d5346950185cb02bccd06000000000000000034e909ebe3d5a589659966c904f5aba48d34775fa22cecef4de7cee30f9fd760bb805254c08d1e18f12d3a9f
327686,00000000000000001e54e72f3bddb8a011b26a467a11237f18ea176fd13a0119,02000000d0ad93ea273aa7790d6ffeada9e352a0371a88e4332d541800000000000000006d5ddb002508f9c4712cc28fecc8a1d2d8d483db68e40614f4190afb4bb011a8e5485254c08d1e1849b1c74c
327524,00000000000000001c45c913ce30ebe44f63d49098b320db5a8fc71e1dcfca16,020000007d46920115f8761a828f9e19b1b6e258b606a093ee7bc8190000000000000000ab27da032c5ea3288da0e2794090c64972eee7fbdc2292ace1b7aec2aa05e0d90b095154c08d1e1836c49e23
327429,00000000000000001390b885d780577285e8a825f80c93f7c74338533ea017c5,0200000019c9f7c869bf992561bc2bd343867af0cf06f9b888eb970500000000000000008a750a4375401ec5712ec08f9952e3da1df789418dde5fcc022dc1e1fa9fadbebc395054c08d1e1829d9dc9d
327414,00000000000000000cd5c25d400945f2be8eaa4a3d5ab8bf9a2af109ebf3804a,0200000089d189086b874ba6c2d7aae07772907b30bfe49a3e93f10900000000000000007369316435d04d5f7f2543ae7e5a465de12143cf255c4a75ca0a930bb74a3ba0cb0b5054c08d1e1881062b57
327369,00000000000000000b4f877a4419a65f700c346c0e9fa316ee44b4fbb3573bac,020000008bb651d42bffca18de825f0bb8cd77bc87fe64949fbb230c0000000000000000997e860f7581a5bed63f7f6cfa1186776a579be3aa2ee946a76d0bc468b04665f5b34f54c08d1e18407b65ff
327336,00000000000000000fa1c7de1eeb27ac81835e71ff871d3feb87c0194638beb7,0200000044802968497f42cb6ea5aadd8879d4b4cb2bc041d371b00600000000000000001a9cc2aa80db4d62dfc972809014dd4e7539be56645f2f709bb63c6acfbdfc03fd594f54c08d1e18e7e35d83
327169,000000000000000016f3c9a5e2f98a1ddef0bdf105a720ebd95187718c06a676,02000000764704f10bdab35070b9f2d63fcb63fcb504096b038ed11d0000000000000000c8d7dda9fb1e0121b5df317b153c9d9960e507114b2787397c25d94285fd3eca44f54d54c08d1e18c8bad859
327128,000000000000000008532e7006e5cfa66c81d794359c1591af68a06eff88677e,0200000076e77d830bc7f206c6abdd815ecccb6c861a40b5f81cd806000000000000000042470ad8324ef30b380903936a3682ba25bbfa1d51142b10718030dbc373e69d9a884d54c08d1e18df5e514c
327092,00000000000000001a09e7f2e8dcb262276abfd2f8582c0b499e747fcbfd5c1b,02000000685f43f82dc340b01cb43ceac7f65e92c948171ba97e191100000000000000000f21ad165982d8fbca77b60fec382572e04f9a7e281acb5a68b98663e2dbf8da5b374d54c08d1e18f5ce8b88
327081,00000000000000000ecba38c6a94ebaab5eda8137510e0aca82755fb7601e6cf,0200000059827f5566dc5c5ecaf2108bfc9a110eb0cc92f554a8460d0000000000000000889b5e784802c17f02c89f290bf4248d0e02bf78c3d1f10a71f9c3013e276a84721c4d54c08d1e181efa288b
326975,000000000000000008231bc3bf85aef73f7140b5b344db2496aaf736aea2dc5b,020000005686b9b7f17f25d35414acbe5a85ae9cba03f73e128bae03000000000000000067115595a8e7fb03cb4c0217f763b540d61351f883f57403238c685ef5b6c2f675004c54c08d1e18f14ea4c7
326720,0000000000000000065a49f38a370dd2b08228a3fdf08d983b863bc88f897d4d,020000003664ff7b7c4fdc0db59fcf4c72950bab6763847a551075180000000000000000e6ae4e45c9175b9452191ccabbd2c001ba1791c3d9feff5660dd2a670431026fa0cd4954c08d1e186705a428
326714,00000000000000001a242d2ab6973c6831c243243471c915e88568ab929df5e7,02000000ff07c80922de69c01b6123393589cd550e995b6c7df5f2140000000000000000ce4aa92b639ae72f527ea37d7fd67fa556bb5d19b1cf35c409502f07a981389928c44954c08d1e18773cb8ca
326709,000000000000000018ddfc02f8145709ee4c2015f58cf8374fd6c39a0ab107a7,020000005da23853099836c599047cfc6f9b4730058ef9c9e80cb01c00000000000000004a1c1b29b3af3ac9dc3f8357f41560f6ec8c6e8a32b6a105052e1425e9f69fa9f2bc4954c08d1e184af3d40d
326673,00000000000000000fcb24efd2c351e1898e0928d9263ce02a196497543c7f46,020000000d8c9c47ae38d694c7501d4a0cbb5b0c78ba9d6015f08e050000000000000000d7ec02ba41e3097b8043d0e6de1939497d9393b67c21c65cf8125f32c730461532714954c08d1e18965fb98a
326670,00000000000000000686045d142b2ed5942a285efc19056bde321f809f462400,0200000064ae61cf3cc7e77ab9a283ee674878e41116aca8c28c630d0000000000000000c22b0005cd950fae6aa8780964fb78111f21b4a793fe2ccebd3337bde47ce134466d4954c08d1e188ca7b7c6
326544,0000000000000000003d16468b5d2ec594485822ea4fe5aefe625ab01e30aa72,02000000d3503894639e90546b8cfbf5bc96c59317a0c3a499ed180d00000000000000005c38facd16f2e195d1a6891d9fab1d172b507c070fd024756963f047056fe9b80451485473691f18c8e63556
326453,00000000000000000c55f51615e0ac7d5f415347f0cf19053cf126935c8a9e9e,0200000026a7a1f6f6af6b214ab3ca79352e3657ce2fda10b7f238140000000000000000d4a26b23d50507b267abdb5d30872ca79ee0496d0e51c506c7564baf1b418e4e4e96475473691f1816e13647
326438,0000000000000000013d1b3bfeabb165c221e0bff85d1c9d142fbbfeba785f0a,0200000079eaf9770665691daa24ec895468c5bef6054bf8bcbf73050000000000000000a9a0757996f08436a36a121be3ed502679bdf0ce0104838b0a76b5b1a398082cda5d475473691f18cd1e1e21
326341,00000000000000000a9895ee1692a52dfa2e4f839023ac66d21cb662c381ffa5,020000005f5e1c4e08fcb7ed6c74126f57eceed475d63e0ad50158070000000000000000f4c121045a1ac69d43bde61b83dcba53459bd43ec0177cf1eefa0ea9ffd004ed54bb465473691f18d7beb146
326321,000000000000000018ac828655f1956cde594d0056193f728d44eed3cdf2d313,0200000079474d8a8759ee61c6f7d3df5d9fe038bd8e246b24ae3c120000000000000000f98a8321b3747ff37bae30dc9fb41abc5388a729f6ae21344a96244f69dcad6b5982465473691f18080f98c2
326108,00000000000000001b9c713b9fc7fc30102601ee2018ddfbf99b5e95a4cc9a24,0200000046ceb49c83a0e4890f3ca25ee51616906f804b7ed9248a0300000000000000001d16ce8c63e7a45ed261b1422566bbd8fd3ef3793a4a119e692d8383805a1604277a445473691f18521edad8
325730,0000000000000000050ef6f0b71e83a8ee299f646a2c53f21b3e1ba3f4545609,02000000c64eca3864df5d9653511fa4e37a3c3a967e4e6d712a31160000000000000000a54b19d92f983320252638067e1541fc0f6a29845c9e201f3ab8c049da466d03d11e415473691f1880a4928b
325691,00000000000000001dca095a71642fb5fa3ead2e965870451ffdf025b8ad9242,0200000093268d73f075db9ef072e0fe959cae97643d894b23f0d5120000000000000000c6fdfa3b3b52822f7ad505bfc5b87ed190d1e35d0b6b43821fd655419c88d93009bf405473691f181368c396
325628,0000000000000000019348d35b00d9bc08b665a7196f9be951c4b97cd718e80e,02000000bf62337bedb7da98854a9e36ff92814128f71bd183d67317000000000000000084fdc503b4118e5a709fce93c0537ad248e54f545e3aa9b7c79ce222dc02354b4c1e405473691f18db13b9a8
325356,000000000000000007dd8b16b9956338fedb2911eaaa7ae1342ced638fd59397,0200000073828ffd453b95d140895b9557d22be8c590ee108604901200000000000000001caae7fc0ec1fca0dea13abfc797597ee1374fc8b127fc592bb4f961b8f34a0aabc73d5473691f18e0de6ad6
325164,00000000000000001621b1d5dcd47a93f705bf0ccda46db4ce3a347b3e7b356d,020000000de2f6991eb24b3f21dde76d985a6994c01bb280710bb91700000000000000004de1de8cf36bddcd46a9f75ddcc7739b051ee99718a436929556764c3a087c69f2eb3b5473691f1836b65087
324735,00000000000000001c1dcbb74bb3ee7d03761a14ba0214746700d2a76f43a6c6,02000000cd23ea8bdaee0ce9bdd03200df46fc89f87f16f61aa6bf16000000000000000023aa16edfa09d834f36d1a949bb51e69fd9196065bb9821891ad6b67c1cca3e3361d385473691f18f4e6dbcb
324651,00000000000000001465871f6c8e429a364901970fe03f4f47e6f511f1d82e5e,020000000ed8087eb92a1f985a91862250f5cef93357dcde70d4251f00000000000000005b4d84113d6f79948c59b0d70b5fb75119e9a0745dd2f6c86eb8cdf0dca01fb29d87375473691f1841f2999b
324569,000000000000000015d0d17b2f534e9b7e0889740c313a84e5b1be7afaaddd19,02000000dc716fb2eff4173235539542982cbd076f44032ffc668410000000000000000081956213b908118a924c9fd8ee637606310da43d22772b1291b241b342bcd2bc24be365493b81f18a267d9c5
324559,0000000000000000039cdd2b92f5e860d97b341c6dcb41ba88d1fd8c1e364b07,0200000046607614b0bdd47a94b3a7342c0a2792c20fef79dc0fcd18000000000000000032e98afaaa1e7b9c0c1a031f03452831e009988496e28f9b2cb30f13f6d53488efae365493b81f18bd412e80
324434,00000000000000000931ef986670856cc76c6a7d51f42e867c41f0553e14d5a2,020000005b82a2dc6baeda71473596ad71f6eea0c9a5a3c2bf05eb1000000000000000002c06e65ee25eda970b26806bfe8e0308198716162e0dca04610f9da40715bb9cca7c355493b81f183553dac8
324142,0000000000000000110f895b4d5145e632fbf8fbaf2d330063830300ba45b911,02000000a8149fdbf10a34378b235c7c59e6a7cf747e2bc0f86fbb120000000000000000e51a821b2ac95b1d3b385a1963d24e74c8e7ea0c4f88ac48a30043ab004264fde9c9325493b81f183e176dcb
324111,00000000000000000885f3a9f16b7adc9937da5c97bb950d502b639bdd1c6fff,0200000018a024581d3eb41a33483fe662080c67b4726f3eea165b140000000000000000407b587089af58b5afdac4c6bfc2f5efd8e1605df18a56c70370c9f7fdebc5f0397d325493b81f18acb75c33
323981,00000000000000000b69522a4b04693f0ef26df1c990110d2748bd61e02ad6ba,02000000ec5a5ee7638fe5a199a2f5d604e1bdd96d8d97cb10faa8010000000000000000196655a9e3e74ea95363e4596cc21424d87797e1f51597f8258bfb0e614dd88ea665315493b81f18ff4d45db
323801,000000000000000008399be6802cfb59e419f115dba911596ec725cfb3ad262f,02000000117da56a07836e5ab7987ea6468b838daf380aa2040c4b080000000000000000fddec1a401b5df91da67a45441dabd88ff01126d55eba15b9c60d0bdf076d252b315305493b81f18cc72012b
323711,00000000000000000532100498b3f5114542a546864a6dfc802db29c56472db6,02000000c0c3f533bddbec01235c32ca9251fc4b4fa64dfde4e0f60d0000000000000000eb4126bf6f02308479177c0ec6037c126f33bdbd6bb8a710c95665f6a4849424f5482f5493b81f1849202835
323682,00000000000000001e4bedb14a2b8d2a1945548d4e2dbcef46c722d34fd34429,020000008942f5a14db2cfd7ea2cc6055748c914eefde2629ed948050000000000000000513afd19950db3f1d0108b4f213edd9aee79e241d012d6f31971667515a3ce6056fc2e5493b81f18f2f58241
323494,00000000000000001392de582a6e6020c7447a81eff956467c9b366ed18de52c,020000008ecdd3757985e91387f90b1dbe6a166bd98452a7114b011000000000000000001665b915506e0982a30fb01dc79b5912f09655afcadfc36e18f373be8f4ad8c4774d2d5493b81f187813a5e4
323463,000000000000000008b86e0d34675f2aa917fd42c152b391966533dad5df431a,02000000020f6ed697bd59479e911b4a0edfe37ed100b92d14077f1900000000000000005ebfa5335d067cc2714efc2007c0bd97d958e5280f95fb28500d4eb2c4b19ff733eb2c5493b81f18f9dbe3e6
323373,0000000000000000049c188aed8c1d467b39a5c403b11f20afd9e3bd735c881c,02000000d17992702a3e0cb7451408af680755f4b55dfa3074b2bc0e0000000000000000b341d43966f6ffddc86f0cccaa4c7194a1a65e44e7e8c524f9c9f0d0e426f83ff4232c5493b81f1874d1b4f2
323288,00000000000000000e3a50d56c770ee252204c449aca63bf500280a383b417a4,02000000874a29e8ed43bfdf12c06f318b16184c579fb9af0174071e0000000000000000809b23a37243b531bb4f27b2328c5c6ca8c506284dec72501ea2dee059b075e5356a2b5493b81f18980c9f40
323286,0000000000000000026b14a4b7b978f1194035df75d858ed2638ea6ad6081b18,02000000f1d3d7e351405e617b02a4ca7dbc135c87abe2fb5b5ed50b000000000000000085de50bccd9dd26dc08cf50abd8d59e537aed34fbb6515c75a32d54de3ec8f7622672b5493b81f1843c224f6
323090,00000000000000001dbcea891ed1539ac7e402d47f2590f9035350db3db64bc8,020000002b0964b08bdf8d8900d58e569d12d38d557a6509e8f17e180000000000000000217a9367fb04f03a19a3f63e5a0f578602602a9139a0690a3fd9fff66b4a95062dae295493b81f1887044fb5
323049,0000000000000000175801c8846aed0aac6323f307f2552035c6d91345a1a643,0200000079f52e0daf3de5fbaa41ca9cecc8ff0b38cc635c86fcfd050000000000000000ccb162ceb41a8ac01b65f4fd944e1d596a0a6ebd74fd0a16aa472c12fc580ad5e439295493b81f18ce560248
322948,0000000000000000054b9c8be6e85fa339efaea37ab3c1986e7f45badec7547c,020000009789d1da180958623a4a8f4149fb31ad9e801d94c20a72120000000000000000c691e9888303609986184fe46b1e681956b73217664141fc2d2e4ed40bdeaaa9394f285493b81f181427dd71
322947,000000000000000016b87bbb9ef948781af50fd4b7d66e10db4b7bc1d81c18e2,02000000500295d5780cfa1a71beacfc563201cc156304e362c5681a0000000000000000284c523a7d9719f773a91e682e8746c356c9c7f276a78b5116910c1f0a480bfbce48285493b81f185ac80664
322930,00000000000000000576502af28f73481dbf5964706e7f4d56c947d573b4ffbf,02000000b51673260d22f50a2f1b949e6eeec1bc13628ae13e4f0a1e0000000000000000e3351ec9698cbe0ce6ea960dec8e8e2e61a1975be7dad7da84bbc869b611f8a3f91c285493b81f18651d92c0
322772,00000000000000000900d0ac1d285c4ae8b13d458132655a69579e563c35fae9,02000000f330368dd21e05e5892fc4b0532d07ccaa79b35ac434bf08000000000000000094c9d101ff2764c58f8278426ba62420d29c2fe7bf53b2d6b1fb73be816c253960a4265493b81f1890e5fa4d
322569,0000000000000000044024c8acff1aad1c3c1656428b01c95804d4e8af9b3d02,0200000010c8ed36af76eecd89a606ca344acbaaca438baaed1b51170000000000000000d8c843cc6353b20bfbcff1226f8b871189e6a3d3c7169d5c6b57a8a8debad59fd396245493b81f188a1b828b
322475,00000000000000000034886f43458296c23255d69920bcc13fef8053ba9e6bc8,02000000f8311f1c7bcce899c6b4d42501be544192116c02224eaf1400000000000000001cd5c4969289b0f01bd24ba19ad4362a17bcce10943e278bd0387b53cbf482cf12da2354e9db2418f65ae16c
322382,00000000000000000e27b632d82097b7f1c280d255f2465f62e31c63281dd470,02000000626ee3dbb9d30cbd41cd33b49f55a469e8c0bd446ab53f100000000000000000c8eb65bdde6d123a67edfa5d7189d110e46b1816866e72e4dfa4f49acc6dd603e82d2354e9db241805a18ca5
322376,000000000000000014ce604a0bb1e734bc2bd3853906bc6d52b477255f50e34f,0200000083132ab310097d8798067b293098eab469209977dffad3200000000000000000629a8a793f57880c960fea0600c64fbb1dbce1519f6a9bd858feb221f01f8d5ad21e2354e9db2418e861710d
322067,00000000000000001cdc258639a8cd6bab9b901a0a9a7fc3955bb48492ac48ee,02000000c91a4e05d2083be186b9e029621b002a6ad4c19a3a3b45090000000000000000c76e8b5e5ac9d6ae401dc3cb9a682c5e659ffab7ab50877bcfe8c2695c81af3dbb812054e9db2418abdee0e2
321959,0000000000000000232f0f338b4468727d10636d920711e95bd73e187228302b,020000004f93020bccc20269505fcfeb0c5e8dce10517ec81e40431f000000000000000023303f6d1bd3b8bbdfc03a666fef6de20caa9d79350d2372b51c43960702f70dd2a81f54e9db2418410a7cef
321703,000000000000000023b35c885c916e03b97bcbb991ada1432ee5875597685a1e,020000006411acee82f5daed50eee7c3c677a84d59ceb486743a131900000000000000006f9fb28210dd51267e93b741fdf13ab6574c3788ef1efa7b92129c0a750d6015d89b1d54e9db24183259efe7
321675,00000000000000000e0e4dbd2c33b0b909109f4bb9afa8d6dcf5a55bb3fd6256,020000004c68e530097b5eb4102997338577996fc2450969fb6e8c0d000000000000000012c366c54e68e9530e0d0f37795906fb5d09a459368468c7d3ddcda69660458640721d54e9db2418c9cf89dd
321640,000000000000000015ca8e938637886520f5dc2bb9a496d0a270997a5d508ae8,02000000b672897d8ccadf4a5ae7a66bf74a47c9cd5b9b35a546bf020000000000000000dce05b6930423b6f3204be510768814ababc8ed360087262ac514bea48f10026f02c1d54e9db2418e2d62991
321504,0000000000000000058969095ceb8a4c55a434e27ed2614881a155f482705d44,02000000db435af72583047062ca2e8779da751800bddbac54ee611a000000000000000087751894d95fea0036bc4a52399c03c7cf3461dde0936d67f3a7571bdf189d1f8e0b1c54e9db241856f3372d
321414,000000000000000023a1661f44948a9dfdc553abb1d3126f35677beda3167256,020000009501f0d3e6f2cc2120ef36772ffc7e912cef81eff00d2f1200000000000000005b93c7d601fadcc4c6aee579f74e78e69b487b1f375d56e2b141e2ec6aed82877e591b54e9db24187dbbca45
321370,00000000000000000b067f6c8d7e7c9ef40c6664859226a8c4157b17b5278dc6,0200000074073954666031e68169157b89ef4f111509526af418bf0d0000000000000000dd47852762db6dc32a13c4f376b7fbac518c4fb6c858ff5a64134806ee583e6ad4021b54e9db2418895cb129
321077,00000000000000001e9f5939af1a265fd1b3a64105746ae7509ef04380e8bf03,02000000e9b28481825dc9410fd6350b6e8dbaaa95764336a7108203000000000000000048fcae07ef054f226b2028b8d77a73824d414389cd83023742877ae9898486c296fb1854e9db2418d0bbfe7a
320934,0000000000000000154d0a1e766fb686e807741afb29d963b5affea821408c69,020000002a06349e1bcd7101a70ab7639431e70b26182576691aaf18000000000000000027249a7ba67840d5dc74acf9d53857950874094a45fd64fde103049762baa459f6e31754e9db24185d7a288e
320820,0000000000000000028ac57f96a4426284c6cb08f0e455ca47c7b20db9d72709,0200000012988a200bd8da381ac8630a900f0b882b982b74014731100000000000000000310607e311df14417ac119e1865fc2a3ea6bae3a2d6c68a87e1d48b40e5b1a6fccf61654e9db24186aff20cf
320662,00000000000000001b5f28c3e7fe65a51a76b0d57e8629c4e399e256cb3ae631,020000001ffbe3511002531a43762a7a70cd7af9b84cddfe546b5e220000000000000000b4756bc9d1af44cad3b04f2d7bca344313f203797ee61b6813047dd48c687729d49c1554e9db241878ae5ee3
320647,00000000000000001ca9602d7937d8da4eb0388b210d3f9136b984c5dc37e888,02000000f7821fd32d46be8bdf73c1dcf267f73ef93af9b7f5832c1b00000000000000001abf436f98b3b1df70ed5a337b733bc5c7219e12b6ef5bd03292d019a68a2eba647a1554e9db2418cec0232c
320385,00000000000000001af016dd744624803372985edda587f0bf5d9689118cdae8,02000000e55ee358d66873a1b2c49925c31f24cf92ce063c239b5d0c00000000000000000c6482357543addce9008fe7be35db4ff5aa59d6b05173bf0d5bd5eeaaeeffb5bf7d1354ee1528185a1cb762
319893,00000000000000001db734dcd2d18a7bca70944f15367efaeee5ca0d6247e140,0200000030f1a43ea7eac0e8a715b8f46a087b0af9beeac6ac605a0e000000000000000018b93de3de96d4fd86d30fd1757b22813ffc655ca1adfea51e54cad547b1b81230730f54ee1528188b386d22
319840,000000000000000011eafa553a2454f931dd979f2b0a4330da7a75ca1d107408,020000008c7f3f3ad558f4ce3ab50aa61d4556746eaf77f03f9b8000000000000000000090c4ef27ea2ab70c16aeeb0f60691e483d882ee3b2f66b7837fd543026b72ef152f70e54ee1528186f752fe7
319719,00000000000000002354f4fe0f7fb2a73dbdf79d1544c7d6dcc7dcca72b20004,02000000161d5a951a73231b890fa016d6aaa90303dc3c268c82120a0000000000000000973f156118faa52395974100a98c70a4de732c6c58e62a3ba2f6bec0cc23f4e7c3c70d54ee152818d9e7d53b
319702,000000000000000011edd563092bc2745a7ef3afef1cc9a7677b771f8cf6abd5,02000000e6dd6d9546e62277e0df405d19ff47e00e56e11c8837290c0000000000000000294c118c9c09335196b116499be649329fb5ca2195900c2532593f91c102775678a30d54ee1528181d485b74
319461,000000000000000014c0aec199c1a52d6fc34c1cada3b3e36189c228fc1b864b,020000009c11e383f2922989b7eda4735789ca767d21fce5f40c031e0000000000000000376f456cc8de2891922b45adfbcb7295368742f28caedda6c0eb24fdc5dfefdff59b0b54ee152818574991a3
319352,00000000000000001b87a6cb14765775131522df7a1131c4861e331588171f59,02000000bae2d8fe57af02ca69c87dd4bf30218e5b80120ba796441d0000000000000000949fe5a10d14f066457155acc5ae3df66da0598323e44d8a6806fada9e7faeb2a9ce0a54ee152818bedf0227
319112,0000000000000000169a76e8bcf8a3d3d1e04d4ec071fd66ea6d62ab28924b86,020000005658545387237bb68f655554abc442bfd7a1fc51e7a47c1b0000000000000000e3a8ead9c37e502754d4e52791178df0cf34f9f96323af12a5f0ae452c630c587bbd0854ee152818c2a470ff
318893,0000000000000000098172a320e422e1ce0f1ef08b0331c6c89884a385f68908,0200000053e041a6b71e76fb92d9899c9d6f93b8ac9401f9c0db7e210000000000000000d479abf661cf78c27f393c106e3024810d1432a33ec890f8bf64689cc5b01b8829f20654ee152818c425f326
318677,000000000000000001602493a0776fddc7b785256fbdebcf92bf7b6bca9c06c6,02000000a0b7a4d1c1b0451967b74ead5aa5105b49ea6317ba5b19190000000000000000f4d8733f2755da787aca1110b48d6fd0781f9c5fe23e3d0ab40f561cfa0c927fb7250554ee1528180b7084d8
318638,00000000000000000022edee0b40764a8ea40b3f7e7ac7bdb4a092752f7c85a5,0200000062371c58b8e903ad612ef0803dc14a63838494a78868dc21000000000000000035cca259045308573bec879327765c8825f6a0ce90503e1331eb1d267654e473ecc20454ee1528180623a9dd
318577,000000000000000007bb6c08b5494a30a9a234ab66fc9da209e17fd13bafd965,02000000256f367d035308decf3415cbd30522843abe65476c8df10a00000000000000008921ed3a81d6803c62dfdd83b384a68d7e25e6ffc6d7d9772f294061b7ffb59b23390454ee15281847a67cc9
318497,00000000000000002c10d7c7dfc1a8940c20495e3582300e52a5d94dcd280f86,0200000020d2984af5055f064153b4a907b5c052b4118026dffcbf16000000000000000098c74e450d9933f2784ae87725aeada2d385ea44b87baf57bfcd81759422c02e4c7d0354581c2e18aac86acb
318376,0000000000000000252983d9b73fe474e96fb37ac484fe22aab597906a92ca18,02000000f64ddd4e7534171c17b13591a5b8fce8e827427b09818f0e0000000000000000f779fa2dac05ea06f6837919ac28e84bd13ecf12cfccf3f29bfc718c44f2e342aaad0254581c2e18a78263f8
318350,00000000000000001f6cefe536a34e659532f59277fe9403e427e6a6bfd6eee4,020000004217519ff3263d6273e5063f6c93af8ef7666417eabfb6150000000000000000989694529747662fd7e3fa62c4be1b98c9c532bdd885a7f7c937a4421f815657027e0254581c2e186955aae6
318295,00000000000000002110e6c2417fa596d13ea555206698593344735d12f79d66,02000000672c133f04d547f5e2e7012b0b7a6db4dfa4d97e1d701f1900000000000000000de14700ffabc1d3ae71fd1246ba77e9c4ff83ad96d2ca9566c15e885aae8cf8c4180254581c2e1884069785
318242,000000000000000015882e950a271ba3efeeaed31788fa85026e8f2d37b057f1,02000000753ecede4131d5ccc3e2f3e534c369de61df5c7d38ead81c00000000000000008f1b27bed33feb31062c6beb754e45f0d97a692dc447f823c62d284cf783cbc2f0bf0154581c2e188606fd0e
318202,000000000000000010508990102a18f532ffdc2576fa6b858b60574441f8ebf4,020000005621a28c0344d96b62440e0b47b255f7d714f9957bd6c7220000000000000000827e9cb607836e4622a685d7b154b1bfe9132add5730460e94a66d5e0b9154d7486c0154581c2e18a5839ad5
318177,00000000000000001aec1eaf4c635365bfdb862854513db42139c9a292f14303,020000004dfe76ccbf0ad0ac7f98e62452a452d672ffc7b317c99e150000000000000000c95c7cc3f0999d9dcf2591d8b173a79a56085c8f5172fdafd06968ba6c964a3a802f0154581c2e18ea52838f
318022,00000000000000001d92778e7d6599add0a4d975b4af44df897e676225fbef9d,02000000f0eefa9caaff85dcfcbdedc3c52736846699599b339ef31d0000000000000000732f8b56a82d17ab11961abd91c9dd6da2b193b0b67544e91f9e57162ca55f453df2ff53581c2e18b55b1125
317959,00000000000000002409c910453efe19744e9e61bb63f3c8811f2a4372ee58e1,02000000ac529b06e190d99be4a7d2013be4aa9caf551ad8a1db0822000000000000000060ab4fb123421a4463dfd3929e02ada0f6278412bf71b5396c1618fefb0af635f08aff53581c2e1825b0d9f1
317950,000000000000000000dd116808449b5c8dd130e00c246fb14309643e5f98fd2b,02000000ad7bc0275fa9e5bf1dd3d4c25e78a640a68adbaf7b6be1250000000000000000f5e1efd36e342f0607cb718f686ea2e767723fb2c93a9a067eedd11cd9993eea916dff53581c2e1856af9e97
317948,00000000000000001c19bcad23428a18e0f6a03b06ab8a1384f71a0d3386a79f,02000000b231fd9654b89babee90f6143b476fd140569450d743b31500000000000000007533a8dd67838d5f1fd44ea811331d8d7e008888f22f522a94e048e8d5cb05aa1d73ff53581c2e189d0cfcb7
317930,00000000000000002237edc3108ec474ee2f19a1a829921404da1bed0591a162,020000001f2d7aff256411f3fce4bfd62dca4578718761c423ac7e0500000000000000002e48748c215082e0b81a3bf626148d5d8365384d3c7034c9f58afa90a8eb3ef39a45ff53581c2e18d5993929
317930,000000000000000010f6372b9a1bca0bf6daee4b0f8154786aa48e6e38d93558,020000001f2d7aff256411f3fce4bfd62dca4578718761c423ac7e050000000000000000c902c26c49c347dacf2bddf0ea1ada4279ee2706ed6dfa6717e396c599b6d74ed745ff53581c2e184efb994e
317929,000000000000000014d6004467849e6268c79e1f8195af6c5417b8d6b5357205,02000000c801030604a8d84b7b18ebecb869cfc85f52185caf3bc6010000000000000000f5824e884546cc3dbdaf30c266a6c0a0fd520e5dd8206dfb260eedd54726ff86b141ff53581c2e18efdc7baf
317890,00000000000000000a5cd4d20b932ecf2e4abe17ed1e6f47344ad4e31ede4d0c,0200000070e48e9e3de3ec85415b9a0d476e195c6a1aa55e6313c3260000000000000000b2b5a065377da7fbf92ecbe355b42a21405e1b943f3458faad9920783663a619eafdfe53581c2e183c4884fe
317793,00000000000000002da02640fd585d6fa7b13e97378048c67df3d84f810d098e,02000000f8e27ff9fc4b36e67acc2d8f47ffb765d7aecac7931eb018000000000000000002806026fcd0e256f9726d2f4a8e17a3cd9929980a20fde6d49e2834e5f293592148fe53581c2e186c392350
317590,00000000000000000839507dc27f974b2380dde870a3dc637986e32a8e00e379,02000000af86c88addb0f3da85eff8bd027bc1197a1c670fa84b2b010000000000000000b9f469d18b48d4dfd403b575cdc4dfa52bfff7c54506761d0d0615f17a7101c5beb1fc53581c2e18464d6cbe
317559,0000000000000000147b4329b2e775b6aec7b893ee2d384825d0cfa9027bb64d,020000007afe9ce9d92d3f8e55dcf2b5a70bc0fd4877512fcef74e050000000000000000f9542ee390fc76b29d3f0ea6dfe4684dade3b3733362c731b12ce063c79a6e2d467cfc53581c2e18278e3818
317438,00000000000000000caa69ab8bc35f58e7afd098511233211e5eb110048cfe05,02000000ca3ce5c2e6c5b625d660f1abe55de2597470247be2b8ee130000000000000000edfcbaa6b21b3b52de1bd90a85126dbc888e6b41df5ec5611c8bf8b4a7afeb95dc6cfb53581c2e180c48cdad
317071,000000000000000000b300a71978d268a1018b7bd9a89f25729fe6e77b9b011d,02000000934a76e58fd62614d77353e38ebba72b71fd5d98d30a28240000000000000000c754cc682c8fa1242259d3844e3205d5e5ee32a235161317ddbbd62299ab4cb9532cf853581c2e1818565f31
316983,000000000000000029000da8903b3df605b111e91b9f18bea9503e53c22b3091,02000000b2fe6ad0359fcb21c569223ddb7c7b2120841a7bb4d24f170000000000000000bbc9b81dd58e29c6b5cab702823717cbba154da80db4d1a39f522f20f83a154d0f79f753581c2e18c4430a37
316967,00000000000000001b546a4f4303f1ebee41cf945ed5f064d14f361b24193fb9,02000000540e43276c99940cefccf0a09c9797b8c31aa8002a0905280000000000000000e3407e635b1f704bf3bbbf04736b25d6297f81cd8774b71ea3a66d8484c48f285c46f753581c2e18390df411
316958,000000000000000014ded68636ef9de5681c365578e3ad3472b75a5aa0e97d73,020000009f5fed6648d1b942f417de42f167d708825422732d72f300000000000000000054baa97487917134756607679cc96801452e639c45cc5b6cf4dc3ff9dadbfed84339f753581c2e1809554df2
316926,00000000000000002676f2427a75480e5e45c8b03c48ce1d3e3fd3a504d030a8,0200000007f0be9941d17452d45999711320b7cd87814ddd47f95b070000000000000000f1568601bb7bd6d800f1339d5c9c92c983846e2bfd0b06f242e816a9bb776c38b5ecf653581c2e18c619a6ae
316781,000000000000000006cb24b399c1a77590c6f0f2efd6a9310e961d5c5879f500,02000000c0cc8d456b40490a1ed9c43f54f4c397c3d1f6f5ee78eb0e0000000000000000938121d2f9f97b4e7b534dee778dd3edc8590f3be4fd2744fe9b2be0ae62e1da00c6f553581c2e188698d58a
316734,000000000000000021209eb135494f353799e0ae42b42074350a084afff9e8a7,02000000604cce8165c97c803810b0084488ad4baf463133fdd765070000000000000000f800855ffe15dd3f97d3f7f07cecdf415ba233bed145ed8d21c4dbe12d97a806af6ff553581c2e1808a9d26a
316688,00000000000000001aa63dbf4707c3b7e9eddf4f4fc50a13b8a4a2bb35017e89,02000000bcdbd117f110d9f72ad162bdf98c5c03a615a2397b174227000000000000000070e40b01e01795eece3ea77b35460e57076b76d7735c5541fdfe62ba077004fcff0df553581c2e18f4adc4d5
316527,00000000000000001e7900a63f3badfc25bd336ac163c0962e8efc49c7b34ce3,020000000b4f7d79648b1bea52f33c3cad501b7376fb61e37c3884010000000000000000feb590b102364db4ee64bbe2e03452352823f9b7169f3a21b0f6498a4447b144fecbf353581c2e18a85c4f7c
316419,00000000000000000a9b8cc95fe498bd2bd31b3843a1eb9b0624021cd68807f5,0200000050306b839333fc5d874beaec9df815c7c0213c54ebf1c62800000000000000003137313eaf81c50c96848bb82d8bb1bbb5dc7f4367210c0ac52f05dcda0c18f65006f35362ba3718a419cf7d
316384,000000000000000010cd86c9346a8c7c6b3babb5a440a9295b6ed6d00a328c8e,0200000056a7044c8d101add8fa97aa46bab6651b51c5c774ef6ff0e000000000000000018cb5b254f5bbf02174ba12965e8a4156f28ad4dfaf53e6ca841ee792f5ced29ddc2f25362ba3718bfea1ebc
316280,00000000000000002da22ade09a50e7f60e8aecf4e55acec59a1a22d3c315e7e,020000007589e1316d7d818882f26dfb045a6531f14cd2feba53ea030000000000000000197b3d34d9f04be018e61657dc353bce7002b6e7be0799614ca4bab0a9fd0774e923f25362ba3718bf626f73
316223,00000000000000000826dd21d66b872cc8bef1e04ea3bda2b2f7c87e7169c136,020000009dd9110a184c1d21688c34a5f487ddf9ee40d8eb896a541b0000000000000000ac135e078183f8ab1ff1daf693c2809312c993c404b5da52fe0aeadb32a7d31781adf15362ba371840356c6c
316104,000000000000000022aeee371c87ade01524bc4c02f40bc8b44c2727bc6e936f,020000002dc133f8222a52e06e6bb628b2273a52c2e73dbf82bea53600000000000000009165bb22bbf82ef4707e56bab08406ccb9df40faa266c70fa67ca2979d6f077241d2f05362ba3718bc0abd0d
315908,00000000000000001f46ecf1fbe029d2d5331bee6cf80830a064d95308146a07,0200000009594420fea3811c88b440a96f2ec44f9e93781281ed03330000000000000000630ee7b57d895509630ac8e5ebb2009222de7d728ec7e19ff37c78ae6091d0445d43ef5362ba3718ca75f122
315793,000000000000000009a3c2a869168dba3612c1bdad1198ddafea26d901967e65,0200000050001f85d0063b2743f7bfa85e951c3171a0c2aeab9c9a370000000000000000d75e6497936998a264ac818b60514a764d2dc5f391bc454ad2c66858716be444505bee5362ba37181166948f
315531,00000000000000000f9fa64db62b347043ca892bb190bf6820a49c02d982d741,02000000353f1cf22d1bfd278d1e0e51021df3c59b804c9c86072f0900000000000000009d286ba21f8979b48df3c113def39364d18126b598e9939e2520a8aa4c3eb6048e5eec5362ba3718f97acdfa
315480,000000000000000012ca684c0b1a386e468b1d29aa84d575891308c8b320ee74,02000000fb892e4b516f2f39eccf64231a7ff1c053b8f05c2634430c0000000000000000eb893076e7b5a6bc9b8ee1bce6bd8f5133c2267a95911cd5217628d9b9e87c3d0ffaeb5362ba37189527ed95
315086,00000000000000001e143ca29ed825cb92716e2c80c88d70a048576e417061e2,02000000b230cd31043beba6a3b25e78fb1de7b86f288cf487c350250000000000000000c0bb52ffd05c7f3622996b82a8345f57950b97419d0313601e3083f0f1cd96a3cce1e85362ba3718c9d8c9fb
315002,000000000000000018f933bb64edf042bb2403d0b480fa01a33ff10c89c06642,02000000ad6148bd3dfc83eb8e5771e6abc392d6a251a3eeeada0e200000000000000000d3b8ac336958c440cc7b15c4027c050a819115d1547a8be037041dfdd6caab429535e85362ba37189a579d80
314849,000000000000000019835d214cd65d75e3dd032f394cdf08554a69396886dc5c,020000009d5c0276bf06172b355b24216893e30ca26285861ee4d8340000000000000000e7f88c04de437d3ce9d086628e703b527e5d7f7023613035d805b543b35c5b979f17e75362ba37188c98fb85
314736,000000000000000017a237f325a3d91fb6ce30f749acb72cd352be83f17a6ac9,02000000cfb410216378d91cf5d6c43c9fdab972d7512cf587d7d60f0000000000000000053c6d0f7277a6f4f27541a4762f6e9b022d38bd0a1e3c8b707fe18402237a03033de65362ba3718ebadcd73
314494,00000000000000000ea9ae336df78d8130f0e50b27940398e191e7e9339158c5,02000000ff68fa017e012f417b8e9b93894cc57c184aba1c5f40123a000000000000000035006f91e504d10bc0411ad9478dc2f7695a0ef3b56b21a94bce4a0179c74eba8e56e453a2ae3a18ee046660
314443,00000000000000002a808c7027f018b2beb9ea6d95980f95aa9693b2bd758ddf,0200000043c97a73153583f06cdaa19284354032b047f328c05bcc1500000000000000000cdd819e3d08dbabfd40d9ec2d1bab955dda22398c5fa7eeb851e3f2eded27eb24e8e353a2ae3a1874cb007f
314429,000000000000000017915d6c3952310d824001f706c56365583aa099f6933643,020000006515f3bd2d4c38d8843c3c1d91bf9f28880022795700a92a0000000000000000c2fd422e8309eacbd6d3cbf1d42ef68094fb6e22b19d7c17b192259d81e0adce67d3e353a2ae3a18005b954b
314391,000000000000000014dd470d01d2caabf2c729e08645aa095f8c7b255bf5d5e7,02000000bbb51fe728760bdd6c24449853285dc0f28e2ae1b1fe8a350000000000000000998c902f99f65f1259349d736407845379c826671a4d589ca94d56bcd47c2561d570e353a2ae3a18880f8e5d
314268,00000000000000000a5752e8c268eeb99a7dfe4cc7c5834274de168a598664cb,02000000810782dd0543d967bfd97d34296e949caf34ec53ffc6ba1000000000000000005932d515d503b1680efd4b0d2512afaa23904986d1b9114523895045c83a586b7784e253a2ae3a1816cb0a72
314252,00000000000000000a5d973c1a2089a3c6d451cd7b1cbb7f8f13d71092532565,02000000c42d370891e493fe8ece29c05380d1b2a00f93d449ba8e390000000000000000c3fdadeb039b9fd0489bca7864a7ff3590d5d971a18e75d5c9df9e1cf755f5f4cb5be253a2ae3a1833077aec
314092,00000000000000001045887eab62a9f555966db7126dc7c407d4646110c43bb3,02000000e2ad36a72aad8f4422f48484c68441b2d4929d84b8de61330000000000000000f2df89f7b301c6b76aea9f3efddea2c9e92b1133009f4e5ff17b6d3645a6ef6f87f4e053a2ae3a18b4e5cb83
313751,000000000000000011beddc6aeaba12bbfdfb4d531e84e30074745669931a97f,02000000bb541fd171454ffaadd343144f3b9e68c5bfdebe94fe8f1200000000000000000783a1f731798705f66d6343f8105f6bf7c4448d8399845aa4a6e2055464cab61db3dd53a2ae3a1812ec4386
313716,000000000000000011b850843adb06dcb445b01f7725be2f9cc5e6133bbcc00a,02000000a72abdf09da7a692cc01442a5e835017534e3758faf6b6360000000000000000df160093a82b12ee37d141f78f6f464e51910477e29a379d6b2bd9f091074f15a76fdd53a2ae3a1880c36ae2
313699,000000000000000007f27905b8a392b461ba7500bf679fcd529a50fe67e338a2,02000000756504ae8849d22261daa5194722099bbac683caa6bc281f0000000000000000aa775f3454a0b0194e4679232e746484945b0fd31c822c8d2c9f3d2025f37fef2040dd53a2ae3a18873c9e53
313588,0000000000000000055a9c7764bf4ad1cff9b92533acd6b6ce9aa2287685b560,020000009c1f2bfb330e4f10d92f83c27555f1e2d5799cc101795b250000000000000000c0304107bf7f07e0db3ac9e49152754b33402cdd21885a8355de4e95e79cb7e5cb73dc53a2ae3a18ddd3d949
313307,00000000000000000da2ced5454b361fc5e4d2c3cda7b91254d3f137aa8944f5,020000000ac692ffea5d67dedaad0d6f2964a2e72054e82d9c6e46050000000000000000376682b1d900a138d3a37b36f7054008a3abddedca2e305662b695a138491e4bba07da53a2ae3a1845dbfa17
313179,00000000000000001facb1c4ecba7538c74f71754e812f15a6a004fa3b59ecad,0200000074ce8b3e0b99fb801b2a13ea1de57f8b0032cdaf7dca23250000000000000000935828a996dec28b52640ece324d4a99372a8adeedf6d37a235c2109bdbca34e2501d953a2ae3a18c79c3d0e
312854,00000000000000001542b206cbe722c16fc1412edc4e4beb7cbf1f64d06dba23,020000003042c82324ebe01b582ac8d010c059ac06b1267fd7881b0e0000000000000000b174b64d79366834bee860e8c5d475dc598ae7ff2c6568ccc783708a490b00ae013dd653a2ae3a18b535ca83
312668,00000000000000001cc50e6b364dd2e0077e934bcb76d36ecdf404eba28c7ab0,0200000092332707be36eedec65af51cfb642dff45e6feb72157652800000000000000007f27a0aebd3afb5ba20d015c8506aa54f7ce19ca4acd910ca7d1182c3425fda58586d453a2ae3a1861cd31b8
312664,00000000000000002abbf0d2df6840533f90bc5d45c115a9cf6e0f3f99feb84d,020000004c015b7a172573ea2fdbc304651b749c0086f65ed8682d1800000000000000007b7efc0e0c3c02e661391495eb21e63e5e95e9b07dc72311b9c7974d4c8a97a8ae7bd453a2ae3a18e24523e7
312400,000000000000000017a0e91e70891072947536da2cd35ed6294728195d5f5ee0,020000005eb3d73a7c02bbea6909a0e04982b4f98f7181863ff1743a0000000000000000986656f3302b73ba73504b3006f1145ab8602999ed72147d7808327bede0b57a131dd253e66b3f18e84b185d
312371,000000000000000002fe7b5e349890f39cc8c19696b271ed8779fd1c0b828ea5,02000000a555688d102e787e220346ca0cf2c0adc546b5a41dc0a41f0000000000000000a1351031a4473dfd13453d01d4cba9322de89b0cabc1e389e4124d077a65d8f738f5d153e66b3f18807efd16
312318,00000000000000000aab7a95f7732344c075e80c88fc71efd719c6d790a62384,020000001a5387d19f9ae47f385cde124b2fd3fed0b7bbe0937dbb3000000000000000000a887ac3b764219f2a9f7eadd58422b461f8b1df51a2f658cef8f33fedc3ce027086d153e66b3f183098fe84
312289,000000000000000029c96db2925ae8459b78c4244fa06f8033709c585c4e7a15,020000003d7583ebba4bdab16d8738411fa2f702e26c5cc77d1688140000000000000000d4538c08084c47972896cab4907540db67baa974d6e69f1977d5a6424baccbb0583ed153e66b3f1840d0c6b7
312238,00000000000000001c0176302d6479bf444f4e0e606b00e0e940daa14b2e802a,02000000d95ff8a151df3aa00e4918a45dd6d1dd65166030ddcbdf2a00000000000000005b35f5742bd64e40d0fe9adeee6531e4158b64db6cf76a138c9ab70244ae700c6dbed053e66b3f18d2f81357
312136,000000000000000024e2eb6219f68e36bc58a44eb5ff88c2191d77a719d9c473,02000000467232d9e72e545fa2ad43054b1463bbbaed1ee81e7b24170000000000000000b46175d1162935a6ac6d30ba6921de0456cc519170b1a0a95f67cbbf31bf39bcf1decf53e66b3f181fdf6a75
312015,00000000000000002639d13ce1301d55839f8d57ebf274e5ea4c704afe18be1a,02000000f6ce67026e68162d521835e658d612c48f6d0aeaa030480a0000000000000000438150772c1065b8b01bfa88455fe7409961c748e0efd91289562dc404ecfca433c6ce53e66b3f183227cb0b
311796,00000000000000001fadcf195706d944e0ed801957bc4e173fa5f824a8d3ec06,02000000e72ba605ec0fd05a31c136708c5274e70169a50f6b3e72310000000000000000ad7b09414b4fcebb52c7abb2c32a08d9acd2eaa00d9ebe0ba87c5f6d39c31f5152cecc53e66b3f18a0bd8404
311794,00000000000000003a0e40c8ba77a4d78db30b24b3f89dfe76509a83cdf3c873,0200000066a6e2d384d2127cdc1db08c188b70a93e7c4cfb28c03e2c0000000000000000fadb94619783590cb75064d83eeb44ea28713d0ef1b413718530192d68a7062d56c7cc53e66b3f187b9dfd55
311760,00000000000000001ec948f2de970255fdc6ac3a5b66dc9044467a59f20947bf,02000000a47bbb55b46c8eb12f363f9a4c3a76d3f62286c1f963f01b00000000000000006cafb42c6705a658f4226aa112f00baeadbd75415d5325b26a7ba3088e8f53a6038acc53e66b3f183596ba05
311738,00000000000000003c5644c2293464a61d4b33df8b2f03168b13a6c51f2fee24,020000000d0b4440cc1c8f0274cf8523b25ac71b57bd58cb7de75b320000000000000000d98875132539018449d1eabc137a13a9b3baf1f9e38a9a1992e5c16bb1b56d529a4fcc53e66b3f1847dd4d0c
311386,000000000000000011f5b1aabff033b1973bc970188ed765806f399ffd18dabd,0200000058a73ed121e61ab23facac90f33855cb9d8422d44c927a39000000000000000019ddd91d7ce18e844fc50f4504eb892afa6d1ce81e5dac749cff9ca028f8b243c486c953e66b3f18405f6dda
311341,00000000000000002924a4263d93e3036042756ea9c08e90705bc61058c5b170,02000000fb790f01b7f1fe6d2375f36b168e48015ceda46a7d1c19020000000000000000937d80f23530da07a569f759961a0b9018ab175223985fe48541263dfd79063dd932c953e66b3f180cd18642
311300,00000000000000001b251669ad7099e3d6d0da19acfec6bb1065d62d3a1585ba,0200000003ee07e9be27985e6cab5448cd2581d3d1443402b23b95090000000000000000e053a287440951e81a36dd19f4b07f4becfb8d48c9c7fee0577dedaac3a13eb488e4c853e66b3f1853d4c1ae
311217,0000000000000000214b1c2a195e1a8f789c471c3fbab3af527348d5b7910439,020000002eacd7937145a9bae51be0e352bec879e5bb180b2279c9360000000000000000171ee24c94bca068da6a58c891870a60e5e5e6de87a51f4fc3947c0bf97b68c4a328c853e66b3f18c0388074
311171,00000000000000002d2eebb8cf93730aa5d4f508ebafc125cfc7ae265a34db9d,0200000064cb82adb243cfe8d0152ed2e26d9e5f8ca28830d492153700000000000000008104fdcfa544a0003219e53767d37042ab6b85857a99f5e64f66365ead98e1b61ad4c753e66b3f18940bb92a
311076,000000000000000036e15fa7781f3d60117c58ee31ae9ecaf4e7e67d26aa773c,020000001bb67c2f3713b5e5ce865398ed1948926129c4b3dc6f4a3c0000000000000000cd01a9b3c0262395b9ab5666fe0f692cba6406fe4994db4fe448304b3ccd88157425c753e66b3f18880fbd55
311023,00000000000000001fe002705867108b54e4f532f78358040c7d2c0e6611a24e,0200000044fcd69a68164f31b8ab4ae8b5da85c0dd400f27ba485e310000000000000000ff99d3876db6f1cefb5f7e01e5c0c3f2ce314e603df6e3bd31054b98a74e81dcb7a0c653e66b3f1834ea3974
311022,00000000000000001b8cd70478d045986dfe780d2276332b61ac2b6e81f531c7,020000003bb21cbb55c01389ddb6ff2d128ee70d68634e1386bc0904000000000000000011353cc22cb18829a3d5a30da0c9ded05256511f87e5ea7cfce44794b079c8694e94c653e66b3f186857840c
310956,000000000000000038b044239c1fc5ee7f43fcc6ec5b85d42649e595d7a8d9ca,020000003c1725d9b50a1233043dab3026482eb74649b7c0666e121d0000000000000000ac56057beea992df273db4dd01ffab9c899876562b95bc9f49b7a85b2730a8bd4e09c653e66b3f181a0e4023
310928,00000000000000000ad5816f6b4d9d9ac7f96d4a08d3c53c2096407fb44f326f,02000000cce8bddcd9bf40bb83bd486aabd58b8e626815cdb8a05332000000000000000002f2b4c9cc94f990a444870d79b65abf52ccf0d56cb8959a7179adc077548439bacec553e66b3f1898665faf
310914,00000000000000002bc4cd66a5818ccf9b33f8ed864e6a6d3ab5a0b957101079,0200000023fd55832df39361521fcf99f2506b257e9ada56d0e3ed0b000000000000000034f24653c71618d6e724002a89215d7d58d7348dba2f8711c2382286e1bcc57e21b8c553e66b3f184592204a
310865,00000000000000002113d329050d7dcc6abc2706e06bc79969fc0c4248a027e8,02000000372d46695807959e057378986bb9043be005d694704d63230000000000000000d1c12a7c026ad0893919c975cad9cafd335a5085e961646b021d3f8c0fb1e338e45fc553e66b3f18a9d8311f
310813,000000000000000029f3117c4997947f01f09578fc4fdbd9bd8f595f1fbbb5cb,020000003c5ca1a70463c348f009e51a6dec572ea6b3fd0e34ea8b1c000000000000000051ae7c97af24f9fcf460714c4ea20de33459badf9f2c1994e0ef4caf95dc5aac05e0c453e66b3f18a51805db
310782,00000000000000001c379d7a57eaf27540fdca02098218a80aa5b30af89f620f,02000000b0a841e980e3d8d8e8fbfd62ad0ee5396b8703e83803fc0e0000000000000000befd587277aed336ef67f69ddfe6d03b7d5f8622ba3c405f28f32de57efacdca429ac453e66b3f18a36a809d
310699,000000000000000026064b6fd43979764ae4149d6ccb97c8cea3769419a78577,02000000647a34bd8e1bdac561371af23cc7593411189dfe3b50a7370000000000000000e0cec1ce16501c8ffad24d363382ccfaf6239941937791e550c9d3c4785767cab5d8c353e66b3f1835372e50
310482,00000000000000002ba036a90d4821d196fe0fad108f1a129d93741e5dbe6325,0200000028ca7cc91284bce699ed9c65e0f496bdd64252d9d63b5a3b00000000000000007044d549aa4ce8639ee571c49aa2f1e579452f5578542f6fab6cfa427ef8c156cbe6c153e66b3f18726f77d8
310376,00000000000000002f22e9a5da2ed813666ae4d4e82abb2b2936f5ec3e7953c9,020000008797fc6e73e1b674b8ae19ba3465f35bfdd6291364f8983d0000000000000000eb2fef0af3e34569f40ea19e25491ceaa8447b3291d7207ffa7e898e673b40cd3509c153d15f4118a9d417ed
310292,000000000000000019fcbccdb0ec68b0ed31bd6accf1a318917efe844ec3972f,02000000116139f8f2e105505e6eccb861e0720c8b5471c548bcb10d000000000000000028173c70a8e34b9ddcb5cc3e327e9a914030fb036f54e40c766e660004f869fe8c5ac053d15f4118b3559d87
310143,00000000000000002836e4f3e787c9347bec9d2e29a2922bf6e93725dc1f615a,020000005d58d5be9cfcbfc82b97ad6c0c3acfafe169b3d843af7b1900000000000000005b4390896a5313cb9a667f9b164f9e035035840b2675b563788eaf6c635af5c18e09bf53d15f4118dd7843ac
310034,000000000000000039c514a78d8f3850ec42a321dde39c550b55f77e1d83bf8a,020000009034aea4573392673b23813123a7ae873581aeea9d9e430f0000000000000000a5171ba915f14b586eb8879c55a1424fb8f59255a9a03dc838d2deec9577ee007223be53d15f4118c09b00fd
309862,000000000000000033d571818e3bf12fd4b6675d7edde318a20e254fd1345bef,020000008b1b929ba0bc38c656f207b5cf6d8d8a7897691267ff592e0000000000000000600b6ddf64e9a1103f3b3af4b03ad32ac3f7d3f059754920bc41c938109f7db37ea4bc53d15f4118f3b2aeed
309765,00000000000000003aa0a83560cd95eefc8933979c59ba3dc73de66c2ecbdeaf,020000001cfa822475bd4c685c5bf3f5e3797dd8ead2599e5c91253c0000000000000000229c5d21e2e70967354fef2a2510fd5dbead34bdc1b2c3d6c4f5a2c784d38edc70e7bb53d15f41189797b7f9
309756,00000000000000003c8453528171ea92cf227882987dafe397de9ea7ed61237a,02000000eaaefa42e7fef80548a0cb38ef52b8353eb35d2aa1634818000000000000000039bc0e8d674672eb2bec56a6ebc965ffd2d09b09de0042b108130d440b21046b6ec7bb53d15f41187c1186fa
309744,00000000000000002ca6ba366977a434ad12913cdb10f2b1df56bafb1fd2c0da,020000003533bec99fc5f8c32c095776454899328a493a9e005dc1320000000000000000ce3469b1e73747f89176a0a64b0343de6bab5785b7801c32b305bf7357109e516ba6bb53d15f411864a3e3a5
309710,0000000000000000389dc1ba057e476e9bf7a2e442a003d825169dacb123f199,020000002e3586c745c5c99318cb144de6af4e7d06830385f1d15d2200000000000000005f3613949c36367edc23123b27826e68e00ae1b246b21daf19217f2fcd85ff7ec95fbb53d15f41182f23518e
309645,000000000000000011e9f7502f1c9d83996d7c64ca9135cf15332fa1436d8e2a,020000009d41e4d4acbfb3d9df774686f3df51267b1bfa5f49d4392000000000000000009d0107d05ccf2cbfd2e2bdac9b96bf646999a4a1678c737ba5c703d1d061d13cc6e2ba53d15f41182bf0f564
309582,00000000000000000cb4bd3b238a8de5a79abcdc5387006eba53ad8f4c7b7b03,02000000d386062541c95630ace7ebab80e0b767796d4092c1d058120000000000000000664d73221b27e622497961aea6886295347912c80091b996d6dc76584a02bb258a39ba53d15f4118b505de3d
309541,0000000000000000025b19d92fb7f4199e27d14765dd048712f00792570481af,0200000011bef54b2f46d5c707915fbe5d91154d384d8b5138d94635000000000000000038834aafd5be81ea77c46b47b70ba95a59514cf8f9b11e10b8fb2588ca745f5016e5b953d15f4118054e3871
309514,000000000000000024c4ee27077e037c21b9f854171b10b8ce0aaac3dc1bbad5,02000000570fbbd00db71955df5dd720c0c07ca93e66d5f04e2dd11000000000000000007f935fad144e182c88b7870ad6e70038eb3b90a298676310776354c2d34a34a86ba3b953d15f4118ee410d1f
309499,00000000000000002c1e31309c2dfa0e15a48e29160f54a385a0b86c4923a200,02000000322bbcc12e2e302807eb3f459f8ef64e56b6dbf6431aaf31000000000000000062bb1df0009a6e6f2d5c93d213db0b9eb8f3565b3085afed04f1111ae720a1197882b953d15f41184c714873
309404,0000000000000000391418c58f105aa7f74c04075da3fde0d6c82ddd166b90c7,020000003c5fa9d635a87d47fdcccfe79b74b6d2f6c518bb0dab0e0c00000000000000007b4a07fed1d7a1ab5245316712d5474407294d1e98a8f41efff08b30178b02a8eda2b853d15f4118ed190119
309343,0000000000000000322c819a508e8fca8fda8221a8d5b422a34b7a6423403d04,02000000b0c3e370a88bcc29b9fa4f66266353370f56891577fb7b28000000000000000028a3c05599a8944efa95cbe30f881bdc3355e5874b82633e206ab07af1b32eeea70eb853d15f411869942504
309222,00000000000000000a00e8f0c39d2ee4732c9720ccff41cf9040507f731c47eb,020000002e37e47aa19facd83582f7bf1be40a260110c16d4bbf010500000000000000006a494f733b2149030ed7aede18e77534c512adcb235a7483c25d0f3939e1cfddbf0ab753d15f41189b38d891
309168,00000000000000000554ff99d26252caf3248f5eab7b3730c1f38e84c8a6d93c,02000000bf642ee87d16e202c19bd70ac50f694190392cc26fe34f1100000000000000007232e5e389901f2ac2e9658cba6321c3fb4408952043eab92c6369fec25f33a0dfa0b653d15f4118c954da6a
308940,00000000000000001da9bf2167d38536d997a8d80f1deb290015992214b02174,020000007c7799390ee6e7aa38d246d427b2c1b5fa52954a6e99ba250000000000000000f0d9cf2f637f1857f7e1169b32d263f518c17b611672e048c2a8a8378c273e67c699b453d15f4118d742af65
308926,000000000000000007f396de4e4079872aa77a2d961710c9d602fdd5931cc388,02000000572d3ee8a1407b877c4db166ce35366db5595d70ff2def28000000000000000072c5ef1452ad26a8909f543c9bb780c43bc8dc0813c320b3aaad233818d6ca2e0e78b453d15f411822a48cea
308923,000000000000000039e1651e546b57ae7a6ab0e5895af27f3e1b8d364e5b447c,02000000306ced6e861c29b5bb432348e7c1fc882a9b703fcc711f0b0000000000000000c255116eb1464557ff88155da4739b5535bf6340ad6c9e682e086e9f66e53f26606bb453d15f4118cebed87d
308912,00000000000000000a0617d23c98a524081a6707e2628e4a2553bcfc466ca065,02000000eb86331cf5c70e57ce87757cae90ce5f77059690c738903300000000000000001b5cb07f8eef9691ff05776fcce4ebb178f1ba44f715a813cbc03c9b0b3e5439a64bb453d15f4118c5a2f967
308798,000000000000000013e57464026d4b21296b5b6d61f8196e98f6940c9be91a5d,02000000d1f92de5973cde47d9b003bdd5a77c839933aa84aadc7a2e00000000000000008dc02bab10829353cff8b1aebb40c0ca57fc4cad36a0df8d715b2ccb927663b2463ab353d15f41187418986a
308770,00000000000000001d0c4b50a2f5924b7cb84dead2f876049262accd75634211,020000007e7301a9ffb46b5ca88fe257686f640cbe9e29bb8606312400000000000000004fae94b491f48687df0ad8fc44c227a82eebd708bf0a2c3d15ceb29d4b49a2fba8ecb253d15f411831ffa09b
308676,0000000000000000040bbe67ee10767f1c3db5a8034a2b1c123c2cf81237793c,0200000035b12a89e3bd783faa1b8b6cce7e20672252560078ad54020000000000000000c785f8577e413e15146dd00c5f7286484bd09052ac16134a321f8c3a3af9f6d41104b253d15f411812fc6c92
308169,000000000000000003a5bcd0365369631f84c2a30aaee48e406eb0491c843e4b,0200000075c442ace955c4b2cd4ee064d2e2ac26a878d1eb06f7ea1e00000000000000004f85c2c9dc23ca7ae85faeec1d76c9f2a3ad36e35e444b797ec1c9ed8095c8ceb3dcad53a2ab5118613ba526
307935,0000000000000000312add95f71f24f0cd34100bc1c783185cd220ea57caccf7,02000000ca45d2f7a417b456198942139f10a251ce1dec974f3e460f000000000000000099fb578a328ea5f733aece76460732a04d8ee070a1d66f23c8446b6e70294adfe12cac53a2ab51182314f1ed
307595,00000000000000001caecf150fbf67bc36817309ddf7825d15087c7d720ad21e,02000000b44c1da52b11ef7460f05f46cb1d8804ae876ed3623f21480000000000000000761048a8a8d5507ace54fc0f5e21efa59773ff2ed5bbe86da6857bd79819053484b0a953a2ab51185628084a
307543,00000000000000003679064241b30ebc57cd6e843d4a4e9b7b848b60c937e2ab,02000000e8931d57b5a6922c7c94cc276f08eafab76fc63de946dc030000000000000000e424629e76b85c474390b4285af5a2c6c3de02b51e0b4572444d27603cba7b7e364fa953a2ab5118d969cbf1
307457,00000000000000001ec01a044d6cae8a1a60068df0a548000c42637477efd58e,02000000e170f1c2591f2ef3958be328caee4265b3afcbb0cadf92500000000000000000d16bec6b5965c6f7d498e353904d215fe5177fa1ce0d890cd57c10c6c0e5a33627bda853a2ab5118a75011d2
307439,0000000000000000033fae9b137892253ac7d1142e91579a604e8e8926100992,020000001658770f1f48033aa1fcab8504847660f471570664139e0e0000000000000000d2b536127eb24c36bf91c2ae3835b711780ed6c420eaa5eb45ae0fdb23bd993d8ca5a853a2ab51183228893a
307110,00000000000000003a3ce878311c7b99118f217895ca7bc10aa9b8107f032ed8,0200000035ad594e153151623356e341702f777169050c0f6f3c4a3a0000000000000000851e2c2a97146dc62cabf919776b850a0b68423e898637e760e1cd2d993056e17428a653a2ab5118b23ad187
306939,0000000000000000370ce651fb8d420f57a3f6983393fc679071cb7d496e5f4c,02000000d989c620d43dc7c4edc87fbb399144a208e895cb48fd364a0000000000000000c992f084088a547c2cb9da5391832d3b880bd1fb89af1926ae61d7fd5d6aa9dde7fca453a2ab5118888f38b5
306673,0000000000000000292d779afaa73d3cd1f1c579e0552a52c4b6e2dea695037e,02000000a56323ebecfcbf142463aef4800e681fd7c71ec07802a827000000000000000076a10d94ed2a4c75412ac9d6ac34909898975d90b45ae24e88b5024900595145430fa353a2ab511822e5a599
306521,000000000000000004d82482261db8627f055319600b046448bfe12606e1967c,0200000086f40c5a6749b335a0e2057c78f0ccb29918ffe92174e106000000000000000000f6b6ed3f4c0a63cfc7636ed644d77da7e8323dfcf125bd1e433f2f9129c7d2a8c2a153a2ab51184b48562f
306487,000000000000000037217526c4bb32f7bd67579cc60d0b66cf49c5fbdc9b7c2f,02000000b0e44e1a4f462dd6ccbf7a970c290608fa337dac6627c62b0000000000000000bd3b9927949e54ae6fc152101d367c62efa83748f5509c12b7184d51f24070820181a153a2ab5118f5231255
306359,000000000000000050fba9c95ab8950f95307bc345b0f8694ccfc4828a5802ce,02000000ffaf721fba853fd5d61242c29d17371973557bbe4073af050000000000000000b860a5adc18789307ae27b91a41a8bbe555363635ad4f58d062f08b02e8b132ab080a0539a855d189568537a
306343,00000000000000005895ecb591bb91ed6700c436951f98411cc92ad44699244f,02000000093a4421e4e5883fa97b725ef78e96a68feb3d2f062c405b0000000000000000612272d4d58b202dc08a50940f6b45ba4adcc097e4828c1b483ad80cec35dc7e375da0539a855d189f628066
306311,00000000000000001ad883df54c500adb017ca2fc0f18d4968f6567cad25ef6f,020000008e5cd06706a788ecd7781b458f5e7771ed8324ff4781fe570000000000000000d1f93eeee617e9d4739f3b1eff3311ab857e519b19fc6f2451afef153ef5c7712336a0539a855d18b68a10ae
306298,00000000000000004394e9b247bb4ba6aea7c60a249253198b9dd72cfb74d185,020000003a2234da2b12da6e0ca16747be61edd636e3bec04d3f9b300000000000000000c903a7d0139f767ff791d8e2a30e70f6279487a36686b41b064e9717139626a37c22a0539a855d18303a7049
306221,00000000000000001e3e4553b8f9e2f260c90c8bf26198e8f3a883fca31cbc2c,020000005ea3ff89375879ec3d9331fea26ba509e566622fa011692d000000000000000076fe0b6615aa22fbd33994b8cc7cdd74fcbc8f899090d44ea5005fc51f818d7819869f539a855d18d2a47b4d
306124,000000000000000039bca597a7eb47c245e736f0c64175e45375cab416d7ee8d,0200000037c2af88771abd90b200fe95175fee9a0ddcf7e540acec1800000000000000006b98413fdb37da41a96811718475a349495d37eb2a092ea8ff6d18dac0edea88f0d49e539a855d18e19e1add
306047,0000000000000000021b912218b1a2f02fdcc37b21f7d20ebc6fd662a676c21e,0200000045052c17bbe97c8edcae100d2732b7ebdf6a87e31963fd1300000000000000006fd91be208a3931d8cfd05c8ec3c4a873bcca28cef2b6b99d8e1d0193434599751599e539a855d1864e5e1dc
305812,00000000000000002472e6745ed765393db93915314e529961c3fd4a36ad5a49,02000000d3a1e52cba52ca8a22430e65ba78b1ab0917b00f54bedd0f00000000000000002696d09ced10379fc29230b37c11bb6417970007d9f8cadb84783b32e08c11bd9bb59c539a855d18c5bf8ae1
305747,000000000000000006ac0240f7451bf8a741aab63fce86f22a686baddb6acbd6,020000005bdd615b48df902b399bfc727698cff8cd5b107e1d3d345700000000000000008588c1f025bea8b71b5b92823f77405ca21e9dd9902dd65775df5d8ab60ab183a42b9c539a855d1839a4517a
305610,00000000000000000868cee9f5dffb040e9d8d42256652ffc16be715e5b791d8,02000000ac4fb6499662215d4c2eca1dd118f64795df6215bec7401a0000000000000000a32b1e40abde9d9039410c9702a8cccd92839b3e8e67396cab36456cbc00de71d72f9b539a855d182c7b337f
305609,00000000000000001a40c7be1562df9547f618d11dca2e4c5d21629649b64fac,02000000eefe69a2a4f7fb34336556a7166e786f3d19282681a0be5100000000000000008783548d4e8be4b7ea5168a58cca1d911db8b843e3e188294f4da36da45226f3f22e9b539a855d1845703b83
305587,00000000000000003944f96bb488f366645991fdd0c7bbe870255536372642cb,0200000032cb364722e34d9489d312d49a8ef59c08aee3042ac3fa1500000000000000007153f00f1d5c8a8ea33c526dd6f255dc68f7bfdca9f93ce0fb5d0f9c079386d06b009b539a855d18c2e66962
305586,0000000000000000115b7a1d1e37245958e398dc306f17f9d27fca4b5d1e1bb6,02000000862cbe7bc476449c80276e9b7af300ffdb057bcd0b7c503f0000000000000000b1daa3253315388592d3e52323e67a31c08fd747a46d3efcebb06e2f3349ed8256fe9a539a855d18eba9ce26
305423,0000000000000000455efb728f295879db1b501454adaa03b6892ce9d990732d,02000000129a2bdfa6b232b99a6070dd302662b6e44cecfec1b9e1300000000000000000331aa502b5ce51949e83c365b642e5e2bb14fa8b13ca492fd595c68015f24fae9eac99539a855d184fed11c1
305382,000000000000000006020e31be1977917edc501fc4d90538e946426c5be95a1c,02000000f60f2b42ae4ac5993efd2fdd239836d108904b30f842fe0f00000000000000009cf6d7a47de64a39c7495d9d808210c967322138aba0c3fb53cf4e83623bb5af0d5c99539a855d18d25f67bd
305344,000000000000000023cde5dda5e2fdfa9ae7dba3d484f64288d4add01f92b4eb,020000004e24409e1867cab6653c57602530d51d2254da6a71773f070000000000000000b25f44b1e522b48e7089ffbcadd7f70ba08622a224468d6fed02707cec4b7772ea0699539a855d1899ce802d
305166,00000000000000003559198b56d5c262ed3a00ed66584026142d1390170f8b52,020000001e0ce2d7cf1cfc9f543ab97e1a92e8771ffb34e463847d2000000000000000004fa1c76dbb2f8cf712a2b3684cb27cc4dab621830834823b143b9228c35b56d8997397539a855d18736515b9
305161,00000000000000001a95d811e34fa4025b015ef43be943456e8e604342d45a41,020000000d0db6d294b283e7a1c20ec2bd2e9572be50f53e73e3e8010000000000000000830fa86daeb7278e3c717aa82847bc4304ec7a7007aa5a7c5e86e1a4dbb71ff45a6c97539a855d18509220be
305138,00000000000000004ac89fdef43340959806c3d71fcbf7dbf9425386c305d0ac,02000000505f01f1a0f8fb41d85825e947666393e7af28152302e50e00000000000000002ccfc5fe44299b24811a1d03daddaf505f423a531a2caa1ae798566bbc26a860244197539a855d189ea7ddb8
305073,00000000000000004a6351e5083968e057ad977099cdb7a8f9e11d4bb44444c4,02000000b192e2021602594a1ee5386ba5dcae7a794fb7a199993f26000000000000000052cbc1aa0b62a196d224db16e3f970c43caf25ea75c5c94c4a88d45b3847bff173af96539a855d18a25df8bd
304991,0000000000000000193c08f79d20f5dc8035a5c0508c0668776335aa42cf2be6,020000000d5c1b96ec16f55a4623b6917321584fca4df3b742f493460000000000000000325e169b594c01e9f3df4453c02a120c660aa569add887b72554cf1e0f3d257f7b2196539a855d18c2c85fba
304853,000000000000000009ef0cc8f442b9327c71d8bc50a9c820d50f0b632eb71804,020000009aad14d69dcac340c82149f7acf9a0cc73c297b106e19851000000000000000018b481feca818d936fc24ae224ed505b5901121f4ca8aabe8bb0db746a7ae8bf8ae294539a855d18025cee38
304822,0000000000000000326712413c774d233eed4cfeb97facd3c66dca7b143fd41a,020000003878988a0451918ca9a985eda0885d059f2f0d39a3762b350000000000000000ff3fbd1ddaa0da93eff72654fc171230c9f50d03a61aea1137606ddf898152cc578794539a855d18bbbdb2ef
304688,000000000000000004686b31cc674cff27eb05cdae650c69448b071a6e4aa9d9,020000000604f59e77e0525477df53ff1bd4a58097e20eb0c0f74739000000000000000019d4581312617be26fc0cfec3e3d0e93ffbae85cd6d123c42c9ebd226d7979b4d35a93539a855d184df81527
304624,00000000000000001f82cdf50c205df459abd213958c045aaa697b86cc3579d1,02000000eaafcc1cb955ff758523d6262aec779433b2db529e294e27000000000000000024af7cdc8c151b09f527c8163119d4a0aadcdcd2abb79b16e9898ed7ec6fb3520ed792539a855d18e8be1ba6
304609,00000000000000005ac1c70e88515306d2ac4795fa56773a36779b3443adf14c,020000003eb64b03a8bd1c75e9d9a7d9736360deb4dc124dc44f8f120000000000000000f11874cee608eb6fed39885b2466db3c14c3110ea4593318806d49492d4b4a596cbb92539a855d18c45fe6c2
304488,000000000000000050e59dc009f6be84b117cec1859430df76883558ec8de0c6,02000000240ae1902efa0d86ecf94530c56b9f5f257bfa0aa5f7310a00000000000000001a476aa382ddced1e47109c47c86f038e2fe8c777bb09ca3c227a21f7280ed68759491539a855d185722c957
304434,000000000000000053bc9ad187f0f19e73a401794f586f49b1a0e86c711ee091,02000000fa9e71a3761bca5dfa8d0df7f2d661b37bc8b1b44c81b04000000000000000009225c5e2956452be361a926e5536735bfb4d7bf412095d2e01e8255128a7bf0d120a91539a855d184a4974ae
304322,000000000000000057ca6eb2c232a900f3e96d061e13dc307225e9f45a0eb4eb,02000000cef855015f5a0243d15f6b43b6c292daf57894b57b5b5d2e00000000000000007ed0ba76a6b8afff4eca2ec23cc2e8a0803ba98e0d7705aa259ab5b4d3822b6e8520905342286918e033cef1
304273,000000000000000059e1830c914c4ec867af5eda712f3a1d6a596ace3d6dafa2,02000000ca9f7ffa171fada30925c8eefb90c2fbf584b53b6572952300000000000000003b43fcf0d4ddb875dfb07860165633b5288373dc79111c8b3f7d85b13e073d2b09ad8f534228691859e14535
304224,000000000000000031aee069960d1a1c0bdadcb647f169913aab6fa9652caa33,020000003729de3e844337cb5a9fb60dc65c561d0d111554c207bf14000000000000000083598c6594695c42c38fee1c2b0801495d70c2cab0fbe00467b96e59101e930f7e458f534228691846e6493e
303949,000000000000000038d02ee5a53c40b4714fa61be461462f74fc7f6cf0e2c3f7,02000000e727f862b9c71c66bc3e336a619c5bab27c649a86c349442000000000000000027163f9b7245d1529d2ba30704fe2137007bd1e4348c13e5d9e720d55eca4c0326438d534228691803988932
303925,000000000000000016eeee7f5a30b880fa76a5c87e9375bcaf32052e80a566a6,02000000e00f35f6cb704d0324d32b3b196c5662e73417019b0a7d3b0000000000000000342090fd9b4caad1d7348235e4121a0cb9f796bfc67a57dcbff1a1c8835d011bdc208d5342286918912289d1
303923,00000000000000004febb4df27ad331e8f8234ab2319449c6aef43355ab8cc12,02000000eb51854d88ea6de97b215ea1c99fd7b0f98d192a77be63240000000000000000a51b45a9f5cac59524b3d3f6222550f6e45a2d0dc446ebe7f00b4945eb133b4e6e178d5342286918b372c9c5
303853,000000000000000054be0a9fad1cce0b81402d691a880cb87becc9ead74752ab,020000003e78993ac7475c052d67b22cafb3561c2557773df9a4de2c0000000000000000da850a3b8824b0c9bd408028962658ceed57d54dbd1985e503b09da10b4cd0861aa78c53422869180560d0d6
303655,00000000000000005ab22e0e66ac5c5173831f2287cece1df2b08bdfcad9015a,02000000b19259c57330b979f53f07cd7e5ee30732d86182464b6f0d000000000000000041b19074f7c17adab64e9211dbe7ae1b317bcad9fb5895f8f3097b9851004c4a3c268b5342286918ed79192f
303551,00000000000000000b10cb9008b91cdce88d6a1a48a425b5c2afcd72d64e378a,020000004f9abc999a8d27013f17c6d0af9598206346b7765aac9f0c000000000000000088ff3e4cc798b19ab0cf9ed2058f95100924617719dfa4874d4b6bb1f31e265b2e6c8a5342286918402fcdd0
303459,00000000000000004bb5f22cf5377e204dca232a387e81b1035c67eb84ec65c7,0200000047807001e74c94e9563164e0ded8fb3fe719fd4115cd5b20000000000000000020d8414c79ac929c9effcb84b71eef5db6621dcdc0f3d413d27157d168fc0bca46bc895342286918517611f2
303459,00000000000000000d9da2526a9a271b47e8e48e15502b6449debd278415b1b0,0200000047807001e74c94e9563164e0ded8fb3fe719fd4115cd5b2000000000000000008247da1a8d3cb2b12977352d007ad9666f459bf3de052c4367e32d71d168aaab3bbb895342286918edddbc18
303349,00000000000000000591be5b8e4ec5fd6f94833c2490d59619faa6cdf55ddad8,020000008ee47a97aaf033955424a1b7d31037b3fa7518de324d24150000000000000000651c9f835c8f56019c896efb672d291c0768bab5dea8ba66c80f8ee20e15ad5953b48853422869189d316a47
302879,00000000000000000fc1286af283d6959654b2c32b3a254725cec2cc27792a09,02000000c820592862079fff2b20f3987f6d92317c6920a02ef3e02e0000000000000000e16b493997aa913df1c8226116591a84c9dc9b3596ceccd9b4f04aa0daed51739ebc845342286918f84e6035
302806,000000000000000024125cf3a8297352cd2927442728b022f7e98a6ab5b43e52,0200000020ca1700ef9356030fdfb0d4da606d3c2dee918d9d40c54f0000000000000000aff21ca82eb91f7a6d999d0baf5164e9fc386aabd1eff6155af041a640b1614000fe835342286918b407a789
302734,0000000000000000330c589797927e6fe31cf32ce0d5185a5bf4e21918023184,02000000ba6e5bd821230b7e17b6ebf71d093d3ec878c4f982aeca0800000000000000004e68eedf8686fb671e40c2630a6f63140290a33218dca2a9b0e1faf8b1689dd834588353422869182a62dc20
302610,0000000000000000119027845b411e5711fc5e281b93da1efb1acb9f808fa935,02000000762e46bc88f66230b3a38312d19e6923e1925182aa0db4320000000000000000f3082bc8bf03ad7760e96a4e77de361d21e26e134104b508fb825186a0580403a95c8253422869180d5d88e3
302550,000000000000000003e81411059d48dffac2ce17b1c78982aecabe4b6a113cdb,02000000d605df58399d11513d14555a209abfc4ff646b98ce16a1230000000000000000af27b8a5e8da67df14d8a575531f72b0d3e0b4c577e5434a16c4e5fd0d1153a0b4d7815342286918505667c2
302478,000000000000000060bf719adc4dd47a364e03348dedc3b53831e4fdc9df6986,02000000d6c95fa1d774aab1d4152dad6522850ec119b2fe97d115370000000000000000b88bcb24ed3a171d90cc64ae6b66a76d7cd4a35379c4f796a973580fdb23295b3b45815342286918216e6b49
302038,00000000000000001d629af772354236bff162ec744d6905fb99b7621ece3123,020000006e511ca244d2f37659c6c73f5e4708e9f9f1f06230024e1400000000000000009bbe450bf95c1deb933c37152e1aefc0f63db9b88d933259fdb921eaab39b973abaf7d5353307c1842761ec5
302027,000000000000000018980d698776e6d69138302418b9d737b6880b3d2dc03711,020000004f49ca4580c850673088a4c76d5623651d90c0cc2258194a0000000000000000ae7ec5e0ea85b251a433e34247444da2b5f9faf6fa79b4e7b777baa7aef4632a88977d5353307c180badd311
301619,00000000000000001ee001fd9a7784ffb85733f1dca5524858732fcef2ffb38c,0200000072948297a07fba2d6ec5175c27351486cd6c98d6aeb18b3b0000000000000000aaa8a860ae7c4d3d4280f328bf3b2524cb9f6f8967fb37a2d2893bec4b9f31e35f7d7a5353307c18358f51b0
301337,000000000000000038f5f0e13b2c3308d82132cca6815e525caf54134036767b,020000008fc8ec18037901429a81ce4d200a283c3e3a1733ad70bd5d0000000000000000d63667591ceda1cc588cacbd5a544881af66cbb7c7596cd7d9403a391029aa8d2957785353307c188f2f5806
301118,0000000000000000476b0e08d3313ff9b138be0c889123cd29f12eff611e7139,020000003c5df99bb5199a98a5a42393f66a2ca5b1eba44608d6506b0000000000000000ac7008d9d66ad028339a90dde6bbd152037d8810d55a7c162fe033bc4653ae4553a9765353307c1851f668f5
300860,0000000000000000748957888ef72b8cd0f2e99649c7779e135a7eb84780b09a,02000000b35f056e5bf10fb8afaf7df404b42bf10636d4ec1a39c15b00000000000000003be2c4f1ee8b8179040cafe7784670123aa7b3dcd4103f4b47bf2e041b0a0d0e65bc745353307c18f15344cf
300860,00000000000000006e12e045b7876f64e87a4e74f6734726a96106dfec685fad,02000000b35f056e5bf10fb8afaf7df404b42bf10636d4ec1a39c15b0000000000000000d324c92a97e5d5d738e0c9e9fd835e7c8c448458a293d2f031175f961eed79ed82bc745353307c18399f0a0a
300520,00000000000000000f5a5e5461473b8a7617a22ef07d51792c87526ade6f1b80,02000000ee052ff734b5f3724bca81f5ff3c5a32d2b6e737133da51600000000000000006cfd666d1a44f26e170507e3279c860011b41c0b3c40aea52e2a975b725cc3aa20f5715353307c18709cc2c0
300518,00000000000000001449094123442064af9fb3ea9a2c5958416da95ca1ef5c7c,020000006968641114e72281135f484998837952a217753ca1259e010000000000000000f2bc60228c11fc4816d855c06a84f119c1863dde28de805593447bc725dde16853f0715353307c1874cd5172
300511,000000000000000041cdaba12563458974581623f3cbe1b76d0b79b30ad2a4aa,0200000021210ca3e6ed8e36bfbacc49f7eeb6c0a47a2570c16a74070000000000000000ceadc281d8089a5f883a5e5d279a454f670a423f6d4184b5d50678dfd4528f7912e2715353307c181eb3ea6b
300382,000000000000000064cab289c77c06158190ff0938552130d0d807dd166f4701,02000000222741eaed750985ce6f28a7a8e4d41ebc290065e0044a410000000000000000f23dcd6c82e60fb38cb17628cbab22d1afdf2e50722d0e9e002045b1d6dcab7ae7d470536c890019d5178fa0
300362,00000000000000007a55a477c9843c6ec39d0dec23b408666cfa4505438be310,020000008f169f086d0b3c8168b68bf4b8097dc2eb81f3c7bb2fa08600000000000000000f55e6a8664b740c6ee9d3bd7274aa92a2507528d36cb59898a42881f835ae6bbaab70536c89001946e798a0
300273,00000000000000003ea00b983ae4524de9c52fdd0e9933ae75e4208073bb5c96,02000000c757b219fbc38a913e587360ffac2632feb34a77530cf73b0000000000000000de2cd2149a8070be21cc1ac64f60535b7d891395eb806449194cede5fd8a677eabea6f536c89001954a174b5
300194,000000000000000045d6a5446b9ca061c49a8a84d27aa186611855da3fc5ac2b,02000000ffc22011e32851a2ae4562683b86e7c38b02af808195cb050000000000000000b0bd444045b73f05b238105965064a3dea3e261057b9d483c81e7dfae2baf694ec3a6f536c89001962550917
299962,000000000000000070cc2be01b45b61c571387834c6adbff8b06ea6647f1a4b5,02000000a129292c422a7b908969e2a17c9634b780f5125f5ba8134b0000000000000000f18e6c9cde3b7b89c5be6641614aaa0567884a6aa592c6da913d820f85937d0643736d536c89001900729ce4
299568,000000000000000047bc587a2eae4bb1ceebea3a140006fd2cec88d6c2b681a3,02000000c20fb8616e83ee183d03cd566151ce65946b54a3fc18f427000000000000000081a4d6773096f73f3bbfc6a75e5691f288002a679fa931328594ac834f97141ff0586a536c890019fcfda314
299471,00000000000000004b7ff3a526507f8251f7a90d7cb37a15162d40b5c746ea9a,020000009af65f99dd1dcf30297b6c1d5dc9c57db53fcb030bcdf048000000000000000008ae0b0847d701d5ca2541f6472761ebdc95a23db407723a957a86857320ab78cf8469536c8900196281bfff
299426,00000000000000002dc88dbbefaa1dd6a0f195bfd8a97bff0fe10e66d2518638,02000000dddae5576b34487fdb82464ba4abb3a7d124eaed5b888d270000000000000000f577d8eca915e31e325a4503fe6ba1c20c43ad760a048f0c522e2a9db6a3a0a72c2b69536c890019d5323649
299334,00000000000000001f64a823735f212b3d8d09740d1a4b8b82531ac04b416f0f,02000000531a4c292747d01e56dc273310f7359c53d28c063842492400000000000000000473e80335ec32881f00756d0faa30e10070a3b198ca8bb720fb32e35d528a92aba168536c89001948914957
299266,000000000000000050d44bb0998c41f89f850efa05aca23432e3d05ab290f6a5,02000000f13f0b2a591cb95981db43c037f66a6de8737866e7b4955900000000000000000e443ef480a1f7b8e11106e5176bfa283058855d5517c60bf37066ba6b27dd30a51d68536c89001954f56e7c
299176,00000000000000001f620c64e6c9a56bcbac52bcca074a9d8b291028ee4f0c03,02000000e9d5c167163ef38eef5ef8daea79eb9fb1e59222110956300000000000000000351a7531544f3322aed7cc81fa2149810c79cfb1e36c2d0d7cd6ee2abe6c1f37e62d67536c890019a705977b
298976,000000000000000029388519029b6b6d4e62ec8525543a2227f43d5195a2471e,020000002b0a5aa48735a9a157374d47f69930d236c03e7932eccf050000000000000000456394ab0d501718f7a4669251e9991718e4fc240d1bafbb7f5ea693a70091f2935d65536c8900195d1a67e1
298926,00000000000000005626add2e7240a28b2dd3a4e4e2acefa8c4c9825d1325e68,02000000a3af5b75b1f881b4d86da6f0caed5b8e7f8d3471de4ae722000000000000000042c84c59f0e75cdd25316dadd8e9cf5c1af22dbbbdd783a718d8ce309d9a6d5f21f264536c890019751fa8d4
298793,00000000000000004af04afa9b53b1a9bcfcb146199446b7f6df4ca67f405aa7,02000000d3ba76d05540bb494e63afa4f7dbe443996060ec640fb81d0000000000000000401b683bf94cecc940e74898cdf101d954874be4d0e9c934208fdd21b2e3ed5934b963536c890019d889aeea
298782,00000000000000000356d0f6bf86d75b2787b0a73d2e1b17b8a53d7bd6309fa8,02000000ad01aadfe0244226e0b4533ed8452091a05c5b9d6b8fc95200000000000000007494e234e008d7a9fe0fa097aec4813a476f4f7c466cfe45ede3342bdf97a8243ea563536c890019069038e6
298392,000000000000000032d2d9009f73816c838dbc77880fc9c5efb84f2720c80050,02000000101b02d8dc8a13187973d036c0f7fb3bcf0742fb01da71620000000000000000e24f47010694c58d571fabfe0a24bb1597a936bedbc58bf796d72f188996cb565f6460536c890019a5910289
298362,00000000000000001b84252497963c317807092497b328a64afeb5a14bad2f1b,02000000f0bdb6d5ae8b1c2e044e7f2ef92287cd5e04dfd9dff58c7100000000000000008609ec8a1ef071c724a4cb870b081b922755baca0a619c6ad69285b6021d5dd74f1e60538c9d0019a63fb2b5
298264,00000000000000009ac2ffde893a77477ff28afa987e1d2c0041547d5956b42a,02000000867fc26a49c18fb1c4a3bd83d90402b74247ef1e575f2f16000000000000000046de86a58b55185d96a194ba132f6eb9e92b40cd88963de5ba6b0e1a7bb87db05c625f538c9d0019c512e5cb
298036,0000000000000000953037bbfd2ad63cbe1c08c957f530aea03016b695cba8a6,02000000b2b096c9aa7658c6ed9b6865070f4ea0b8adb66a0e2343800000000000000000508acab7f7c2044f09a305b340bf331e38b856f5dd92c56bf01ce2a77f7a22c49b775d538c9d0019d2b25465
297985,000000000000000014b29bb9521e035d23d4c9af5bd3f8927bc99b87708f388f,02000000e6bf7020864de4f9c00e1f8b6c98c1686e8724d58eb94a52000000000000000068371b8cd0bce5016382baaeb01dce85c5ab55a7b6b29cd80c4131334267461a911f5d538c9d0019e942fa49
297835,0000000000000000783d0e4d291fab910e1fe95b82e6b09cbc2bb8cdcf52d110,020000005aef2b329c2ef8bd7025a02871417ac9a0e16ca6a6c538680000000000000000c573e9c0a09755c3be888ac579879d6d4abde6fa6bd2d59a23f42b0e6eb092596bf95b538c9d0019e5aca45f
297835,000000000000000064cb2f55ea3758db22489b77997a1a198d1cc3a249820ec7,020000005aef2b329c2ef8bd7025a02871417ac9a0e16ca6a6c538680000000000000000ac550c14e1fb678c08addcb4377d4e1ff2c122986ad190b75b8cdfe83aa20661a51d5c538c9d00195ca61b79
297835,000000000000000053b3fce44eaa50c0dca6d6c5d2d63818e08ae72b9894a5fe,020000005aef2b329c2ef8bd7025a02871417ac9a0e16ca6a6c538680000000000000000d446d26320257283994cfb9b03867c75cfdb6f624f040f0edca5cc932ab588f615065c538c9d0019a01337a9
297835,000000000000000007b28cb11b554efb34d62d51b13a1bb84a37ac1a80e5704b,020000005aef2b329c2ef8bd7025a02871417ac9a0e16ca6a6c5386800000000000000008fe71b7794f8fe4133ad969a265c2de119764aac7b37abbfb10049024e80bd8c2f0c5c538c9d0019361519dc
297803,00000000000000008d47d1a68aa586f9e76e8115b9c2dc90b916095303a51bea,02000000ab90f196afc08f46cd4db759bae96cd5c99b1c5aab13154a0000000000000000655d8299acecf4f77faae1c00297751b195f052db4e41f041146b00973db985c75a95b538c9d0019e2ace6dd
297744,000000000000000078a7de80aa512e5681bcc1bee42de562dbe021e06f8fec0b,02000000a8310be8ec4ac7c3f27d1a74052308d5ed75697a9381599c00000000000000003ecba9f0c2e177ae3475eca9153dcfe5f830af38e08a187555e36b617ec79c4218325b538c9d0019c87f369c
297469,00000000000000001bb1e7050f0a7c3285a13367b155792f5ded9763e7b8045a,020000000b57c7a368659a3ac4510305da280e1f0657e4d8bb641c7200000000000000004ae8eb0e35358ef74ffbf912937aeb221f99c9339fe9813541ca7713c181aadefaf758538c9d0019b01a6a5c
297359,000000000000000016e00a95c4c8d93f1116b46b1b2ccee1e701d3272f4acd77,0200000057edc5252c9cc2e9c59224be8b4d19a3514da83d9bda1448000000000000000065aae79070770ce8c8c1ebf3a599adcc76795fe092d64b4e1e15a64bfc5d5c8c9f1b58538c9d0019516872bf
297295,00000000000000000e83c18d7d7d26761e66186c763fd908d6f70155cf32eb49,02000000bdcc71b24636fd92b69e85a745976e97dcbc2618b0ef249a00000000000000006ba6b50bc1447358d3fa95431f25944fa7a7ea94110d399a77adeff8ff15f69ba49957538c9d0019bc1b5fbd
297091,00000000000000005c205efe9c6b494bef8b5aea12354332fdfe2756e684b0af,02000000b71ae3e8e0e3504cfa06436241af556b6a1cf57850b64e8100000000000000005c8938a7e3dbee5987484dd9e74a7652598b06fe34897c60fe5086bef7944e9596e555538c9d001927013ec2
297043,000000000000000063e4c75947f0809514381ae87883c7fca1c8401e2f520fe0,020000008c9abc510e33d562bb99a3ee498fffac30f575fa6e39674a0000000000000000194042b685f8c231f88a7da3da0c6b0cb7c7f7f04c1ed8b7ac34c5bc51869305448155538c9d0019e5660f4b
296997,00000000000000002a93bd1f8175fe948b7a5dfcb5ae1eab2573ccf7045eec14,0200000067956a7f3982677e71e06370f77bb502caf00a32d214b92b0000000000000000e0fda4fb9ca8273befd4332b221370965f20765254e0db907c9cab5ce80733b2ed3455538c9d001964ba82fd
296922,00000000000000005047574561883122b470408975759da3a3aaa427b26348a0,02000000bcde5520238b3b6a0f183cc610b5b773e9f28429c11e448b00000000000000002a4efa8b4c6678f1dfd64b9bc61b00d3c83b4a984eef18e4a3e42d73496fd7a11b9f54538c9d00197ea16d9d
296634,00000000000000007c137f97779465caf0dfedef626aeaf47639f0b07cd89add,02000000cffd9bd7f45c67b9194ae0818bf4df218fb27c6f9e7f23350000000000000000a2f450e436ad55ff7e3e4803b47e73b54aea38419f63c58cf9c864ab85dd9ca31f6e52538c9d0019ceefb65e
296603,000000000000000007900ac1a972abcda07f663d50f9966bbcbaa5b3d056972e,020000004defa970828fb6e96fb7971480b5b02f53e5b96296bd869b000000000000000011f1a16ed20acb6eb1dec2a207abbf4e66841f1beaa2471b6c4fdaa5c2b0cca69e2952538c9d0019923a4566
296595,0000000000000000396513bd54c6b0a01a5be28ed1e2ad957834da599d05d174,02000000668475672d86f83a7ffdbe5a4b944d0479c2d847a6eafc410000000000000000b8c70519bce4dc80270f2668d0ae6b66515ebf584f3727960e4c9324df50873f321e52538c9d0019bbc6acfa
296499,00000000000000004e045128b2f7695fae773c14e8ca94807026b38f6a98f48a,02000000e9603b646cf38b6e4c96c6c480014b6fb98e6679448b376b000000000000000038ae4089572f273d608e096f7762fb81fd96a742e76800dcf0ed3c78c8756375095351538c9d00192d0ceab4
296359,0000000000000000057f4e286bc2c6344a05c2125631c7b3315468a3dc51b819,02000000afbe63c74b100b8c43a90d4d6f5b0e9b321ab68d3f9760030000000000000000f31da8af3de7698864b163887cf0115b6c0cf77a16e397dc6067007a68942d4b551d50538c9d00199997e1a6
296301,000000000000000056d75afabe185ef242ef34c89f575d2af5f8699e2a008783,02000000cd27f3686735c946a32f079fea0aff1dc7f8dfe9ada6ecb000000000000000009a4abe29cd7b83b869b140a58ecc0ab98f25d88ebfadf24f23d5cee0db0218423ea94f53aab3001915ae9104
296295,000000000000000092ee564b94441bf7f75a4d17afbd690aee401690816a791e,020000005f9c242c6b61d0782af687009b48ef873961c8190a052d310000000000000000255d9f179358336804b36dac71f1ba307b96085b51375d19234ef1234a565632979e4f53aab30019654e6148
296226,0000000000000000a0aaf4a5f8111aa4d7f53d93d3d4c1655b0b3968bbeca281,02000000e1c354e61233452e21c7d7419c9a31fbcb4ccc3c9bbf00600000000000000000bb2731531f30a88ae5dade5fead676df61e75c8c225421036e900802be3ae9955a234f53aab30019a86447f6
296161,0000000000000000afbc381b26db4edb92ca1bad0cc93be4435ae5439c638f76,0200000058d81bd60d93b5c5296f2207486c4182d32028afd81dcc1e0000000000000000b90ecf3b75d29587d4bbba574b184f068f9a0577ab56baab2987adf1fba3e1b62b984e53aab300190be0e652
295952,00000000000000007abd9008eeef4fcdf39c56ba16ef987710572c0bb509460f,02000000910d737bcfdb1e58229e773f3c90130fb5886cd42491b2560000000000000000e765a7b194113a2a891804185649993cd326dd7daf54d538f87c7de3ace91c4148f24c53aab30019c96daeb7
295900,000000000000000032b45c7d4951bbc5d560affa9b703fc861b2745a7ef0a196,02000000d030a3a1c4111442c322484ad4d297215321e15f1ac1c178000000000000000085f3944653712219e2eba1d2e917ed02b568d2203433781eadfc03dbdd8248b68d904c53aab3001972eee990
295817,00000000000000002c3cddfe33230124c930bdd880bb7b8095bdfa9ae87d29b9,02000000315dec4961ef9f8520efb7657744208294fa39c65dcf6c84000000000000000012170eea067b53c9b15d1fd811aad1f87de1d2e1d21b0b6d1ffbf03893b6ad605afc4b53aab3001945966199
295786,00000000000000004420e447b1ed232cc223782161e7da3e4a6261ed7a3e9afa,020000006658a2fa34cf7d6d920500ce82748e37367b261f9c253aa0000000000000000085f8d8de4bc95df66a0ef41641349b59ed43a54838aad39834fd79b329cc092942cf4b53aab300196e17b064
295679,00000000000000009a6f6d5d310688d2a04de1b074af2cc3582d09f4315b2727,020000000d798ab3b696d6b8d91560a8eb2de72e6a13e1f8259bc5ad0000000000000000fbf2c0f48a5b0c9bb1b7d0508460bff3a85ebf2f2294ac3b6ac710430272c574c3034b53aab30019029f7e81
295666,00000000000000007ca2ad813979860481e22128420bcd6d47917872b895e07a,0200000085502f4b52027da7d79db474d35bcfe708508ac76ff0081e0000000000000000de69091400f259e0252bb54843f5b95e684348589e422e3ea11a3c83c8534f9772e94a53aab30019ab9cc5c8
295548,00000000000000001083f5f33b51f6ba7b31a67bb7a2c65ef744c7a14df56a3d,020000005f17c626d18614e41ba8e962e7959765abe9c3d6f04108820000000000000000a8a88cbb728c7859d561f8515a18cb480c76b0fed48e5b55a5e01697f18b88320c214a53aab30019d8ac75ce
295512,00000000000000001ce33fefbd3a2d535c0e425477bc76b43c69b374e442eb03,02000000a2dc0e5ac69ef798e9a909cfe2b8d3fcdfb16a998e70597b00000000000000007051b16b2c2636d80553837fb754faf51d313db5ebb78adb9fa32fab4f1a7ee630e94953aab300195d066c5f
295504,000000000000000059a177605669c8ba7abb802b7d4d19b483146525ab30d61f,02000000166ea87bdb1026f264bd7c8f79d16c6a7783a19ecb15b88e00000000000000008e5565237c612c1c59ef8629571801feba7a758691818028ca21206e94dcfcf49ad64953aab30019250849e9
295441,000000000000000006fb820e776bc787f4dd884847c30d8833af1653a7b7a1ce,02000000d54465961f236e21a4c8b5d901c1ff7a33dfcba7b2686f1b0000000000000000c887caa524948885235cf0d0b62ddb16f2ffba504125a0a0175506b625022fd3d45d4953aab300197d2fd3ec
295301,00000000000000005242496b3572f53edf94216915b5eb9954324f59b873f50e,0200000001001ea74844ab3babbfb0fae2565da6023976b6ffda04a20000000000000000359fdc83c1aa17bb605f785543df3bdfa18f7ea3d273b6548844910604c6b23f72384853aab3001965ade2c0
295297,00000000000000004f5b95d5bc582f8da0dc0cbbaef243944ed154d7418b7768,02000000dea8eacf2d002652786d6b0bdc3358e1928313582362bf1800000000000000003047c073677efdfe3745193ed91cee8a4406037121f7942abf58cfad6e5662506e2f4853aab300196990eae8
295272,00000000000000000c3c02d964698c21d93c179bb1c84bc47b7aa5a753e962d8,02000000da3413bc7202c11b4f5eb3f9062decc04a82e034d8c46f1d0000000000000000cb57b0b86702d49129ede1b569a9e9dae17dcae24977826c829aeebfca12e72573014853aab300193fc8aae0
295112,00000000000000000adcc73e8c62f817aa7b896ff21d48c36fd529701b741d5b,02000000eb53d77cec4f22e51a2aa106af8038f22902bcc20d0b1f1b0000000000000000c8a8f8cfa076334775b10a602b72e2534d817466c82fa82d19cb6a83e479c5498f934653aab3001989ddfe89
295093,00000000000000008da64c4fb6b9e8175c84b694afa939dc451199ce7465cdac,02000000f51f794045b87f5af7a3b48e871c84c8b59b0e287ceb33a80000000000000000763a41adf0f14577deb5168631741a7720c5f24c301fc5a59c18b1fe94d72d613b774653aab3001934bbc36f
294999,00000000000000006dbe92a53bb5ca47425b406e8815f083b7c7dedc19ed98af,0200000097b41c34b68bf8780e073448ac8f85728db8739a0cde9e75000000000000000034db9e3acd2b460d0babc1c9b510d6e20c169c4afef7b877da7000eb9c1bbaeeaabf4553aab3001964196a6a
294973,000000000000000043b5a2a51126a77172f928387ac8fa05a4285586a8b2092a,02000000e23532c0e8e5d02977b5cc510cefafeb39e683e5c56c88210000000000000000f6462b57ea5cc4b145c3bbd55bad10fe4c17fdc3733d629ebae2cb77656972c1c88a4553aab30019460c07a4
294870,00000000000000009adbbf1c4836cbf9643a2892fb033513db161780647df478,0200000037161d2f64502ffa5f46244242aff67b71c55cfe1784bd7500000000000000006abf9067e0e1636eb9919fc5b710d1182a6b4949533a3acf741ecf8698ece09db3ad4453aab300195cc9e974
294838,00000000000000007aed2d0fa317d901eaf6f622223c176356cbc3d32e97a697,02000000caa94a63ad76538de6d885fa833c8a2df39e37fa2749e26600000000000000006cba4e71f4e74ae34ca0c0a387f94cb33dd18edcd30ea512db022e9509c04dc4eb564453aab300192df0b0ea
294835,000000000000000018fff0e745c4c48f64290b11c7253fa5e51ef947a1e97770,02000000b9d443d99cc2ec9fd0fbd8198eda248a5556fe6b32fcb93c0000000000000000d27265f0bbc95466a393944087a200ee8b470df081c0afe6fc942582926d66aab6524453aab3001934a78d0b
294674,0000000000000000a2cc5b9427289b9f1b6aad41d6ede145c20300412d04d073,02000000754e0b7d774ebe174876e2ad3c271134378588ccbf72fa330000000000000000505c77cf39dd4a3a2154265a19c62dea01ec48d587f91b351cfb7f475a90501ea8ec4253aab30019e4a71525
294351,0000000000000000576237f1de28145fe1b07ec89e953413d9f8f09af0d99fdf,02000000fd2a6e5ddc424a8964854e7dbb47f750e4bf040f6fa30e6a0000000000000000372b5a4323354bc98d7e5d4c4a3ed4001715d5c3cfa4cc64d48f28ba37efe6dfeb064053aab30019f7b67aea
294275,00000000000000007c6f67a470de29ce2a93928b426d5ff1dec96d66706b3be4,0200000000b8a610d979e09a2f46f8496a9c6380cd704c7427a6f26e00000000000000002d83da30103435a9bc08b06023954bd926d71f44362203ab5ade15524bd9f44ad9673f5399db0019e22ef14c
294003,00000000000000002d968f98996f40b11db1b2409be709b332fb3c08bd48028f,02000000006fcc471f5cd0d388fea355725c1e7944004255989d3eaf00000000000000008770e1529056b22ee0080df02b919ae01f2befa804f93b2090353c61b8ce4e0d00a33d5399db00194c13dfd5
293718,00000000000000007361bc0a2cf8ff8f30fafaefdfa6ef4ff1803e92096221b7,02000000886287d093ad8b90239c9569efd6d41a336c6c500e3872ab000000000000000060aa3cffc4f6c9e38ced09bed0146e23c7665a50ad78557d79430b2b736c803b34db3b5399db0019c857baa5
293716,000000000000000005dd30ab033fb912b9fb0a7f3c48a224d28b85a0ec06ffeb,020000000aa3aadd6b6082ec603e225ab14cb7b00100acf39fefbe92000000000000000070f894afac8169b954d65ffdeb95d611aa68a3f29dc42f8fbac86a85d973b9a0bbd83b5399db0019865ad2b7
293684,00000000000000004e086956d305d0f22f1cfbd97cc5953792421d088231f442,02000000650618e98e69728fb89bb60065aecf37fe5fcacd30929c74000000000000000037919d294dad6822686fe647392e9c8f30c3b5aaf9b0fce160b7b3a0bb77403e4d9f3b5399db00196c69b98e
293682,00000000000000006da8bd3eb2fc2d132bd3a1aa797834997483d82111d1eafe,02000000c973940f1bba7dd94feeeaf8769872b9b5f6ad729b544f9c0000000000000000e48a0dd8fc2376cb5a2c21753b56e9a769b35341b2f853294935379cf7ed6bd7aa993b5399db00198231bd57
293665,00000000000000004761b40a1d3c9658615ddab2379444688811f13c0410ef9e,02000000df47d3d1a7ffcecdb881b60b58086ca8832ca0688c29cf150000000000000000a081420e8ba0ee3956cdf4180ddbe2caf4a9ec7c177ecd5648b1350ee94db84719783b5399db0019d0a81d7b
293653,000000000000000097661098af562ff8e16b41648de530afb1e210815aa1ccab,020000003beca0c7073c9fdab64cf6d5c81209144425e31bcb19b24f0000000000000000ee65e654fcb3fd6424fda5bfc1a3ce7334eadc86bb69719fbdde56e6c8ed91cbf9523b5399db00192d56a61f
293262,00000000000000006c19e7e24e8cb27e9ae395ed6bf7db21367a65cf6732b2d1,02000000af96cbfef0e021d1369570a62f4feaaad5b5d3fa7f00df9c00000000000000006ee337834ba31ed9afaaa1a7c055380ba5e0daa9a23efe2e0cc9256f1209c07e005a385399db001945baf752
293251,0000000000000000b7f579d8a72839494a197c897bb6b8c77d5afe77d9f41c71,0200000087858d5764a1d7e30ed3007e41d698c64c849673eb5be34b0000000000000000cec909ed9fbcc289cf10736e4661be5dff50e7f50dc29063e295b286b64fd03bd43f385399db0019330d9e8f
293248,0000000000000000c221ab43339f9e74b5aec943b8eca08033f5d12b7e7903e4,0200000075af20e93ba3fef2da62f1efd2f3ab1e47d7107c5da65d500000000000000000f6d6e0658b4073bff2c145d08769894651555b707a50c8650b10c54a3bea3d1ca73a385399db0019a6df7ef2
293197,0000000000000000c66dafc4dfb048adb2a80e23e691f9b1e2e664604146b4f9,0200000048e91290611da20e544ce8c4dc4388e4fbf8314112ba10260000000000000000eb18cd61687e76380d6b707b15f7168983f75faa94538999e7ba620dd576d35110ca375399db0019c17205b6
293040,000000000000000087175a186ca7dd0fd6ffd4bd608675dd7b9cf735e57055c2,02000000423cc56f6bcf895b2db41587e7e9d29a774da7327e3548cd000000000000000067422d2ec4fd2383f7348e7492069972386d9058417337706c0c62759d7d80b45480365399db001910eb0ef8
292990,00000000000000007418253422f5920619eb2746ca3c445d9ed4c734f48bd6ac,02000000716850e205cd27ecc670e71a052479f9a0461efebed876d20000000000000000d7cc9e8caf39c6a421050704981539504761668ac2c5ce8b40c25949e4aed07b7c12365399db001965741a16
292946,0000000000000000a9f67abee2f9075e911164abe7ceef0c806610325e20efc0,0200000027ad09315dab6709a76b4b3f8d4bd82b1ef0cae82832b3b6000000000000000052c5fcf65f6ada850e2444e464dc8b05446266a4b8f4803e182158ba4d53860e9bc0355399db00194e3710ac
292864,0000000000000000b45712cdfa3cb8589c7d15e933a1b4881996805f002aab20,02000000920348e91ccc58c2098b16b098cc1719d6c352c3196b471b00000000000000006a08acda80790aea17f9265edb858616da13f0598cc4b65a331ce3bc466aa5875422355399db0019f6e3385a
292711,0000000000000000103e32bfe85714250a377737d2bbd1d5bf96c460ddae454e,02000000232c02368a878e970b12a7d0ba658a5faec8fdd54a800bbf00000000000000006a080fbbc66e7f1b550a7efffa237bdf0fe942fd011311ae91e900be20aa3a783714345399db001990be409c
292533,0000000000000000d75a0713b40e425ec1008e72e5378e20c971380f0ddbf51f,0200000090f8e45a73b12f1f61bb411808afecb44a879ab5ec04dc3e0000000000000000ab51b6595e2fc31a3c474fc005b89a804d4d8d359e4a8296ef904fe0a40f0f42ad95325399db001919d858b8
292405,0000000000000000d7601b93cbeffd1d6e39da19e8234bb4ed8f4502c8d81cf7,02000000782de5c7997bf0ee0d5e02db9e3e21638c60302ec15feb7000000000000000002ab62d7de91e4144c6f94c10c507cc37c0b33dbfa6bcc2013231d0f81efeec82ea7b315399db0019a8557af2
292349,000000000000000008cf70c478dc8329c7f648a1b54e0916a527d3a6a9431d32,02000000f518f4f0985e93ec6070ca71afc3319484f1d1b8a11653b20000000000000000be407a48c6eacb5e6db0f01c4cd4f92c393bcffef802bb5ea6e7c38ae9b9081c13f2305399db0019c6cd676c
292341,00000000000000002800a499f8f2cb449b7f9393ebe3a9b0c53a99e63048195d,0200000038ff17cf1f7396badfb08f30a47a8b0cdedb0f7c3980e94f0000000000000000792aea0d9985f0ca1362086e8b3bb5e949b7b75117cee1002d7f701317b6ad916ee3305399db0019d450bd01
292221,00000000000000003ac4b2a1be5367e89a47e35fe48f0488b304e2fcb6473900,02000000f1acc69fe6a7384bf3c91f76ae6ffeac88cc0193971245750000000000000000d667214864e2ac0bf1d27f65ed4165b3e5bc7d0f389cfed867fac25d8a346fbfbb1c3053b102011939ded937
292171,00000000000000001647beafc1c519d036502eadeb7e15c028310fe52c3a92c3,020000006a96651019a3cbf3765cae71d69886b0e18f6b037fd75a0d000000000000000084351c8ed6b7e59ec051ecd290611c4417b30fd981867a77963fe5604a9db2f604c32f53b10201190659d728
291918,00000000000000005cb8ba17f7f86c370ae0edbc6a4f89d538d202c9823022b4,02000000530beea68c93aaec8e96ed6632cbfef3a1136fec162f3be5000000000000000058d787b7aa2473cea3d7c13b2ae82f92e4c0e2d05e87a5ac1d3a8f2b6cf3184acc1c2e53b1020119c240368d
291897,000000000000000066a0feb056f33d6f1235f445efd47f6806583c657ec32ad6,0200000050d07b9e9846c0b571f0ffc85e3310f2cb1c29fe70741948000000000000000077e6fde3992b5502bf31f157d3edf329e51669c9a5d8f91574584d5a0d803f1356f62d53b10201199351bb9e
291727,00000000000000003f685ba703eb78081a11fc062ffbb1952ee8ee7fa5fc1f24,02000000f5656ff3f22ed72ba3279776677e2f670cc35c2602c3a7380000000000000000dbc9b3078492f3af79ef016854f0f39691776c2f19d8046b4ee8eb038dbbc869c1ab2c53b1020119e95a8e5b
291660,00000000000000000765589ef5ba1a737cb8236c6e0ac66e39fd2bf1ba9f8c44,0200000006f2645a9b3c16d6ec6ffeb714000d5d30278c1ab8d5c8080000000000000000ba804961b90285719c730375a4303903f74d947e86800296f411280605f7b44b682e2c53b102011930748ff5
291582,00000000000000008792901f6583f2276960f98483deb6fa442456a3a0b05684,0200000005e2eb1c6b9ff091b6f63f7459f2322eb539e82ee47321490000000000000000c9efb677efc5270cc239fa449a4f222452c3e288de778686caeb974b08c90644aea92b53b10201190330cf2a
291576,0000000000000000d594aade002752c65ee64b4c3df9aef457b9ddedd3e250a4,02000000e6b516b6f3231ecbcdefc8212c0954962e1060631b809e61000000000000000054992c197a65557e108be4cfd776be3e9b17e15fa9909f1d529ee9a7a892b49ef59e2b53b1020119236efba3
291425,00000000000000006fdd524886d3d4088a4dee7036fff97ee43b587469fda6c6,02000000be81c680781b9b2154d1f7bc0d55ba2515ce3b72bab01144000000000000000085f8e43f1d767469c35034f6c053de91161dd52baa617223333d780df9578d04aa612a53b10201195138e0b6
291289,00000000000000002c8664b2c690e9f4ec61d955681767506933e28be8e73d07,0200000041da7e65e45cf244b81e2ab5b64cf799a027d223e0896a8c000000000000000083dd8db4963404e430a22866611492c602ea13f9bfd87c7c0839ccfd362bdc43aa622953b1020119ab1b697b
291227,00000000000000000f86c4bc2cab38b65ddacddf4394eb17d99953dd45b487e1,0200000053a45bf0b84dc198e700f4fdc8a6e2c6db5be8b3fd9970d50000000000000000afbffd87332dab3ef410e9ea31c5fec5abd9101262cc38e24c8ad1e9b0a945b4cfd32853b1020119667c3206
291123,000000000000000078bd3420eae1e21c6d00cb77f86da4a8d34faabc2568c7d9,02000000aecd357873a8e622dcf5a96c77bdc467ed22aa7c06f72eae0000000000000000b96b710d9e7cae74847247dc4d57f4cf4b752a4fe7983c4dfed1a3967160201994d92753b1020119a091f57b
290556,00000000000000002e2d4915f884569100cb032f9138af42d2f59256e2267d73,020000000c7c58c928611f0888063b29faf255b568e49d7e66544e2500000000000000000001e97896278101ee3240d2f997b11c889a38d0b680436973e29fb7c0d9801d63592353b10201190598822d
290551,0000000000000000715b9f3c09733f81aa5c2c5a35f17e11ea44a68709207ff7,02000000c70e1dd306dc0422886094c57cf6fb49062b5775c72dba51000000000000000089ffa2cc4877d01c48ee3964848016ef750ed311c1c4855420af5b012e3a55e128512353b1020119a81dde52
290543,00000000000000002420584ef35e70060317168be54aa9e352d0a962c622aeb6,02000000e6f40da0c9a6090907b3607c6d14ae1ef9fe19d657d4fbd00000000000000000202907c49c2915c58982b708c0b88f9de8a671490ce61babe0b137e663f974e5a13d2353b1020119bc5ce0c8
290479,00000000000000004785d2c3fa11acb53374a69951c3e0663fdbd6c7aca45baa,020000003e2a8466fe104b2a2ffb7867de8c5ae3532d1b0dfb1654e90000000000000000f940e76c7649519f6f24dceb06dd29ad327b212fc58eeb7b4a9c2793853972cbb2882253b10201199e830f54
290225,00000000000000009cfa7a52d468c26c26a5cd2fe4d4b8b41a535ce55beeb0f4,02000000aeec0ca8933ee9bfae4b8bb4ce63dbae642df838ae56a001000000000000000082384b7e2d4b89d0093ed1d10479b83718a4c92e5b04d970056ec9d4171f575f70852053262001191aef8cdb
290178,000000000000000072cf00ee6784478d9f1c8c07f9d31385a4b9b95b6074f690,0200000069ec13bf9328ab9f329bc06581a07111bf448b5e26d9caaf0000000000000000ddf463a289a68fee11ec78c47282f1e6e157e3ab692262c30f486911f6b39851c22b20532620011917262c39
290091,0000000000000000fbb4218a78acd3ea9941e1d48fd85d30f76876b31691eda5,0200000088935e23bcbedc7fe7b85725f62ce6e8e2cfc21b9c4a56c10000000000000000acb1f070b53c6cd8112cf53c4a8436df8f3821d57a2762a7277a86d53d67ac0e54811f5326200119d9cc17e4
290077,00000000000000006f87a812f658ff051dd0483df78f589527bc06927a43cad6,02000000f22a9af1de2191e9cb14f761140797df1c27640ca74f8dac00000000000000000701053f43fc16b2b2a96cf98236418c0d8e80a92c980edad7f5668a9174723d79611f5326200119751c7c72
290000,0000000000000000e2c6f3b07de737386c0692c58b5ee1c3620cd121607fb736,02000000b61e040195c4223db4129535883ccf3c978e5c3bb0857e410000000000000000f2e21ee604317e1585499e48ffc92fdc0ff3792247b60b1db45ba599a4c299a427c91e5326200119608fe147
289969,00000000000000005fb5ca5fa0e4a5a01e6bdf196c1d95b50dbec366eb0d52d3,020000004c63e6a132e096fa32b87d800f0a8f7e2f4f266de0dea1d600000000000000003da3c0be4ca3f3acc47c646b4668ef9fe3a50a049452ef2326e96e37d38e6db3608c1e532620011983848fd4
289920,0000000000000000a4a14aeadb063f288ab9602c986e7e0ab142cd59aa0fb035,0200000024ff37c3e21561837c5238c9d48261df8fd23b761e4bcc0f01000000000000001cbe86375ba6a05fe35ab1814b95e70f430e6ebc96efbd427e1654566e165a150c361e532620011948f25405
289898,0000000000000000e1e40ee759ed5c23f9cddb3241d50ca8ce7d4adaf74db44a,02000000c48774dc6c4f1261a516759d7503d69a58c1472903646c1f0100000000000000a1f306f69c2f5d358008c54a4a6a568201f68b07d347e48bc788246270bcc8f94afd1d5326200119a47ebeb3
289542,00000000000000007e0ee4532ee23bef963defaf1925ff22f48d250eadc0f034,0200000032fc69a753750eb31c21a7707dfb45191d7433c924a2ac980000000000000000ac841d3b9d892f90d6bf4ebf22723eb1f7f1a80d88b7580865c4e37de0d19ae84f251b53262001196712b912
289235,000000000000000027fe47a3f48bfb6210905e5fc0ccc328592c5905e3f1669f,02000000b61523fbbb122f466e791186532c8fb71ebfb95bbb783b4e000000000000000040c243e04ef7bd41885f8e89a7dfd0f20145e99d6933f8fcbaceca48a70a091928c41853262001192c05917d
288887,00000000000000001e619b8262012bc801cec590937e9ae95237940df4520c05,020000004789c8c7b4ab2ab3a06e7ab2ea3ae2a208dfeb28217926a50000000000000000a4859077f502f647627716e96b4a098301afdbccf14133648a86505a4c41ad0690ed15532620011969c492fe
288885,000000000000000027c9f0bdc38ec3acac09db6e4ebb43a93090bdd8960be64a,0200000085ececf3ca255ba32020386e3241ac4ab2337e186dfaa40401000000000000007aa35ce7238a453bb8f290b1bbfdfadf80a5ba8677c69a1593ad0f8730408704d8e4155326200119859fcbd1
288852,00000000000000006f75d48736c4ef373a3eb6bd9541814e3ecb142d028a8378,02000000a9ffbdbbec5621de680ec27f18257438308dae9650bf997d000000000000000000eb2224be0d46553866b49a168a0e28141ff013c2364e609c09d009fe7346c5999315532620011990a69a7f
288848,00000000000000010bdfaf70e75e00b1cc6fe34ec45b5511d4d77eb906b0cb67,0200000075abb04890bf952ab815fbd37b615cc7cb93e944bf47068900000000000000000504db22db63929809e8fa29ebca9606fcf932e406709ef711f359da8844a554be7b15532620011975616e0f
288738,0000000000000000ff535ffdb5706f674856c234b26e3bacb8cd8eb4ca6e575c,0200000048b721dd2af4de8c856f6f4db76b629f4495d029c0bcd5af000000000000000066526657cfd6abc8eeea6f3af9d02bb2e072a06aded933bf27aee0d533beddd79784145326200119e8d5e896
288737,00000000000000007a63e153b46c63e1e15f8b23ae43b5a4172312397355a640,020000007e0696b2b8f92289604276ef0449231181c934ea44ec58320000000000000000ad13cdb62d02cc1819e2ef06d709fc3b50e557fe0266a39626d5292ea29889050d831453262001194e5cf949
288733,00000000000000006c64707a2395a4480861de491f9bda2fdf773c3a60d13742,02000000a2f09252c2b58ab8dba3fccec5285f2339d5241a4a5a2f020000000000000000e029b7a10127d0f9a521857e1c32c1ddbfc544cb290c9d105732d4a2504d6d7abb7814532620011900bc25a1
288488,0000000000000000995af7f16aa6eabae583b9b6bef86961714a6e6ca835c802,0200000081dd87cc83444acb80bac727fb3be29e5ddef1d3ddb070ab00000000000000004aa72146595c6e8ffea7a439d5fadd63a5bddc8b962e9ea5989693b345bbafc9fc2f12532620011910996942
288225,00000000000000003e51e196ad803e5dfd21c2598721ff3e929b9432b3f30cfe,020000002e3d9904b40ae9ad5444b8e47312c26b79c845e6016d1ffe00000000000000009331730c87ed7d7fa02620498fde12b4b08715baeeb551c072572b1e99ed985107261053535f01196acd004d
288204,0000000000000000f98d4bd05c046ecd098d96b52e1ba04eb448ff9442efa4d5,02000000c01473cc0bf8b61d27d2dc1a96fde272d11797c4b8caf0ff00000000000000002654b95bd7726a00f54dae90e7f657a59b006c7819d73b05046de483eac979c733f40f53535f01195af08f1e
288064,00000000000000013b382f4dbe4aa4284de70311467860ab31245223856ac159,020000009b50e857f30e63a47415edb4825387dfacfb797e7a38ec1800000000000000005fe1b87c511b3ef96e6098f3de4637b2473ebf9c30af77e7e21703b0d5030af0c0f10e53535f0119e2a4c2a0
287889,000000000000000111d05546d84f2364236498c2baac0d3fc54d25920e37e390,02000000a7e38e937f9989502236dfd574bdcd27e83605967166303a010000000000000067b2217b7a848f8763724478b478f3b5137be847ad8178b9d456e2f7ddca36ae29be0d53535f0119870ceac2
287794,0000000000000001053e61f22fc01d6384488b392d8a5b4339392c97207abbde,02000000328fdf1685f9eded1a530313d21c6b277df17e5d839c280b0000000000000000a9fb973ce40db37c46e50702bd75a89fc442f586d32cf95a6aee794fe66e4f433bf60c53535f0119b736ea0e
287728,00000000000000001e64d45c02bea16fd65e9633b7036d48721ccc974f5af2b8,02000000c7fbcc87837780085a1ccde7acbdb512164a3010ff828d0501000000000000008ed8e590ef9253c438f2229d2d980565b526c4c9e0fb5c20bb0589ddb51983e48f6b0c53535f011941bf7ae4
287715,000000000000000088c4d75005ab588da15ca5b7c6f0223696664336b3e42997,020000006510182d7371206a1f2fe63f3837bd793c11a207de1a990e0000000000000000da27a3abbb259d10023385255e0ef769aab568d1cd420ab60654ecd20e610c8bba530c53535f01196293b07e
287557,00000000000000002dc2a1b22219e7880f331e6c56662e37b7ebc959d952077e,02000000d62ba009ea73ba26a591d5b7ad78d83abc6dbad5b88652370100000000000000d6c0107aea62e7c4c353176b9a59a9d6ed415328a236d71117c1e220c59c6c6e812b0b53535f011910cd65d4
287502,00000000000000003fc96740e15190c9ad06496865cc7d9be63da1133fb78308,02000000e7a84ce98ef1e22604c393d4c0ee7b3b060e0323b449b86900000000000000003b43bcd2226bfd8c460f1a4ec22a6ac82c186241c100767627a498b4c41033e7c3cc0a53535f011902e93043
287459,000000000000000124308a2000694ed138acfd238501d840ee7025109e4c0b54,020000008eeb00314a9a14d12812a8af29eeaa8e5e7ab842a7b106d8000000000000000096dde7ca85e08c422b1aff1a491b2c90b1f11b4a7bcdf01b52506f35898907244a850a53535f011942eb6e98
287443,00000000000000006cb09a541723399a86bc36a3ffe1624a128d88703ceb0cf6,0200000056fb39480359de4ab3267d170ccad179b0517fc25f364211000000000000000014a0735167ee03d4a9afff7a1434b98f3fe820a0116d50e7eef9b3208465915544680a53535f0119f7a0988d
287353,000000000000000026bc9230a1e7c23787bf0b0a525b9fb1706c5fbd21bcf5e8,0200000006b6f5884154d97bb0a22f34f48766ac8eff5507c8ae283100000000000000009a8657b1004ecd30beab74897da3aa22f42f71de7e6121c0b93570bb33359223c7b00953535f01195300a949
287273,00000000000000009aea1ee4c8e2fa95c36af85d6d346a0f0bc4411dc2f9c95c,02000000cf044061178d3f9aedffadeb71ba0f92365e0693b839361300000000000000002e1e19f09e95c0eaebb4f60df2641fe9242c058d20b0c2f46d9a8a0278557b394d1c0953535f0119d839b08f
287013,0000000000000000ca8a5e8d6e1c99aa2a210dfceef51ee104563dfc7c20a9de,0200000012c6d87b0e43a14317fe1a213c08c623e724ea502c6c31660000000000000000e6cf9cb54ad27a803c18866d2c7827d611dbbf1da119990dd4d9649eeb0ce93d15020753535f011970813914
286992,0000000000000000002b5a067c26ca70d4f381ffa23af21159b2e9f0d047c0cf,020000008e69b402e9db6cec93026dd666ddfd9b66ad760fa6497d2b01000000000000009e897cdaf4d614c00d2dfac3de0181dec61e53e6db8210dcd0594ebdde3109a3b2d00653535f011988267ce6
286980,000000000000000141e0fdd87428e3c7aecab7955d10058c3b17d926aaf157e7,02000000c0d3ea3d1c62992f1b76c8a0b4550f8d38e7928fe11b175a01000000000000000999dafe61742bfbc0b1cc952e764d4713fa693bd820f378d9d28622ea0f9af89db40653535f011978711053
286506,00000000000000004a5befe6c3927a25fd70c5d808811bddf01336767cc20373,0200000075b9738df7056631fb13cdb5edf3ca604da17a2176e8ac5901000000000000005190e482c8cab49237c34b4e20631b68a1ff4c582a3654e8e0300fb58b6db9c3a9500353535f01197bb926a5
286401,000000000000000062ca9e2b8114f7bdf4a0744f908102b3cc4a358d3e645328,020000004d18edb01f94173df6a9560a536ddc9ac1306fde1c70e87b000000000000000020387723bcba0b22b3d876cf4990ce78d8b54ae12dcd9b35f8c71e637545197c137f0253535f01195c996526
286386,0000000000000000ce00ffa361c4b01cc821927d69bebe85d3f4099dfeb00c63,02000000b62ea929d8e08fda572a7034e473a64c8ac6f4f73b2c9d23010000000000000061c6b75b405c27a7dafd5e73ca22ff1ea03fe202350f7b8b760d7384f90aefcdf9590253535f01194ec284c6
286371,0000000000000000abc0aab5990a06dcd313cfa60589edcfb4f4858388dcfe0c,020000002a0195fe62c5430991d963072dfb036bbc5adc20ff95babf0000000000000000a1a594823fd502facbfe3c5bdd5c947cffa9367440105b2597b3ed8feeb7222b88340253535f0119696bd99c
286299,00000000000000000114468c1ca7d0a4fba19ba0f7f9e87e9841374e31d7cfcc,020000009b6f60d7a13d8777cf43b1cc90b11416815521105d9b3d5d0100000000000000c26b725cf5cdfca6909705fbe08c30f70e21add535e83e36ad7ea1e1a328002d498b0153535f0119c8fb2adf
286287,00000000000000000ebb080435bf874c8168c156073f032b7ad5226bb978e87a,02000000fef40dd794b913b4a123b89a35c45593ca21051663cefd30000000000000000008ddfebfdc8075d6182e7167f47746619d2ac0a1b551e9971720372ccc03bb8f766e0153535f0119986452c4
286271,00000000000000018fdf3468f5a8a3b44b3be2dbb793af2bd5c0436b9bc463fe,02000000cbde02fab92e358d181b90ca7097f6e797e4c9d8b7fcba79000000000000000065e968dfedac768408e3cd32e9106d686211c7c82e8652e2f76ff3643c1042cb4b5a01536ea30119a6899266
286197,00000000000000019df1684e3aaa2079541b6eecff8c29ad7e316c8736e4b89f,
285987,0000000000000000c5bed5044beb2bb401d4caf9cbed4a2bf4b2cade7b074532,02000000f5fdfceb5af2b7f3e4ee79b4e7aa815cf2a577cac486da12000000000000000026b9ffbd7b1c18ff1cd7244e1bce4ea42562c9906c881e5dee1a3d06e5c9a6a74a6cff526ea301193387fde1
285948,00000000000000009d7d02db607108a899932a9b6009ad2bf936c4015fc4ef0f,02000000c514942faa1fd85d2d6d8bcbdf9f1bc80cc2c337cd6e418f0100000000000000d65a1f17897add2de52e8b7f7db1ca3eac3e5af7bdfc9a618768dae71433a127263cff526ea3011902b91614
285869,000000000000000132aaee801041431fa3ac66e61a5ffe240b08a25f32b863dd,0200000019558449a9e6ea132d881f261613f39678f87610d1a0fd800000000000000000edb4924a898c29ac9e7d57de1cdc4944576ec316f1e6bd4d1c696a12471512fe2985fe526ea30119077ab633
285833,000000000000000154750d397949a5f2203500cdae8d447c14c6ae9b2001041d,02000000c3341869bf03ffa083a7de3e16cdd3f6e3d91977826fc8b20000000000000000e668a1e40b3fb299db85ef1c4f13ff1871ba48dd2a6d78308f0369bb082e5c37314bfe526ea30119215057d9
285818,0000000000000000f61d8b36a8642e573a81248e5d72fb479d80e14ff723c77b,02000000226cd1c59fa95df7efe6b8f95a5c2b16cba9db593a66b2f9000000000000000063c7fbf56b19901e88f1cceb48b2490748922e87cc1a5f4b6fa401399cec5c838a31fe526ea301194439b278
285748,0000000000000000a02efc4e57f970cc5f8d1ce205923830fe16f5fa65df8dd3,02000000f547d7bca7f4f7dfa179d423b137021a0c8c24777c6ac4560000000000000000892c9db02e63a5d8ecd779fa04e7c56e90dd928159210c70514f3ece3bcf56b378c7fd526ea301199d0825e8
285495,00000000000000011f1c5325992b73431d3755f45f95a225c51b9a5df95623b4,020000009c9ac279b57e2f8f4fb0fa26492442e536b4566d13bc5e9001000000000000007231d9e4bbb4f5475d011da776044ab876a7c794f78503a48b5102cdd84c9efed1dbfb526ea301195de6aad5
285238,00000000000000000c4383c3fba158a064d5cf60fa6a0886a48b02c14a2ce645,02000000aa41474659c6dc04ee1c895441d77694c518b1a16b2844e60000000000000000d165a45612e65ad80c287099af22ceef380f0526cbc7da8958eafe397cc9817a67d0f9526ea301192c8133fa
285180,000000000000000141f588aec7c2e9e64dd3e426bc276f6b244fa19de28e176d,0200000004b573a23af09af5128c208b4616054bfa1d47beb5f1560f00000000000000009d5eb9845babcb275356c763324a59f011149a3b5ed16d753abf299a94028e6d9d71f9526ea301190ee8152e
285130,000000000000000125976d8cae1224afb0f85b9790257032e1dd0fdc1df1357b,0200000049a595df482d96603a19ac1c74ba320a81888d05928693ca000000000000000024e1794d3453c051161ec6ed221f9d301843e6b74ba7f7e1765130a3962d8693cbf4f8526ea301190bd722e6
285090,000000000000000189b367a7b94f837e9a8575c45b9e5c906c0ead98264c8ee0,020000009a69065a306e1a1a9c23c122082d4983bc36dc8b0583d67b0000000000000000a45082f75b2c31bf3cb01f0371613b62275cc77907709b62530dfe36a3260099e1bcf8526ea30119e8d20fff
284960,000000000000000143b5f9553f4be92e61ff79ad46647a8b34ea22723ed8a263,020000005d9f934f6ef9fb82c67f20fab80cf2720bd71820d43d999b01000000000000006628d160cd1342fb4e2be35e8f59349d10fff169055000ccf6a3d8495185b3c7e875f7526ea30119d9715398
284881,0000000000000000cc56024d7f21cbd34bc0d175c471a793d2a2063e0811bead,02000000145f1ba18eaa1c58f46fdb604af46e8dc7477c3fe00999ca00000000000000009f6fe04b919f19702e54fdbbf42d35fc842f470fc3734ee98920a3e77497c82f36c4f6526ea30119ccac54c8
284778,00000000000000001652d5472056b35e14c2e8db16b8608133c5ce0d1586d973,02000000ea02f3757695f3d941332b901b3d26e7a3a342f656b257410000000000000000588a827527da402c22a01d3b1744703e81c41dfcedeb150d0990839de400fc588df5f5526ea301196d7e2651
284747,00000000000000016237d34a5990271b5a2dfb636b36c24b205cdf2089eb549c,020000001f25c74d147cd8afcebaaca64cdf746af57c32b6c9af18590100000000000000db1faff7fb6d5c2a2aa02b441475eaf290333c5f7f5f3f2aac0a729359aeaed44cc5f5526ea30119af0f19bd
284700,000000000000000071205bfab2564e7f4c24a4e83ded32d0843b195eebe2c476,02000000f7bf6a07bccb67a3294298568865e1eb181abab2125b504e0100000000000000c139eea2295f242c9ce3b5f922a844470b1080d040f6f49dc92141aede1dc4694672f5526ea30119777acb41
284637,000000000000000156b295b514635309e87095afbcae97df3f39ce2694f1a840,02000000c6b37e171f18c9a4715f6ff7c6940108528fd2732aec940d0100000000000000643e866fc0d5848c5b91cd87339c5877dcd0a08e8786f501e5753d6802ca01df21f9f4526ea301196bed9b07
284624,00000000000000016f099af98ed62864b969293b1be4c50b9394722f43d54ab3,02000000572a6f602ab5cf09f613f1d6983669ab517543d299a2943f01000000000000006b2bffe5d2c6f3ca47f595725e385a804f0c80fb3c5a1e1ddaba1dee528a12d784e1f4526ea301196a1428b9
284546,000000000000000115c4e52262e85b67eb8ce64978a97c232c58a69a11d2e4cb,02000000c5b83984d9b24ddb197d1b3274b802c088744ac983aa095b01000000000000006cad0557681d1bf49a31fbe47483cba6d6266507d8259edc07bfb363f6b642ccdb22f4526ea3011999d8d932
284423,0000000000000000d854a2b6e434744a7c8490fb89b84298ff0530346f002802,020000004a687b9b699a8b2170dd6e66b76ca7af86f0261956ac5e9e01000000000000005f3f3f4663208cf86fb4f9e8a441b93556aa5f0122144f257857b755196a97f2803df3526ea301194ec2ed58
284344,00000000000000003f080f1b7f86033dc7b1c908f11af3490a897194507b27da,0200000055557ff80537a9bc0e3360e20677cffbeb0e16f1ca481e9c0100000000000000dc29122cf3cb76376c7e7ba855263c01a726a453619a5c7a189753d0b7106db27a9af2526ea30119995c7a50
284161,0000000000000001a84226cdb273d7013ffe83a77a456cab9e3e3c824cb14853,020000004b4fe3acf0c5adfd97884c71df8f0758a3740eccb56ce957000000000000000095c4856836f626520ad64d52a17c1b05198dc34cdc77ac0383fe10175ab4f0d8a635f1522cf50119522fbac1
284073,0000000000000000fdb74eac33c60a3d1007b3efa97afa92d4022c9893619d4e,020000000bb851d3d3306b5a6bae009ebb8cd04b999b70c4b2cc64dd0100000000000000b7b5112eb8edb4eff45bc7becc1c6aead7ae67b6ca7d33a1c299932bdad9d9282797f0522cf50119118902cd
283954,0000000000000000929fd0508b3f540b377bc1091065585cfccc0e31984a0e83,020000004e76f8df0c7fb53080d5812b06de88cd0bc7a67ae481fc3001000000000000006aab484933f6dc010086bf2c903ba13995fb1a708ad7dd7f14d469315d77bb1a9192ef522cf501198663db38
283905,0000000000000000a0e85623a84d510b67089116df517ec7b5e1c9e55ed028e0,020000003f5657dd38a78586422ac689165fb3b031eee9650c4283470100000000000000daf60ee47c647980be196ef98a4a05fcd77bc7a8bfa3a5b2f4293c4ac0c2a976c63def522cf50119c2c799f8
283872,000000000000000037f2a00fad324ddcf276f9b18d0a8a9a43831f5555b10ed1,0200000018f610a32599b30cdf27ffd69873df5368dffc38b43c2664000000000000000007ad502899dae5210323558668931985d36be9948b920bd0a9bc6dca7892e5f3a306ef522cf50119896307cd
283869,0000000000000001a0efb07533ea70c8cf8897bca4ff17995fefe3b5457b9ef1,02000000ebf9fe186776543f310f1d9a11f840d3e2d3e956ef24a380010000000000000050a3502440a2e46b97e6c087f142e87128c7d2abe2af55bd398a92a16ea1c2f97d00ef522cf501197947a184
283771,00000000000000019773eb5c1fb8445241cf39037d229976fae870eaf6fbd25e,02000000ceed528a0084d5a68802d863bc25bfd44d42018e43d28f850100000000000000c592518466f817fabf2eb250e576ebb0bd0c69aef7e46ee96665322eff33966fce65ee522cf50119235e705c
283686,0000000000000000b370b709c0c36b8f6883571a1fe7422481567488811b83d2,02000000e0d8bc4f059c9588da3b0192ac3baf74d57900d8fa9526ed0100000000000000e951a421e0c75385f208af6a4af3555ff76659eb8ed5bcf5956425f1a82c463432c4ed522cf5011906f14694
283650,000000000000000032229818c86cf7c5aed492bc9c53c9acb6ab427b2be2948c,02000000538bf3a83c360f21b546dccdc3d17afc956cd035165fac1501000000000000003971f76d2d55e966248de51ce8fdaa7f2ac638f4d260e77b0d307d81d7c320c95574ed522cf501190292a30c
283646,00000000000000017b5c785b3c3432dfd058b12418213cd51d0e544b2161e601,020000009bec327f8f8e5f8bb0847111a692f2b73d2ac1a59c564d100100000000000000797190c6d8a1deef0c9c50d4cc9d17ef78495dde531a190f614a7887b51bd7adcb6fed522cf50119c4c6b27b
283588,0000000000000001a8a3437d8e3f8ff1d5a68e0d68b2ce4b9a1a487f32c91ac7,0200000009da93ceb8d426c672fdd5f8eea8d217097850abb8e497e40000000000000000f74ba03f9bd32d3889dc4cdf1d0e8bc2a27e21840d2dbe5385c33de2d9093df652feec522cf501197e0168d3
283490,0000000000000001b22f96e9e5eccd66f25ea8e74e9c96b1423a7e2bd5ca8faa,02000000b8d701ff0a541bbac235ced2aa919937a6e7362ca0e0da7a0100000000000000f0611481c926e18b25354744bdd95205936962f2e69d5f825894702f8f547ece5f64ec522cf50119a61596f2
283421,0000000000000000149ba78a81ea987850cc4319c1c3d370f0c9ef7fb3901502,02000000fd140f44ae0b1eba24be2f7dccbefda21a9d12618b55716f010000000000000063a4b69d42d5bcb76fcaa193b0e19daf6a84938412314c2594f60b155c70aacd35eceb522cf50119388c7429
283363,00000000000000005cfd95a66c8e455e9607981f7900d61f7a3ce19715f2901d,
283342,0000000000000001cfcd4644d9b9b28ec8675a6e5cd0c4e31b2eb5c7f94bd1eb,020000002afe71687546e2bf9d3a74fd319748889de54dc097e7e3ac010000000000000015730b349bb6764aafc4933cd095ead0e95179c6b6984a4e6aa56b2e48f09cbb915aeb522cf5011944199949
283326,00000000000000006a37fcb285abc37e89728af8185e948a370cb9f27b37cb4a,020000009b0133f768b2dbe3e7c060edd73353693efa4c95bbff64680100000000000000709ea0d6e8142cf21b54e71e1e23c6379a9d30276c02ca5af10f9956a9db8d07073deb522cf501192388920b
283254,0000000000000001b46bbcb89c93c5ca6b29d0d75b8b9b1ce95ce4d75854b1ee,02000000e4cb743084e4b57681182349020d5c473e9f4ea991ecc21601000000000000005903a661cd27112e05d78a39a280b48ae5f58dba9f371a1d069c62af5c6e6f348fb4ea522cf501198d82e8ab
283154,0000000000000000c985866d9a3e807977787dea66cb199ceddda3a0d58f4d38,
283133,00000000000000016a3a8899a31520f9495f10f29961bdf5f082375aacef8136,02000000c5ee94c4e76290c65e7236b4c080c2fdb3a167fa131a69aa0000000000000000742045b9b47572ba6a279a1c692a133c43d5bcc09566546eb51d8f138e882b7186d2e9522cf501193b981753
283106,00000000000000014bea269deccd15220a4ea600966bd9c97ea167974d576718,0200000095baf500688067b9e77d3f73526c07c284faaa7cd1a0e37f000000000000000024720377de1d7d75ae5ce7863d40048af29f859018a706a6817a13ef07368aee3c93e9522cf5011904ed60b4
283088,0000000000000001cb2d953a7dddc497706d69fb7f68adca26e93b33c0b9d06e,0200000039426d6c37668df7630ea51785a85de6c755d33410ee606a010000000000000050d3bd9524bc95684e35f996ec1d1f52cc244f8ec102a3c8649670c7539a6480c364e9522cf5011937c39192
282967,000000000000000106a20173094612d98a452b0b4e6556ad170c4bce3610ee58,020000008e5ef2c98622c779824288951586a5daad9baa3474d962990100000000000000a70cd0ba84bbc243077b44d9ec8feed1e3fe2e60e91856b3b74daf6c5c3c10620e5fe8522cf501196f7f999f
282847,000000000000000054de5a263b7d1311b7a832c6f3b0bec1fbc621fc687681aa,020000008ea59ce9520f33c63bdfaa9ae8b1dd7eab5c7be9dd3fe8d00000000000000000d42598a95d2ff41350d86c80c3fd770cc47ae8943168c90935bdd852cae3352dca53e7522cf501197cb1989b
282809,0000000000000001e38f76425ac1d12bc4a70c47b253dcb374902f36e893811c,02000000952b647754afbf06936726a43d914f3c9b241e91b1e1c9750100000000000000313f68629c255615543e5afe029fe104f6275918d832450e628ab4eeab6d25ff29fee6522cf50119d01a54a9
282661,00000000000000007e6b1df40d73e373f9da523115cab7a3150093b3d1aefb12,020000004fe3eeb23c1daa16b8a018b3835f42e3ff41c76e3149df6d00000000000000003ad768bb35cc414843d5d74e10cfb22e8ea77efb0e319f658d1e4b712da2217541ece5522cf501194de41b65
282615,00000000000000012c3aae4b47c41c1c8ad710f28761ad22753634e0875a9947,020000006bae28651359218aa9cbd63e7789c7d9975a5aa508d25a68000000000000000022437158fdd67bdbc5df0dd551ef016e2b2c0fb1bdfa08b2e32bd199ec55dc0cec85e5522cf50119e2d3a19c
282537,0000000000000000209275309a7499ac03207fa747e806f0497fbebe582ba57c,0200000099eb0aa149a0808898a89b64c5a866efc058885be619938901000000000000001b6410dcc73e3bfe146d3b04111c0bb129a80be74cc83a50aaeef91585b6de5c6ae8e4522cf5011929162862
282424,0000000000000000b4f1a56954c9db129a00652f3718122df1c12e04e2396300,020000002748e56d5153ba89328bc990cfad21a97b57fbd2a88400e501000000000000000eab4c3a63764ec8d12e9dfda5cd15e144227332fe1b6d6668d9a84b00d2dacc08f4e3522cf501196e0ca53d
282412,000000000000000126651f1cd72d475204eaa9fadd2d872149ab6760257aefb4,020000002b480a789c3ae9990a615f67394d1321765e8027acc2f63700000000000000000d22a6e376a98cf67c779c37cf8ebf19a3e3fd69dad5f0162ebc8b01bb2a73a21fd3e3522cf501198cf38358
282325,00000000000000011ec4412adbd5990b8e286aa9150b55af3252a9f249812ac7,02000000160bc226f09ec6ffe39e6abac34ac66c4da77f22e5d1704601000000000000006bb03a0252d94e0ed53766ac87078e321864db4afb957ed3da20f0d8fc6030cdf624e3522cf501192be36722
282277,0000000000000000e43efc2195203004e57cd4c32f4edacf86ccf812ab3f1cd7,02000000d1b27427dc69cfcaf96ba8c941397f57ba6f8513b436ae9b0100000000000000c84d83b6cd97c1e056493711c1cc4b5bea5377c98d830bd23b18d77b1669ece038afe2522cf501198bff0e95
282245,000000000000000067a507a89dc63e265cf771d17060d0e159456f57862cc8a0,020000004f0f44e0596c300f188d00f14d2fd4c4978c54d787d3dd64000000000000000008378b2207ed65953d3fe953ca270c4818e52e4ceb251c0927b4c177bed94491a67de2522cf501194ee2c4c0
282195,0000000000000001c43f03d9423eee1799763645426f56ed9b4ed53412e2bf9a,02000000886aa0145a8b2ab7bd1ba3158689412e561de536e3b9416d0100000000000000f229c83a1991a6d30f3edebfb915fb9d46ac6f33da044e1a50518e6fa8245d505b19e2526666021934be0b80
281956,00000000000000000e9a1983d4c123335c5395a6a1323f9b2326a62c37e4ec96,02000000cf808c62397887a6d4c524b35277c7225bc1c8e6f9caf5970100000000000000010a2c4ade18270cff157ed8bb6151b65caa189894ad7f1aceacdb89d9e00b5d436ae05266660219e1ac6632
281860,00000000000000021a35587ecfb6c96117f5decbcf5927c819697f37fcb03f67,02000000d8a91a10aed9514b0db7895476dde7e2ca4742b79561f54000000000000000000a78df2887679e0cb44decb3d0f0b71a8eb9fd1fa9b8b71367b8146135acbd0523bbdf52666602191452f55a
281853,0000000000000000aedf86365de0d5ebc05191a1dfbdb226ec2e4314b91c9f53,020000007eadcbba74ce0b331abab3c4cc582721df41ca50657f6f53020000000000000013ecfb3e4157f1cc0e7c5056524f814b61db286f02cfb255dbc0e32f14c9946624b3df5266660219195ec16d
281849,0000000000000001bf7fb3fdddc6ebd6868be773694c67ee72eb80efc6d8620e,020000006c605c5a9834412fd461a9974c240232f0da90f75f0a6bf700000000000000006189b621ed54a173fbfcc473e7d1ce99b371989e763071ff7707a6e14a85c1c998acdf5266660219b1faa350
281801,0000000000000000a3148a8588903340bdad49e7e7c2d127c54389c252a05eeb,0200000079734f1d8ccf20d5fb42f564d6739d478987fcdd3d547beb01000000000000009d84f44295da0a23bd4379b2b52a228ea4e3b93f6cbd2016ced6691575c7f55fff5adf5266660219732a46a5
281748,00000000000000021908a1679e01b236211710226ae38ba2f17185f976cdd5d0,020000005830d8ac0ab12811dab9caa50d54a15ec665704acde9e800020000000000000065e6b99f89200bd10dbd2114b587c542f6c1647c922bbdb29a3581603a7735943705df5266660219185197d7
281729,0000000000000001e7f22d05c29df9eb3c58f32c573b28236c576021b8437304,020000004a921aa317a04ab0df8d603c1dcf6b7ee8e7248e9be3dc030200000000000000742f2b1e31416266c7f1755709fb2dd142986a46884b5e0a0d981c855b53d8956ae1de52666602199302ea13
281712,00000000000000014245a97e19599ba06affd1279915ee10189e4494609eb876,0200000039dbdb32d3e5ecebb7b3040af8b1efef27e2c8eed0397d8d000000000000000062678fcea3763cf6b8469ed6db0a309fba57db8182a028ce7eea910ba823f49e11b6de526666021909b6d7ef
281633,0000000000000000b614413beee558ba56835c230bb27bab951da5590e22cd37,02000000af27bb5616f42d596492f5d7a5344b8f04c8ca20c7528e3c0200000000000000f0881f6fed7f1f4c1a3b007d475a83a7507923a98807057df35408131abca2a88016de5266660219ee68b055
281626,000000000000000134ae6df18d6792dc72a06632d0d134b2fe9fdbacd1cb7619,02000000f2c2d6fa919491b293008a0ce3e11e60618f3e9181aff4bb01000000000000006bf77a978f33bc7d89a636796a4a71581efb44584c03dbc137660033db19a1b33d03de52666602198ef8b16c
281590,00000000000000023198e09f05e27b0441e1b29ed8e47544df37cd117688a0de,02000000d800fff1cf572d651627adf0aad96a40319d4b7d3b1b3d0200000000000000007cb44d6c3b4313a58b733b76fe00c5532cc91b8c280699d62330b4d7d25acd1ad5bfdd52666602196824d697
281582,000000000000000260aff98fb265e5d34d9500eae42e1385b928d24c5c66c10d,0200000062f8bd5b69b2b8d249f21ceaabe968df0cd65a7a3514406701000000000000004132f998c740c4bb104ab637c15eb1c942c53fbcf6a94063f7e362c5bc7e2987acaedd5266660219eebab98d
281577,00000000000000020e14f90c4036355e6f4e3da3706f1120f06f3f031317a398,0200000017362b655abfa7b018d117c57c3a238103d0a8878de1bd12020000000000000050224f6062a3e9a4e52be58a790c5161f697e0b5a24b5d989a88fa78156330f8e8a6dd5266660219cb0c4962
281532,00000000000000001b03aa9ae7ea1e978cbe43e75702ce44c33dcd7afb37bbc1,020000008ed00aa828a0333b21dd5dfbc834b0692ee7bd85d5e6934f0000000000000000bd56870d447fadb5de2707ff1dee085d765ae7ff095ad1d7f6d399ff713698565657dd526666021922f2a58e
281494,000000000000000147176b317384c324c4c2b3b1dc51898e8ab1697742708cf6,0200000056e8aaf4ef58d61c76091aef4b7ecb799a0ece27734d70040000000000000000bb1fde16190b9108a0363fdd139feefb1b155597cbad1d701c556a6d398822190420dd526666021977ce0010
281334,0000000000000001c76995c3416fdb3dcf5c9b85b0ff18f60eea9d3ccb3f59e1,020000001bbb6e73d9dc3add8d1c147f3afe170e481674393251d7730000000000000000c09032b4760ad5b9820fafc265bccbbef98354f59b526327d79b0c5fb87db84209ebdb526666021990e40454
281327,000000000000000042db9b447c99eba546c4c3c5aea32b4a31012d27ffb87311,02000000aad31cc3bf78c46b497ace837e1d817817488c26c1f5492101000000000000009c8825a2f76c2f1f0bb2bafe7dd42b60d8ebd5788e4ad606ea13cea8393b4f5929e3db5266660219fd6e36a9
281027,00000000000000013914736a511146c96a595d2d5c0813ea2757ef6356ecefba,02000000633abfdc3cdd194f9007d06f8ae888998e1d719edb6b978901000000000000002f1f37ecc9784315083290a23e14cd24e3aa1ba34c86367613eb523f5e2e7d0b02a0d952666602190154c2e6
280982,0000000000000001636ba629856494e1f36cfa826f80888b1fdeb535bae7b534,020000001d9caa0859c8142184c98e1891e29c8c165fa3e0df3146d801000000000000000ead54954c4ea7ffe957138205fadda5b50df7b26d289d5e98e1e644128f7c43742bd9526666021955432cd7
280959,00000000000000000aef777b65b5d32301c914e7d9f2c4cf1f7366e1eb217124,02000000aec568af63abc22b74dd7692943c638e356598ab09c7f0cd0000000000000000d31c63fdf51dc64dfdce2c8dd5383cc6fd725e15b6365f69ab39252b605244b17bedd85266660219a394e220
280856,000000000000000194c8b3b6f9fe2840e5f6f391a3706adf18f97549da866c55,02000000b36f5f709d32e43740d4ad65df5f3dced110eb87819862320100000000000000eda16689604d43d7907d3489887970510b2280e3b4a1b665d840a23567bebca04f1dd85266660219def6c378
280567,0000000000000000cb14aa4c3fdd204790e56a9a5d8c7ba3fc84a4fa945fcceb,02000000c5a143732c9c5f2ca28311d72d6b84730d9deb6888248ea001000000000000002265d2e5387054c03115e5375ca09713d144945db650226d6c659e2a44a27d8d042cd65266660219b02cabd4
280562,0000000000000001274c36f80da51ca016c44c368368fb5129e94e6fbb21e1e3,02000000d41d8582aba89a0839e86a8565b7be6cc42a25d439c746f7000000000000000061b85c166428e58345cd0415c08d9a26f5e8055415a877b0efb7331f547ef0eeff20d652666602198f7fba23
280382,0000000000000001564bfb5643b28db7050d2f06e801e5632940f91356d9714f,02000000e6b5dca30281b9344badf0c70ee1fc2059f7d294162e5ff30100000000000000b98c44c8928e139625b36cda68317b6cd1d27d758dfdea29b077703d7b214ee7919ed4526666021970b2f6ef
280312,00000000000000017d6e313a21057fb26490db92f2be07e1c21709303555adbb,02000000d7d4319899091b57bf4772948d23e73643738b5e24e232a000000000000000000b5c8f407091d0610ddffd94175f05011bb9bc13e40412aefd47604907e115ccf50ed452666602195c4ff1eb
280293,0000000000000001f223bf943387b23d907fa538f06537ba65f34b08aac74818,0200000088213a7d7047d3261b3a03409b653bdf20c9e86eaa4532b90000000000000000ad465df8b290a2e9ca81a64392f26417b79b75201adb01c4e258c94a11c61789d7e9d352666602198ad90c9e
280248,00000000000000002230556507ef64f7075fe7a404198ee5af570349be45f7d8,020000008d3e80d8dba3bd1352c4ef240d21b6c3b5664ebe7d5c519e01000000000000002d674ed08f4da50134b0e9f85a66064784ac48e588ce8c340a8576c64b31dd7e228ed35266660219c21aff47
280096,0000000000000002d63a917734df2f299a236cd7e9b40353aec150920ba9688e,020000003e97eff2721e10f5e8187e6e2547e406917358da5c4abd5f0200000000000000388ec953ed898c84f5a393b81fb473172b6efcdac08e3911cc2450cc7ed0500bbb9fd2521f07031920265be9
280012,00000000000000002299e21538b221248f62cc3565b6616043241dca752d127c,0200000005296282ce99fbe76d459ad4576b840e0b977e6076aae66d0000000000000000611697d1e78afa2b15295ee41944dd6782c9da688146466c96af622f34e3fcb37102d2521f07031905462d5e
279764,00000000000000020526ed2b2d9158a61fd508bf35be3cbff87f2f444973ab14,02000000609f57779da173ce8777fac53d5b2eda95ab390c1a22af7a000000000000000082e4c31f16b0567ea71361575afe9642f432e3ce7b79dd07118f0333a4cdd56e206ad0521f070319fbc2733d
279488,00000000000000002b76173479ae9d08fc1b12443e72d5297c6c9d7e5ce1b028,0200000035dc4013c3814ac03475669ea87121b3049f79fb52e039b40200000000000000cd916aab135d36c9670788197304267994a3169b7702cdef40a6d4c0bda4fd87cd99ce521f07031952a98d3c
279405,00000000000000016002b6e7b33d44c33417639f166af0d549b0ea6c80601e11,
279351,0000000000000000d8c8fc859fe75a10fc8579f9da62c866bee87d9e1e740e78,0200000059482d0e151efe471278eb46095311377e5203c823d002070100000000000000344434ef6e719f0e6fff01666f565dcbe9088f064ed7a79f121df95626d4e8268c9dcd521f070319237d8800
279292,000000000000000166da3d744e3f26047808712a98158e3b17e2ddd350f5084d,0200000046fa82d3aa2a9a1b1e7465814deb5063bda2924a2872704c010000000000000067095eb73b7d2fef249e033131ec15d82f5e19493a0867b1aeb7d1ae257fed17bd36cd521f0703192e3b7a24
279133,0000000000000000083d5bd9813ec4610e435f61ffa56bf6648f7dea85a29ea4,02000000518d82bcd16cc4eb693105020204adafc62870001a9c9be60100000000000000df2544ca878be3933ebc33ca80f15141cb544d9afa75a096ce89aac60ebca800d021cc521f0703199193aa35
279058,0000000000000000fd4efab6f3acf052f78722c848cc9e63a39f09938c7c7438,02000000599e523b8761818ae33529e0f9cb203ba4a3d0171b750bd30100000000000000cbffcec694694d407f111b3c82adb2f7f9793b76dc95df23d0e6d472f526296c5987cb521f070319c34b36e8
279049,000000000000000115cc230c4303c6cb3b41576c73fa43773c754799d9bd3236,0200000053a7e642894d87cbbd8428878cf7b26d93ffbcd2e8f5b64402000000000000002d2d1181be8f9269cac3febf1185beffca03c3a378d245d25198eb6d4b6104d07b76cb521f070319d613a2b8
279023,00000000000000017ea82db706dac473234512c3f585c58d8f58c87fb425887e,0200000025170698f590572bb5aba155adcd469f772cf040de65bf800100000000000000bda98dbc2936b577eef7a17bf1d9b1bb1ae42b89ca8f0a7e108913c0d0e0fceb244ecb521f070319d4b74e18
279015,0000000000000000c7a2966df511ce7de19c5e7ba1575c63f4905cce4f4f2cdc,0200000081f52c77c3a92bbf8b1f7395c80e495a598f1b81cc9ee2f201000000000000004f8cf3a1d49685e9508dd4ba990941f82c9d1e0bec3e82ca1fd43f6abb6d7087773dcb521f070319358cb9c5
279013,000000000000000032c8e3dcc237aa00827f08bbad857d3fce58acf446c387c1,02000000bb84c3d6b4ef3690f11b683dfc70f1fde3a5be135c14b11d000000000000000088cdabb441a93457e394c558605f02dcf41c218f1a013d1812d903b85522e245113ccb521f070319514a11ac
278905,00000000000000023e34384836b313da6874a90bee8763d74cb10941f98935dc,0200000053c3cfbea24911ecdf5d60f2ac3f45ca82ea919200b04eb70200000000000000ec329b904869296dca46c4b9f93e88024a99d401682ba0b025e26fad1c4016e3b77aca521f070319fc67fc08
278868,000000000000000275dc48f207141eb95b9009a2988fa234de3e70619c7a9601,020000005b50504b1454bbb83d8f625c74b30f5fd4e31dba9a1dd65d02000000000000003e74647c8c51b719812086851e8dca2364cc85c402d7d1981873bdcd4edf371e212cca521f070319003a9c9e
278777,00000000000000016694cd3b30c5a18a3f39c5b9da100fddf807c50b8b86f342,020000005daaf2dcf98c6c1ac5a25990e52a1b5e2d6ccb2902b0df64020000000000000049492acaf92c4d8603a5483140f3e9191c2bd8b60dcfb61295593eb71831f3ad2a90c9521f070319fa02db57
278728,0000000000000000bdd8c1143780f52acc118385aa304813188f0a500bf11454,02000000342dcfee5f3caf704b4e0a71df158d55e9bfb433e59f323a0000000000000000d91d73b65253817a29979047769f338ad6067aaa13f6735e58b656d60ee3cd6f3f39c9521f07031951b14f6a
278662,00000000000000020d1683eece6fb20ad47448f8945938c8a762a72bdc7465c1,02000000a78bc1e16af2d9c2e9148321b0c3633afaa1d686e8e1c9c5000000000000000098a996652a2bd669b56440e9cd28c54068a267e8d4a3e94be6036003ee558b248fccc8521f070319216c8ad5
278608,0000000000000000745842f78b135f67518a3beeaccb3b88493abd53d97fde31,02000000c03c69006741f3963f5ef47d6463b6c9cfca311532d66f2c0100000000000000ed8f5ec38a9eb35de03fe572954e57b05e57d60a9561effe317a8e10888ab1cbed4ec8521f070319384816d8
278484,00000000000000023822a955fbaac71efafb166b579848ba7bc8da39efa0dfa4,020000008c38096dd2a4745364d3df43e19f358ef6d2734fbbc6d85102000000000000009392a62550ca73d0a995ca86df9150fd19a91f31d860a91900ee1612214922718b28c7521f070319998c2aea
278359,00000000000000014ca076a20ddf4d03c891e9e423964fb8e8894a77850a9c34,0200000049572ccaffbd13891351a303d48d8ec42b1359f76d19cebd0200000000000000b5b8f8a7bd597866a7bb0958729ef2b9adc5db6877b5462d30ce29fd887033c0c341c6521f0703198cf8c517
278319,00000000000000022bdc0026fd39dd8af3c58302b8bc24f811a4e6e786137786,02000000b9ddd30b5ee27c446ec9b0b4b5b4cae7f589cd0f207a3c23010000000000000018a6a7749df2378aa619b6074e17ef94678e89657d9fef34a902977759a6d6bbf7e6c5521f070319a3a38a94
278210,00000000000000013f2a9859b31f1102f57189272c9c7f65c91a73f3d6494f0d,0200000091fc589b3253156d71bf5f41dc379ebef55940215b014f60000000000000000062a8465936f17101a0db8e411e8d534464b7451e23380d7df70dc4146ee8c8f504bec4521f07031981df6021
278098,0000000000000002c818efac6756d2b988d21b4f37934014b2ab9a7706dff543,02000000da451d1934fc81f274c2c840e272c00177e1d4be7cf2e28e0100000000000000db9cc655105226494f0ac6448247bc372a3e199f6d9e5c5b41bc1022987a150261f8c3520ca303192ab78de3
277935,00000000000000015c2d14ac5b974d305d05ebaeae259d6d3bc227046938805a,02000000cc8440e1a3ba230609dae41cf6a692ffc0cb1dc4b8a8ec4c020000000000000015c3eb2ebf2aeeaefd398739e90f2789eb4af76284d694aa3a3c3eb564b8693865e6c2520ca30319e1200ef4
277712,00000000000000033cb2a1173ec63df6b57b73695154e18be9b84a98efeb521b,020000003693e24d8ee9b85548a34f27627b11a7a61e788dc62df95b0200000000000000237c4412f92af8bb192632e85ec025c5897a38cc994ee9815cc9cf7ccd1a3c364643c1520ca3031998fff65b
277680,00000000000000009d896871ff52d5a2dd54a9828900e708e8b78708ad175236,02000000655467865731b3f8669f81bb7603f8cd6d5b2514239bca33010000000000000009544aed8445564cdc83f8102975feeac7f0b61ef2204e77cbe528677727b64b961ac1520ca303194735d151
277595,000000000000000370f501bad48cdfb6a6713b9d51f692c5dbc90039a9d278e5,020000000abe96f43726db26c21ad340a256b533d7f4485a1f459d0c0100000000000000d43ba4b27e9a1613233be30b90bbdacefea0d516466502f10733a2695c915333d56ec0520ca303199b45ef4c
277548,0000000000000002d669e5a37defb89f48e2c2f93f8761f09f060914a65ce3a8,02000000034b89792e4a6870239f44ea14267d747090147e7d3bc27e0100000000000000fab25448de291d389e7e4824888f6a42d9073d0e18669de5b76f7888dba1c49d2312c0520ca30319eac04b9d
277447,0000000000000001f5c894a980621497d67b686ec93ab95da683ecab98975d40,02000000c517069286ce30f7790ca48af6a9fefed2382a86242815c80000000000000000f65238b049b06409ce1013612ca0fd16d34aea7c5cfed8af9f662387a79536c6c830bf520ca3031975d03259
277373,000000000000000122bd83ab0188a3111b2cf0fa2d88b8faf0dbae9f52a66234,02000000dbb840c5feb364f6854fd74ee6a66d88f1ef91990796212d03000000000000003443d31a392b6457241f2b6a94f6f5ba135204e6b9ee00b440498fb7a80756bb068abe520ca30319d39baecf
277312,000000000000000156eccd9b092b06f56b5163bde9c6655a32956268cfdedc84,02000000d95cf1aef69c8bcce1488331547409b3028e2e7dae4ec795020000000000000027184d18499b0c0295a018f313e753d05812d617f32807b8972beb59d77ce59aba00be520ca30319caec754f
277197,00000000000000030fdfd60f4a6062ef48e618795830c775602e6fc8ab663747,0200000068defefa2caa0acc66743ad198f03c693043e1a29495612e030000000000000075fb19996518841916a02197c74302fb84ab6fe95f24733e3f4cdf872ad0143e0132bd520ca30319af815d6e
277080,0000000000000002a056bd5988c20c25e8b7667e9120efdcd6289cb81dc0d73f,02000000394e2216a5f91df3c384aca0ad6e8b42e00d8d93939986970100000000000000b540f6bd1c328dcaf441df00579be3a2eaea61430025da33f7633a4983458596575bbc520ca303196f8c8fe4
276821,0000000000000003707bbfed5173b020fbab4970ea98b79d788bfc0c6bd428d2,02000000601ebd15a6db9001f870e196a313f9592bb49ab2c6ad56f30100000000000000d126928be4a77da3d3d9277f1cf4aac64ecf01818f97fc0c5cf80e4070e5bc5ce857ba520ca303199aaf92ec
276586,000000000000000269a6700a3c493a5902de72ac21877d25c26bdf759d860fc5,0200000031ed58c6cc1fd83a7b8358afbd7965b21f5d432a7bdbc7390300000000000000610ddb414682babd2f04ee4ac5a0827ed5cd10a7c05e1db5be189cfbd6412fa63f85b8520ca3031900ec1984
276531,00000000000000001cdfec0127505bc3523abc2e542f919df042ccdfb64a56d2,02000000c1941f505722138646e2e2ce1f4d162fe412f8bb7c3ab242020000000000000010d2ba5368bf21fa6591340c8248712a813bdd2f63099c81c8b9b0ea2809bcbaec12b8520ca30319ea9e9505
276454,000000000000000090313da869afb40b7a55804ff9389c4e14f4ad07ea982215,
276376,000000000000000189494d6857cd8fd5230815af289cdcea06de198c8e9d82b2,020000002e7a1b54cc4be605cd96748666a396fc1ea6c1361c89d1480300000000000000301a0c5a001c44dae8935ee660b40492c0ae4747050156f7b2f9b83d7b25c0eec5d5b6520ca3031907f575a3
276280,000000000000000298e40dae5458a2ef3c22d1cfadb9474ebd7fc5906baab52a,02000000d877bcc30b0826c59555ad50ecc2be131267f61428d6b92e0200000000000000ca2dcafd40fc2cece72d7feddd41b81a7956cac12733b38132d0a8b1670c3638321eb6520ca30319adb3c20c
276145,00000000000000013ad1fedd7334631c35c326b23d0d1b2c47ffbef540a16f9d,
276072,00000000000000021fad4656efe13756e233548a1c3b99303f6cc807b086e8b0,02000000fe8e745ca47896d73af1b4ebabd51b2d2dbe34406d0020450000000000000000cb33d7c13c03fab0492b83c471f8eb10ee328d6a9e598a341a1d4e54fd74fa6a0163b4526eba04192afeaa69
276056,0000000000000000545bc862d58b9728f5b3a95074b76b11f49a1a8169212484,0200000055b4bddb3d0ee2f11ddbdc3e95b3b871ba70a2b4b08232dd00000000000000004f496ed52cbf12bca798bd722c5b7c3f14ccb56ef9899ed1c3855d69eee02439a142b4526eba0419e2ee2d98
275792,000000000000000396f69620b9f73f4cb1ec894947d282f66d57cd816e799828,02000000741ba37bfc7c7c96cb95b10d212954397460650b74f0d90f030000000000000093681fc04cf99ad7097ba9f0a1d15e86b9e8652cf07089940c2faced00d4733bb090b2526eba04197694f179
275686,00000000000000031fade751b2fa97f3a1bb9188752caafa48d28a3a30462005,0200000013240957b78d1655d52fddfa8299a9b4cc3e62555cc38e6a04000000000000002146ad9c9122b785020a5805acf73e42c8d40c82b4d6c7b4e607ff51be81a86212f9b1526eba04199728a7e4
275684,000000000000000203a44d84c90d2f1e31b10d03fa1493d3f42c53ce219835a9,02000000e4fba9aa63cf743a4bc9b619a8a048519de5af9199b4f4690000000000000000284c6b7429df2c6398bda01e5ac2c26513a20248b5f5078c51a9a00d7cfa3546e2f6b1526eba041941715cd9
275361,0000000000000000fb6ed9f83d8a329c22cf1d50471c7120a05bd436b212dccc,02000000ef0562d1242fbd1373579a96819ab6ebd0c45df5b64eadca020000000000000074de64fac6c3fea4b7897cbfcded617132791e117ceeeb7be8f08f26f613e54f94d8af526eba0419e3a9e975
275282,000000000000000057d3bbf9c517f733781a6d042c05b04a1b72c71a61b3720c,02000000185569ef6f922c633499042482cb096f853427693cba135a04000000000000005c374370f2f7fec13c80861ab988e46fc689d9482435b7abf501de32d6fdf6e3d754af526eba04190aaef96f
275275,0000000000000004b0f090d8de99d3e3ddb0624aca2a8d729d347fc669fa2b29,02000000478d3d2b501aa5056f0eb7c1ead543e1b76e55f01d95165f0200000000000000863b6b08b6ae08f39ca286ed87f293663d8d92864e7718f916f85b17b6a49065e64aaf526eba0419453fba85
275268,00000000000000046e0571e0f05aa7be6d5d4943e968cce6e820fe56cc216186,020000005cbc0938e1d5477b4be5f744a7df18f6e95f577902af7e140000000000000000ef1f8366b2d7de24aa892d9724adabb9f4d89b8d36d85c1d9578e34784f073c84f42af526eba0419e95ad9ad
275258,00000000000000015f159260243536e805832a78df3b0c45cf455b6b455c90af,02000000cdb3562ba289119a953bc61492a5f415b31ebbf317e7f47f02000000000000004d104e0e524d7821957d154bfbc0818f878d5132eef58aac553d45948f300b7c7d33af526eba041967453d8a
275216,00000000000000039c110c297fad407c516f2808c951413a6ac549ed25a25a6e,02000000089652924376702c0dbddb5188d88e75013c9627479c948e020000000000000035856e298505550b4d0ffecda7ad31c3ca883b322204f3e68340075999dc70f44decae526eba04195c1227b4
275118,00000000000000044b6735c8894b5655154e4e3ceacd3c8af7075ba65b94ab2b,02000000276166ee3d71dbe91c9841f46771ad9713b594ea4f335e05000000000000000093f123d8cd25e2934c017fbfb0f487ebdb26b597371c546968855b8b9bf44aa6cf42ae526eba04198c8919f9
275020,00000000000000016c566cdd3e3a3bf4632ff23264df3d3c915921d4cd67bd02,0200000094313b7de3541640e7f77e3b97867e5a1d380e6c61a2efd9020000000000000073179b8648319e20f6090000d661f82b4163860bf4a7af6fabc9026105cd5be84e8dad526eba04192d170576
274902,0000000000000001121276d443d442d2764dd458e38132bfc186be405b5ac05e,02000000b715fdffd9ca041b2cd18ce03e22d41ba5ac52e3efeb263a040000000000000033e472191126e4788931ae971d16fe663d0fb1a4679f9c1c392c169ad2850bf3cea7ac526eba04190b865f11
274825,00000000000000006298eb753578957a0a4020a10036a9f11d28318abec61795,02000000aa5c8c50a092cd3c6162f6f86102e94aee486627a8fd84ff00000000000000007d12a519fcca5f5fab185044e430e28b07963ecaaa53c876bf19c5e713adca36193aac526eba04194eec4930
274761,00000000000000031815c456d7d5cec5b85e0f95ca02f397008df611610a42f1,02000000bf6238ddae415880262b0722f0a0828d75527fe8e1e4648a0000000000000000781c53b89af8c583c090aaf6fd7f8403289d4851648abaeff2c778f6468ed6f0e6c7ab526eba0419bb065b6a
274744,0000000000000004a555c0a9649c6ba036dc2cb3b4009cfa3f2acf42a2f48d0c,02000000282642def1772824d6a0ec8e6a56ca63cbe2698e47aad3780200000000000000a093b50c3a522477fb904d99ebfc5dbe825c76da2e29c2bc0c862402854ad64a82a1ab526eba04199757805e
274731,0000000000000000c4ce5fb205d93c51035e7b49be6ffe194364c8f8a625bbef,02000000df72df0250d532ceffd51ba8d9223daa737a364a6544234b020000000000000035a80425674647795992d16280cac0e3c0c74b645f6b71b7938782acdc042d24168eab526eba0419cd3942e0
274706,000000000000000184beced8e1f69bce59fe0605b9334eb14c600d34c8c8d81f,02000000b95d7caf17881701d9aab73c544c200393ff1ee33c69cf290000000000000000ad49f7d63e1a4009f9ab9f7a032ea1e80512dd94596af5cf2b63326f7ea034f3c75cab526eba04199b8b4d9a
274671,000000000000000082e171d0e55a49ac659db08b2147d2f721e31f971c351e50,020000008eb0d4747bc03b7968de488b8a8448f71a32555477d2f53d0100000000000000c6edb1a7f0f8953ded8723821089ebf5c2ae03e6265d8672a9d0a5b1ab8782c9360bab526eba04199de1e215
274629,0000000000000004616180d0c0d10b2164fa3e4f8120282a2c1a7b7933a1bf88,020000008902ea3bae1db93c044cd24fc2591ee6657e28e3449149df03000000000000009d73b5ad4ec7d1d4c658a8d2e0873a28b6f7357baf7ff63f9555c71c658295d312baaa526eba0419ee529521
274626,000000000000000188bed36ce2520876f64a495c5c6900ac675e18db32a70462,02000000b6730247738c3a0f6724f6c08a7f3ae468504c91016a0a9e0200000000000000a19a51a1c174bdba3a35622e751121a9a267accea413c05eb4099e98c17e73bf0eb2aa526eba0419ed1588a1
274539,00000000000000010667d009e430c8ecd250a3fe177d5c47dd84b13514a97632,02000000720600884941d228f946ada73b7ce84c47ad6ae39ff857950000000000000000c8f894d0abab45cab8afdc1400a389c99570f3fbe672cb02bbb24c492a245c9bc80caa526eba04195ae4adec
274530,00000000000000049249f41427d47a03ebaf7040dd07e4e29bf676f9f921884b,02000000d55d934db264019024ddb413a368137b5e5b13fd237902e00200000000000000aa51bf7ac3d2b3ea0df46ea716e8a20190911fb165a6b19dbc6c5c484ac8d2ef86f7a9526eba0419e98389af
274398,0000000000000003c74502583a2264834bd1f6cc617b9e9bc5da09e6305674fc,020000008bb3400264d9f21d0ec66808e26afaedf3efe293344a90f8030000000000000008b4ec60a335cd50d3350de234dfed0431bbb57df1e3f1a4d2484d9b0b6c6c0e7aeea8526eba0419761a7bbf
274321,0000000000000002b20ca7ff612411b9f8955895075316e3e391d7b5fa19e282,0200000099260c6df4b355c0a86ea0ed67bc4086793d0aefff6ddb77020000000000000070c666f868b69f94684dd3c9a9759e4142be1df5177961096a4f4f1ae22682e83b57a8526eba041963378528
274147,000000000000000273043f0ff5a0a68ccb5002bbede2a8e97d897cfffe16e4f3,020000000df91289f20676455795155f86a529b4b00630276f3d76d70100000000000000d2884c578dbbbd22e541c9def1ed54bd1511fecb4f85799584afbe7083152032bfe4a652421206194577bcbe
274132,00000000000000048b46354acff48e51efb6aa6a511affee937dc0e0991c9e53,02000000d3c5d1b1d7d0aade6d77b2c75355e579e3e2ac3240d99115040000000000000015dbc5414974b4395212acdeb14cffb0ac0cab2a5191cb3230a5951ab622e248fed0a6524212061942c9854a
274080,0000000000000004c4c3b9b0eb09bcd72814b145716eaea3159309e4048519eb,02000000197efac91f045ce1dddf317177ef7dcea1fa9e9c545d77380100000000000000fe8c9a889d90660aef1d43558f254e1f429e8cd1e54af5aaca5c24f9e69310d03786a6524212061966001ffd
274018,0000000000000003fd49323a7f3abfd5ecd6cff7a7bb7426750921ae2efb1715,02000000ee0fa731bf5bb607e72b25ef9ebb7d00ae4981a2a107093f040000000000000000b3073b4abc9d1f0f69f984564e64c661deca64552d32872f85e966c80d92840d1fa6524212061966a902ca
273964,000000000000000442d9a58b00b324756f28a289c8e5ffd89d4ac20506c6e2b1,02000000ca1752aeef7f2c26c66ac5422ea63abf730e32a04f556c4b0300000000000000560ddfa1f4fb2f011ec7087262eddf4d8a0f2e4970315eaac9dd585db8e565f25baba552421206190ec58b3b
273962,0000000000000002e6c42e1097abadd8476d8cef4968b4b32724f2e82098e7dd,02000000b88f64e021779f3e81e46bbbeda026f59a7c9ba8ed2ad890040000000000000073ab51a53571dbef7e7965570c2af6b08bba497446899846c4467e204739b3b07faca5524212061945a24896
273951,0000000000000004a6c8b95fa2dbac97956f5971a83a3a38021ea82c20c0e594,02000000dac8dafb8809596eaff681cf1eefd80919195089007997ab010000000000000026ae6cb8f0924686046ae3eb93016f52a435a823ece79065e7428c8b38d1dfbaa192a55242120619ff3a653d
273747,00000000000000015560103638972ca250b7823ca3f408e6f27c5032da4c5144,020000004e79a7e8803469306e6530df258a472c164b89b276aeeba6020000000000000049011690acd4c4007190f90e179392ef437f9d3fbc4d6cd404b9bf1420be734f9454a4524212061989a5a166
273705,0000000000000001aba4104dbbdb66e36ecefff99b1f0efa32d0d5a157ac6bfa,0200000068d37280b74ec8ba066854b68745fd623a2282c92887a7990000000000000000202a2dcb836b6b7436ddf6306fffe99cdee8a072c39602f821e172572147a3ebd5e7a35242120619fb6e1be5
273676,000000000000000364612ef13338dbf1e8a63d8d00fc3a4c2d46fbe11eb32dad,020000008eecf6a115a510f3ccdeca952aa28e34e50a5e6629449330000000000000000016dce87320c1fd94c568a04dec789cf1829df197853d564ea43d8a82a1513d2171b3a3524212061912e1b0e6
273425,00000000000000025caa39570282f15bd9be8fbeeb8369b7ef80751dbc21c2dc,02000000b25ac54ab87cd06d8246c85100226287647eb6b4039503e50500000000000000a0e002c9b706ff8ab24ccf89a677d24cf4e9650e82f742b773949448aeb4a2444afca15242120619c9588aed
273396,00000000000000002088bec97c46d336ae1296833a2b90b8f3e76aad6f158d03,02000000e870c6f3cd412b9ed9e1a3c23deb01306ed5cad31fb1b23e0400000000000000a49dbcda7da148b41b87776d7a7a0b040af8253d1b99434d181bc6aec881d04e04dba15242120619abf23058
273304,000000000000000144856df3690710cd1434d8ee618de3d13ec48ada6d654738,02000000d7bb6aa50df4f609d33cdb36d27948977378f21387ea32470000000000000000d053e2338ba3c5f75c643573a0c4d38b86961cf0c04878640caa4478345b7ced5a4aa152421206192e3b1a9b
273247,0000000000000003c1be9ab78c4284925b18c75d80bcd740796ca41ff7c565fb,0200000000e2788c56b6e055298b848df6627be59abbc674e7061c0c0600000000000000d1e7600f94256e8f0f789c4db4b3b2611068bb95de3565ba1891927216b530c733d1a05242120619875b8458
273156,00000000000000012596d17e43e08b368ddd09a5613e49024590f8da5d532dd0,020000006b60d0394352f6b7e8f24cc7a7848453536d809c67c8473a010000000000000030df01398a819d29fe66d477184f6e8cb5e3927f4f6c15ef8a36bd248d18c4d32933a0524212061959294b5b
273147,0000000000000000980f549bd9a592d0aca2ed6d4b97ebfea6b5468f754c70ef,0200000072732cb6a7193ff8b5acf140cd8cdf940680660ded343e650400000000000000d5ad469ba44957ab99bbd467e683f25ef8123d31add5685dcb88eace57881b95a413a052421206190690e601
272938,0000000000000003d166ab614a7b160354e8f87437a2a3aa573ffd60c52f5ef8,0200000052957d21008a4ad5ed6073639ea64669eaa96c4539d3da5505000000000000009ccc35f9e90d8bd91f5550da08f93858ed66904fc365eaa7f36f7d24a7b058ba13769e524212061953f5e821
272936,000000000000000033571c0d48742ec2adb834422bdfc17137819f085bec3f2b,0200000037cadac345defffe5b434e37ce9126e139c690b15842e901020000000000000007145b295bed4d3d1e7351b3113f6f6b9d357d03ab8782b6241840d746ca56216b749e52421206191388191d
272806,0000000000000005c143cd7084fa8fa9b564a7485372e464c3b3712348372763,02000000b2b66d3854303164e1a432325752f107498dbaaf6cf509a30300000000000000d669d48ee8ee125924ba563b5ec8694e3d7e4e168c2b6b9ce7024700b48e89496a989d524212061996f9ff21
272773,000000000000000284e5f86435b42cfa24b2003cd7448bd08bc734e2aa1f944e,02000000706857d6e01a0e557a37d09d7596c7e6e46a9557c41978ea0400000000000000de84a1fad775102982897ac927803048b5ca378fcc24c92c84b0fdce40d6b7b9e3669d5242120619adcb7680
272728,0000000000000002912dd20b0b43880aa99c783d00ae7f22586e3e7dfa08cb08,02000000646448f24c9fe733e65ce1e262b5fea216b9b7ffeeea3bfa0100000000000000547b35fbb2bd6dad812738f9d150529621ff57897e8664031c3cfe314acbe2eb6e159d52421206198480d52d
272723,000000000000000117b0d7dea9833999c8380f93dd792a803086cf43f9e75e37,02000000282bf0322c3319817b0ef8d95c1ac91030fe4cc3d78c10ce0100000000000000ed5b570d55aaec24c10850265731781042a893f0d3fbb2f3f40d5aa1112f6f668e0c9d5242120619a7ab5de3
272678,00000000000000043cd050725a834fb2261e7e0aed26bd0279c2d70c1cf7f967,02000000018d49bc624ba31d9f344ae360767205b1c8bf8822e1863a050000000000000012f5be073e4c8325ddb27be586ec69bce26d24be13d6697a624843ae23bb3ae3b49c9c524212061982e15b03
272659,0000000000000003d420d80e6ec7c0ad9057215ff1a1d68339d999552f1df81e,020000002bbb741f15408bdce481c2a72a83e0b21020e964d07dc4c403000000000000002ed5043c1ec513299dbd07b5bbfc2b0a795b4b4d761f915a6de34117144fe10615739c5242120619b53eb7ac
272623,0000000000000005eba5e6d3c173060d134b90d5937107f12ec925907dc4a38e,02000000d6c37b95fc49531bd879c7643632d4cff8b74837fc4e2b230000000000000000215ea496ff07ce3d420678073352cc9d50be011256300f0dad27441ccbead2275c369c524212061904f8dfb2
272530,0000000000000002460b7f45ed31fe807bda307640e144feecb72cf3c331ddf6,0200000033759fab5589dfe5b01207dd9af754803b23be8ff4a18fe00300000000000000e62de7808330dd6182a27446f7d7843de84ff5e53b6c59c7def02a919ddf67e01e7e9b5242120619f3898dd9
272426,0000000000000004f4720a1463a419e310c72745c9733df8ecd728c4075c2399,0200000090d9fd78a128637b1b6b2ad2f475bb1c0f7d63a57eb74ce7000000000000000047e67df90c72510ee12379117c3b8396f281ee3cc45c65c19cec18b60f7bca8118c59a5242120619bf0df329
272412,00000000000000037975a3ca09a7e126ca99b59539c0116e50b15c027ba50c8b,02000000717d11c8a3cbd89dabafb51df7c33c8b65ff724ed3ab12840200000000000000c1f4d37bfd5f3911e366bd56dfb355f7586d23c5928d519035c7ae414372259386ad9a5242120619f3a9d812
272250,000000000000000293a4633afc7c20053440e8c6f7be69b336efc15ebdb7f97a,0200000044e8d6a45dc62387755eaf5116c5041f57a9514856f70d6101000000000000009ec39d323bc12e86859c9fdf88e764f76ea29bed50342346ce21b1b67b47b0f74e96995242120619770a5065
272248,000000000000000491ff9f3cdc5e5a771aa1a9fbbb133315444dc1a9f25c242f,
272232,000000000000000014f48cbe5a9448bacc0d32ed64eab9f60691a9214556becf,02000000cd17ca6bcf2d2e962b9082befa5536c22ca6bf6c0ea9153f000000000000000013bacbec44426a47d40cf86e21c0c497c674863b790297aa535fe0b5bc76bde56774995242120619a13058c8
272189,0000000000000000330d63457ce2b78fed3ac6acb5ef76bcb1b459484fba26ba,02000000b46ed655e7d0dc0926f578516572e465905013f99705b7d004000000000000007e3be3cf5fa53403ccd9b3cc5eab620a6fa955bd263064e808364471426c749c360a9952421206199bb27dd2
272157,0000000000000001e9b264dffb36981be5d1039b6ddfe21f951615d5bed524f0,02000000a4a6b668b5f765a396a5ee6d6004b57f5e11aec9cc488c570000000000000000a60849c978c68b671c24de4059ee9e4186848b0e8ab2d44a4daf8ad3ea7cd73c22bb9852fb0b07192ed97a62
272152,0000000000000006bf76eb9b805db66da01eed039603a496bad084b28d55c1ea,02000000e6a96b10ea163a64e0c44600a87c99067cf3da247a5a821103000000000000002345a6674dcea4c7cea494d40ab3d2796a1d13ac00a2169c0b17b6bd2232ac63deb29852fb0b07198169fa52
272067,0000000000000003c19714b5f3dea066b2369a2afafe55a0ce3c540bfb0a63fc,02000000e243a8b00d258ef183934842049198548d07073d43990cb903000000000000005f17601ff333789eeeed2abdf9146b2046c5fa2157066abe1fb22d2499ac6a10801c9852fb0b0719ba478e7a
271998,0000000000000005754aba43d4d22ccaf28850baf401dbd31ed7cb240c5dad23,0200000041187e76240700f745363ecba597d9cf593147695a1303ce0500000000000000133a4e9ec6e30c201d8cdf25e218e6bea8838264a04a11b3ea3f34bc0d0625cf039d9752fb0b07195e81878b
271973,0000000000000003c92741b7b1a0d16ccf1744af765b5befd51a22e59ad50812,02000000f88d4466a142ee80b50c05bff5e47950b64db878aacd5c8703000000000000005aab7a8fcabebfa9ab5e0726adb721b9582efb04b13980be4393cc8b0bb7914ccd6c9752fb0b0719a2b20d93
271936,0000000000000005b4055f9ad7a6ef98b5be8926c019da642021ceb16b85a14e,02000000f0ac0930b9c131b81cbf5d9ba97a0b26b9150c75aa15c53c02000000000000001c27e849e3cbf5ba317cda7710676019c6e475e14e247a44fa282331d16de67f152d9752fb0b0719c7115486
271842,00000000000000031e815b8ec9296d43c26233d39e8f6202a8b0257ecebd45fe,
271829,000000000000000046e035d33e39a1fbd357d06b000c0d16ac966d3700865fd7,0200000010a2e0fcfb3cee2eeb3557da7e89320fafd097cb8f74713003000000000000004f78ced9980265284327e9ca705d12adf644cf5a62d2e14822738a120a522ae4056a9652fb0b0719f8a6eb60
271798,00000000000000007aa5ea030c8dbd24ef4240d5d3d3750cf8205a9be02f0187,
271665,000000000000000648f10ea7d68a4a984d6335907c44114e84b34f4603353d6d,020000003b1ba3aab1b6f0e96322b7a2cafea609b457538bfa79e06102000000000000003921d17a0b3dde1ba3d9beeb43586832c29c249697d7bca9b4069873ca1119cd8f129552fb0b071952a92bfa
271609,00000000000000007faaf6ec579e676b6217e00f916943e489ceaefe9acb382a,
271564,000000000000000317dd2226e1a9ff39992052b15233221f28f52bc4202288aa,
271433,00000000000000057bd037e1643a5cdfa0cecc6c906da76139f80e282f3a1aea,02000000cfee02ac29b0085f0086878d5d105c8812e50794e0599480040000000000000042d9bc33e537f9e6d61afdb0a73759e76284c08069bcfe31fd30d97cb7af7775e3479352fb0b071951397870
271429,0000000000000006d9267bbc2da0dcb0e492bca460e9e7e38551bdd5cd185985,02000000e97f3e87963e5ef52c4f339824922653898138a38236f828000000000000000030e152a99ec2e42f8e8da7cafd8ec013d7a0b41f6199b2953a22eea7508e6f25a5419352fb0b0719cbc6909d
271330,00000000000000069d4eec81b9c4fe7fb5fcfc6d3e240018bf91f8fda671ac93,020000000014a53584bf77fa4d75fa0e3009b2f8cf4c2157bdbb09a60300000000000000eaeedab28da7887eed978083a398caafd5c6fd09297cac64e8d533dbd6f5ed07987a9252fb0b071906a26d47
271124,00000000000000003a488b85cbf73128ce36f28e87f4bae72b448da6fa44cb91,020000000f48722e91153de8533f6bcfb062a13b8ef90280fbfe58e20200000000000000e1553baee1a038696923066eceeea031e9c66964fcd3cc104cdf1fdd07e4d55a04ef9052fb0b0719446fa099
270932,00000000000000066dbc99d484da5b3f9dc6257249356e697277bedd43e069dc,02000000257286e47110c4ca3a2c4c2e5a5fa281de7ea6402b66434604000000000000000926dca709a0a17028ed39dfb456799018b18f6745f113b7decccf7f15a181792f688f52fb0b071918278d5a
270900,0000000000000000cead321eaea575563ad911e9ee17dc17ba8756342c60ec4e,020000005aa5f95f17af77cdf67e6b0918299ab8433c19a35a5ac547000000000000000092e582cbd1de1dee254539487d2d0d774db1d22d5003ff230bf294cbe620cc0b09228f52fb0b07198fc2910c
270763,00000000000000038f52e1f7a8427ba89e25ae906c73beb7a373e4bda2b270b7,02000000fe38ae69125637b693e508546dddc5d48a10b4fc13fecc900500000000000000b410f074cc46d602d9bd356beaf3f5e41fe1b5bc9bea1b84a64060e4cea0e4274b028e52fb0b0719d51360ca
270752,00000000000000012ad03ed32dd39eecd999939e4fcf1c842b3e1649c059acd2,020000004860f20fe32d7ea026f01d71a6d86fc4dbf2559367bbdf5d0500000000000000d15da578153c2173c263e550af6f97afed4e5678fca584ead458ca1144b2a87774e58d52fb0b071908fb74ef
270658,00000000000000013b7c05409d332f93c31369dc7074cd9c3e46ec152fa40f21,02000000c49526403a21ab85331ce66ec738ebdb7e9c0851d9992f940400000000000000d9db9d0fa3c692fcadee93bceb954770c2633418ba83f1309d2ce9895db557cadd238d52fb0b07192b5e5c4a
270570,00000000000000048bce5a4573ec2a4c4f4d124a8aa54679408dc98edb18eddc,0200000074ee1d934df32a063281288d1cb3f3cba647a2f72bc1204c0600000000000000e21b1bbb3fc161634796e84808d6d84c0210ea016a9ce27df4e95708d082d3eb67588c52fb0b071916907d04
270555,0000000000000001a85ae4dad0d3c6aa917f26b16c7f99adabc40c2abadd46c3,0200000087082ccda9bf2c8568c406dd13e1ef40379fd7dfe367acfc0400000000000000077fa3c4da1f6c5a5583295761d0cafa93fad9fb76fa3eaccebe24484267189773438c52fb0b071944d2cb6f
270552,0000000000000006a1ea5d614fa65171458bffc9309db2bcc419cf87f551fcd0,02000000864fed30f31c82854d2903c7d7a2d2a4c977060f4953dca70300000000000000372f375f219fdcba4d208a48bf86be324c3d3f3c548513cc213549894ce133bb2e3b8c52fb0b07193ddac3d1
270538,0000000000000004edb4f2b8c5d24f0f679583d7a2fbf53e9aee209efd78fe77,
270479,0000000000000005d48a818a96f9e2da70523e74a35c74f30049478d4aa732cb,02000000dd294bd533025f534d3c59274e3f0e33d522b632dcc4fadf040000000000000007ce65a1301e6ca0f83364057e2dc1d3a54659a8cedab10343f4729b12e8d5c8da9d8b52fb0b071947e403f7
270399,0000000000000004aac92e48586a7d0b1626a46a03cfc3e1ed8fdc2dd40de8dc,0200000017699b21b9390b3505f37fcbeb65a44adc6a020ab32c35f4030000000000000000ba1827339746a26a7a56bce20b68f8bd1d94ded7b56a05dafe80522f7e0a28c0028b52fb0b0719f3a8e44e
270180,000000000000000236f88bea95c981e8178197f9b166b5a6d81d853debfc62dc,02000000ac9216d329496c455f1c05dc6d93817a244efe97ecb0c16b0100000000000000a800b4125d548f14c4a20fd57a4db3e8623a7b538f1998b73c62610932cb4b11a6278952fb0b0719b225f785
270102,0000000000000002881a272991af367e51f8328eeffcb1fd06beb8cf5d49e2b9,0200000073e9875b8bebfcffdcd8663821d610b302073b2deadc27ee01000000000000006302c2adfd8961647a92eb93a28af8f7184780e6dc11f0770a2c7fd10676348b7d868852f3670819a95ca841
270062,0000000000000007d3bee9d624f60f69e1c9cc278022306c0174d2d937fdb947,0200000041c83e285673c4ed5a71a079b7e4a228c73da201bf93b4860200000000000000adc8f022bc282387a2fdf2286ba406b2a3a9ed8cc41227b54e628201742143fe7b498852f36708198d83f908
270011,00000000000000073ad697c1fbe65f7294770c8b214a1f5f751e69ab44fc9d0a,020000007dfe6c7cd21ceb33fc945bb248c176efb795707ac799cd69000000000000000078ff22f5e3d700b479a8d4c3194a2527963e6459b36b45352468ea33ddaea11f4efb8752f3670819d36af1cc
269982,0000000000000006230f9ef3edac365f2e3fe95a1d9fa1b22be27e96d6088afe,0200000004c75e7f6427f4ffee21027b0f73380e5aec9dac426a1c610300000000000000b6930f2f03e8b69ade172edb3ccaaf3f4e1ab64695e4ae72edc9e5a04600dcc4c5cb8752f367081932c81c7f
269958,00000000000000045cef0fa3c92ebbe45da6b6ebcf55b88a8d16f45d923e9d5e,02000000d1f25a35e9ce3684d2f4c22f47d225bfc5635b0c5d5cdeee0100000000000000093f9e2ba784cfbf27bdd44c3fb70351fd09415e1f5776836d861c3064183355949b8752f36708197ba909bd
269952,00000000000000015eeea4e43e25c12a315a7d6d44cb631a1faa0d2572d5cde3,02000000eee0eee712822a993a7da60710ff7d93a230c808f2b5baa702000000000000006500880c5e9d5d6526598d1392ac6696c6d928a175511219d45c3bdcce334bf1b2918752f3670819ceebf31e
269699,0000000000000000297d4b57222904867a480b967aea07677aac23a5f124df6d,020000004ab881ffa806d18cf82cc623642a08cf72cb5c1460181ddb00000000000000006ffa4e4e2922003bdf987ffa6cde08c17804c9961d2d03ff4c07e162c2e1645a43bf8552f3670819c78092ff
269692,0000000000000005bbdbcee3979faf061746a74edcd349457702be984a7d5d09,02000000f8fafa7c840500272c70ec1a2f985f5af1f8dc2da8b58a3e0600000000000000ef6127ad2f6543086aa9e1ecdc9556f41e92343f467b0448f558c60f3c521aec00b38552f3670819fc8f23bb
269607,0000000000000000a223abc1e5b10662b0eea1af15fc5a01bd77bed6ad0fb4b1,020000007fd6e7aef933108f519d2b4debaa98800b690e43c0e7aa3c0200000000000000554357000c8c17b06a88aa41cfe87fc667d78ed39ce0662683f5c201826e5dfe7f048552f36708191f40f99a
269433,00000000000000011f3993f1edafb4344998adbfeb76b666165bfdb36906bc10,020000008a3a6527e9c15dc564f54d3e3a05fd970085817bd61c2a130400000000000000a7ea826ea4017317cd8cf5316ba1e222ab4f4cd5352410f302a0178a5c68a0e4e3a18352f36708192d472776
269416,0000000000000007b3977943b64def0d93f26b58610bfe17081781248eb72b04,02000000d9a08884cdd262ce532507244bc9bf99fafe7f34def7a02b0800000000000000c5b5c1bf3efdb2f945dd00b187e1692591e60624a8b5403c691049a3f0333bed51af8352f36708191a7de8da
269416,0000000000000006a3e4072f0c08fbc320c97b3662650984a96a48dea9343864,02000000d9a08884cdd262ce532507244bc9bf99fafe7f34def7a02b08000000000000005c8b420e58a0aeadbc0c4995179f5ac29906b2d4f665b8240e7bf10cf47d2f45f2a98352f3670819e38d6ea1
269416,0000000000000005dd7c70c7e9c7dded3fab43f69d54309ec743840e535602c6,02000000d9a08884cdd262ce532507244bc9bf99fafe7f34def7a02b0800000000000000125d50729c1375b91a4b000d0db34dfbf712c05d0da15033d1e7bb9fc814028833b78352f3670819f8b9ff31
269318,00000000000000014c6fad0b69298ce04702cb821e53a4e1f84d63ba3c770886,02000000fb3c537a580564a9f36d8a0349f0dee4323f76e4182eb6760600000000000000be72d2b55053ac3b0a625a527c03e23cc492e1888d750dc2732a6b6e450f577e3cd28252f367081912093e4a
269263,000000000000000501a3c417ada0191d05143e0c1823865cff2bd40caefdbd97,020000005aed4198cbfc7762d408bfff56bf485c5054e0b70cb74ccc0200000000000000ea0a084c5e4d0f71200d54d133f111f0169b503695bbac7a897a8c4e65a168ac7f7d8252f3670819752e3833
269202,000000000000000190c34f75db3c57ecdef861f8da265b398256eb2b1fd39a10,020000008ba969444a312cfc642a59104fa5b4221441c1ded0415e450800000000000000fecef0c4156e4a477763844c8d7cb888e3c530df167744f55c23d392f7fffbeaca0c8252f36708197e1cc72d
269066,0000000000000003deb3eb0a8efc781de8c1e4e284fc1a269a2f6f2d8a614dcf,020000004b2a37be17caa57c21f6730d18c9b855597e518cd3a8eca00100000000000000b69968f17c75f2c6df2e7ee7ee68bd165290cac21e39bde146b0a446a200f98878188152f367081992d3d6de
269002,000000000000000159e15cfda1c172e1b4f6b657eeb2a350ff7f0ba42adc707b,0200000021370cb9530ddd973f4fc8db0fe2f4c964b24662b070dcd501000000000000004b262afb3dd2410ea72a3e5a8f956823eed5b1d613a045ab88900f35d675662856b18052f367081949c7591e
268917,0000000000000004f94e814fe98e583deb97bf284cc86ec0ed06405b55306a36,02000000766ee193405ea57dc9549d56a8a2ba9e6235c9b4a053a32c020000000000000041bac4aae944bc9a7e3f43e9c7a0081545794f38efb936f0ef430a70fc627d42401c8052f367081926c1ebdd
268830,000000000000000365d9816b152695150aa3986a37471fd5b59c8e5631abbff9,02000000879dfd72cffc808a9be5ebe067e6b48a41574edeebc6666608000000000000009d0728909e62c24ea1aec1cf3126b5e616721e6b4cb823c6b140c58c2df8d2b9d07a7f52f367081901f3e398
268727,000000000000000863a9a10619f4cd26c2175d6ee30902f6e6e85cfcf602e687,02000000013a4a37f698dc7f43c63b7e82df43c2bd6c30972bc454360600000000000000a7c949f5bf8a2567c7d7e41e6dfbee29aa3cbe83981fc6bf1b2bc2eeb8032cea02a97e52f36708192a0cf4b5
268692,0000000000000002c5d92080a5d3e102ca31859db4572d7c57f952cc9d5120d4,02000000ad58d52b609d658adf2e45dd526d5119e951f12614a64502070000000000000000a0cadca67cf8038685a9920d6478f3665775019c7a1f8ed89f450b46179b773c5d7e52f3670819a8fdce45
268607,00000000000000013666fd1cf33e5c77e8377e48dbf8273430056f1ba6c3a30b,020000007505d66b32dd86532aaa10affbaee04f1dacd4e05b7bbf69020000000000000028a93301680e1a66645a91cf22f5b66b97e0aba01c672c23506da069763c549d1d907d52f36708197da477e8
268582,000000000000000275a65c677253df8c54c97d8f842d2dd94b25e5918fc88930,02000000b549d0b46a99a76174062a20599d1c98ba9229662eb81d670100000000000000bed4bab9138f9f19b911bdea5228d8f79e7dbf7af1879895f566f981a7f6b711f4577d52f36708190b5ed5da
268560,0000000000000001463d6ac3ac983be23d0e593fac81dd10f789b84b0050d78d,02000000cc8c026795adbfdb978abd40a06f7d48c5dc26f88dc57aa9060000000000000051dbcc5b4809f85f6178c6d10aebfabf6ab692dbe6129bf141a491e261d04b50c7197d52f36708198d547dad
268549,0000000000000007677e3f3c2bde75481086a6714e186a6425012500936bc839,
268547,0000000000000003e0ac92042c5381e0904f10427107e7229756d1acf4a7cf08,020000000cd4a15214a2461ae617d3d061cf1d5c12953f82adb1721e030000000000000059161918c676ca9865cd734b0f94856f6e59f1a17dbfd8ab120b3302dfb23e85d4fb7c52f36708195650f451
268531,0000000000000003147a0910fea0447e2854ecb0e99026928ba2daae93939107,020000001df9c1050ace9050ae826a7409fe15b5fae1de98eb1815420300000000000000a74a8f04bdb953d3726e119549f633d3cb0abe6f286f361a5e4fa118fd8a7e4a7adf7c52f3670819fbbe563b
268420,00000000000000072353dfe8b7f45d97fd2d2a9d16809279dc8d30e4d7155b3a,02000000825359c92c6a2f591e80ca817bf47a0af6790c06c74880fb0500000000000000422aaafaa344784b7b8c46d085a196c3dc58b3c707c76d2d9a2b2e6d663e05e789c57b52f36708190d896109
268409,0000000000000006365b484c22737c797ecff672ce71d850887f2f3f9183951e,02000000b5e51e4813e6d5dee743ccb9279a47f22eb534cd41a453f1060000000000000070bf50cc2b17dfd10276130cb43e462ec03ea368fec6df2dc05af54015845050b8a07b52f3670819b42e7104
268398,0000000000000004e4337de0d1ba2127329a6925eb996e859dd346a23ae790cc,020000002a74b973d8421fc8fa2ca9b33be55e21a5e6bc3648e45a360700000000000000bf07db578991f4abd92a3fcface8110c442eb3b7c7f86100e80c6181debb0f404e827b52f3670819ee090e13
268298,00000000000000049a7893d061f141f333b29425304fe6adec7c60415d2beb82,020000009c54897d5cb7278d21634d14bded51bb381b20788fb8099f0700000000000000d21b071730db4ce7c9e015450943682af4d8cff2c00fc765eb2f2e098377a415dba77a52f36708192e29fc2d
268202,0000000000000004358965be79ab6a401d06ca870a0520c8505d76b129ff06cd,02000000c93cdad47011bbae278708d1752f2f567a5ba2121aa878f4050000000000000067ac5ef8ba8b092c46e3beaf8afcd53d2b55840315da97a7d6145555fed35655fded7952f36708195e2f4c49
268148,00000000000000033704e71efee8484a541ab2680f5328eb75a9e9131417d463,020000003a72c761391241389fec845b726e76c0c97f31683c75a2a10000000000000000850651cffbd91bb90ad979a3a71f3c073f19d69b6aed574b549b4d6008a1f39e686f7952f367081935ae7900
268115,0000000000000009f4e29223c84a322ea6556448070311517098351fb21c7821,02000000e678624a00f78c05802ab16c017d802203199d8f6e7387f90100000000000000e59e4f36d915380a4cea49fa88efffe59926bc99a0d6cf4fe619667a841855601a34795285fc0a19712d0848
267980,0000000000000006e5a7900141625f91b88cfe6072879d148a3768f643503f50,02000000dc5693840de7085f42083eafa4847b2e66413f1a9b8180ca05000000000000004e49928cf8745f4152c07b88424565f837d55e4e5a40bb409f4310bb663b3d8ca128785285fc0a19a4fc9079
267977,0000000000000001ff2212d93d0224d7c679435e221dfb2cba64262f33dfbc74,0200000042fb0bc8bed0209f70db28fc24f658f0da90868ac42982ab03000000000000008b5eb9d4a2e74ef51b559830e43ce6b58cc2dded20b4d1f2ac817de5f11cc78f971b785285fc0a1918a096c9
267915,00000000000000098d22e43e8b43e22cafa1347b469a64bdf9a80c460b70c124,020000002702bdeb6ddf4f87b6a66464515febd13d7fe2b2ce7febd701000000000000006b790d2c8cbb41ed3406e4b41fb440f651fc2775c4dd14e2185ff30637a0f23424b2775285fc0a1920a44fc9
267906,00000000000000081a9524c5cb0711be2d2b6c8fec8aab3457bc3ca73c8f182e,0200000048d645ffb1d9dcd6b097c4cec600930bb2812a297b0e878708000000000000000000ced199133df5d078abb4504f621f26353f5bb75d4f4d33dfb78068b9921125a7775285fc0a19edc7b858
267897,00000000000000063ab33559bcd45b56c5453700691b260255742df029931202,02000000b0f83eeb9049475615738531ebe1150ae537a7fd6db2b8600100000000000000edfe6ac1c3d14df2afa7dd4297de51bdb88c63509d3f2d18cc67c6c30726781efd92775285fc0a1911502387
267876,00000000000000045c6728b1053a59e9a64ba4e6e24edfb29c80933277265e67,02000000b55d95e0c51ca9d2f141cebcdf37f0f4578fe17a4e50f52c0400000000000000347d004325df9ca63f697ad79ec7aa0636bd71b8e0c66c4c878e0b9e299e56495170775285fc0a19edff95b6
267855,0000000000000001ddae2c5c3e0648a08acb0ad7d9513e13d13a1acc6ad6b666,0200000025d271828617ba01d933876eb65c99fc1e7f9d7e991f666900000000000000009dd9213930bbfed0e2ee92b759117628961dbb09a904d4d27c1e5100826ec593774c775285fc0a1930e9dd99
267647,00000000000000054def7ca19281044d29015c0b6c8724b0584c3f5db1450be4,0200000056b47970d3796470c27dd6df15f1576b20a25c4b3ad8862103000000000000009de11a34e1440647925eef296ac11b71d757809047e4bd4e768a106a2e2faa14def1755285fc0a1965bb6dd6
267606,000000000000000654c053490b0e66788c3db4db97c21533ef6f0099407d039e,020000009e92418c0e5f0f5ef085a0bb7eaf56a1f49e7e3651634cf40900000000000000f611657523d5c64d2576ee81a879f5b72c64c3d66a957f6e1df235bfcdb3303869aa755285fc0a1998175827
267340,0000000000000009f9f6386b7d2850e46e77075bba43fc834ab5b5aa09da44f3,
267333,000000000000000726a518bded1d1994c0058bb56b0a594d33e804ec8cb4052a,
267281,000000000000000ad5b2f565ed6afb0f8ba8a8af1a5a56c95467302f782185a1,0200000050ea481ed4ad9555a44cf64faa7b744d7f41cd3610c718150a000000000000002479ad71d0ae189296fcaa3df31e8ef7db9c553db94aa06929481ef1884ca941c498735285fc0a197cff96f9
267265,00000000000000041e84d276a1cdb6616aed9229cb170a443097e4e257a9707a,
267203,0000000000000005ae9314493cfc25e6338b0d975c3ca5e6ae63b5e94c5e0a4b,
267106,0000000000000008b560408547dd61b801f9522ed679399da5a9c3e60ca049fa,02000000e414db737cd32e509531c591e0fefd57f2cc761b8770871e0600000000000000ee1806deca1bc8756d8c928fdcee72c4d4fc7ad4172e107a7b233728cb3e905bc767725285fc0a19aeee2b3c
267095,000000000000000adb8097f5e3e996f260318838c947abc794aa5ce9de913b81,020000009ba81383e79a788bb08d03c0776a4fb47a6c3a470a5d0c4503000000000000008969a466f437ba5e889bf8e1e08971dd0652c9676a26ff06881cd70b4c2abc361b47725285fc0a1908eaa9d0
266975,000000000000000569d57c7ec71df908d7924a629890e987b04c43b71923d011,
266961,00000000000000079cd255e1fa1bd8ab0688adccdc4fc194b572f51069325628,
266903,0000000000000001a3917f107813baf8387bf7384302819965fddc6986adfe20,
266849,000000000000000480b272d17cd21690d0e59abbabbe120d487a49a661363738,020000006f82d2837b3ba33a75b96c9b3b36d41b40135839ca8b99dc040000000000000095efcf39733ee13f06efc82a6a36e8d5aefa7d95909fd63f2759270d4d15e6f420bd705285fc0a194958f309
266559,000000000000000659f7822ff72132d82c8ece482f5b4547b5815277c8abbd28,
266219,0000000000000003fdb6f201c51001660e90043bbc9960f534fbd49ceadbc75d,
266044,000000000000000b267582d8c67380ce34ed4aaa67683f25df4cc05c6a16a95c,02000000c24a9dae292c609ab72edcd33dca3bfa6eb43e8b065e769c0600000000000000846aa2397d4bd95e3eec16f38385f3349c429f4b40bf43d7186439518ed7041998d36a52b60a101928d0ba4a
265972,000000000000000950519cdf7ef8c033cdfe02861a1337a63ff7147d83a3fe62,020000003b725b5ebe2586b3690cb097d19968c6a25ce0228e2562880e00000000000000ea26a6eed016bc7a1c0a73ff52cf70ec1a426c479c263330214c99ce8d247fbacf696a52b60a101922b8b246
265853,000000000000000d8128b333c43a977f77a8fd4387d3100cd650304e5e3d268a,0200000075beb0c901b98e2dd56f2829d2d345aaa1d3fbb75a6839070e000000000000005cd28f7bea836a248b8bfcc40c0169cac91e30baa11a9ebc9011353289547ff278ba6952b60a1019a308625d
265778,000000000000000515f186112bcf324b01180416aa0832d7a5fc940f79e466e3,020000009dcff09f5c7498f54a8a93ebf5e096a568f38807712d973808000000000000003c96cf7da7a7bebbc201db8dac025713a144a74b8314b75401b80c5ecf8c08b9ab5a6952b60a101947e5bf45
265764,000000000000000e0a48895996e482df067a634dfb6bf5f13dfb453a61099868,020000008c895c393d115268cb6c4474ae781917438864cd53ba9a820800000000000000c1cbff8d33ded190c0c8bb387f832f719ee03f5b9275a91d4a82510ce9a0ab0f253d6952b60a1019aea9d8a9
265748,000000000000000c71c82dfc3170fe381292473f5d1f78919374cd01f25bab32,0200000060f3ad84f703f39fcf0fb0bf6045f784a933e03df756daf70a00000000000000cd06d757f65748420bfc03ddc439659158a1d86e89c8ad803c511bc70dab1f1f4a276952b60a101983847516
265731,000000000000000db0a57d8f8803051f59dd600b29b07058ec0d9149bd6c1172,02000000812d22d8998c921fc34ac5434c97a030385c95598d22eda60f0000000000000018565282399cd155fe36b9ecd0c16d42e373ebb6d2c75243e1b8c9fd4bf8a0a22a0c6952b60a1019b0c57822
265729,000000000000000be5e200c43961efe48f50f17495cf2bc3db42c777fc3e576d,02000000908ee5dd78d07b2fe32613304ad222e11f25913ec72cfc240b0000000000000025deb496880996cdf98e06b0677d0a02ab60a381c55cacd90865e7486d847e865f0a6952b60a1019cd4f3e96
265711,00000000000000077a9e21f7e41a3aa5008d843a438ef8952777b4c6ca3422fa,02000000bc49c2f8c0f656c5ba35991db1063478ff2f921f44b4d2760d0000000000000075037f50360bd753a7fdd158a4755282bff29e1838529607dec58e9b2244320544ee6852b60a1019607340e3
265681,0000000000000001073fe02037273dd8229afa482a936c10182b9357ba5bdcca,02000000f295aa46a16b0925e3eb085cd316df8206607f47defedee20500000000000000481af1aa60df8cf943974fd1d885a606eb2f6f24177c8d519a2a59df9a6ba31608af6852b60a1019e6bf47e9
265587,0000000000000005d9c2f2d6fabcff853ddea12aaaab403a2b4d63c6c413a11f,02000000921ba122526585bef8692df80a9a7019b865e6988d36ecb60400000000000000cfe115827e3abc16e7b976a34057ede7801002a87bf302e0fb4f9e18c1473ed048216852b60a101926a91557
265566,000000000000000210a30638df1cd15761a7b42ccf9999ba68c280ae1ad476b0,020000009b0d139d28458de76c86763491e0ecc93232991a623787a50b00000000000000284c76877a1737508a1525682ea65f5d456b94301ba8469213ba236f7c411cc911066852b60a10195602ca44
265541,0000000000000004f61425eecbd7c76c525d3d281672154ce00b13a23e4f2b7d,020000009908f3e37c991c51a6ff7551b7ab389d357e5c005a37aee20700000000000000bfde31cb222f73db4772aa207fc3261a10e37ebc46064d649fe6be5a197ae5125bdc6752b60a1019814c8d12
265494,0000000000000002801be176364018c99dda86f4d7e428abe665a8fbd689bc65,02000000c32eac9bc0f644456c069d0e5b831c8c26140e59c28683f20700000000000000228716f2b3b22390f56f30c0c33dc93cd80d1a6c8c022706eaee9ab5eba3fd11b4916752b60a10197b00affb
265446,000000000000000239ed190c6022621d6205d407688279c78de4746d24d6615a,02000000a9eb0904912f9aa73b01b4f69f2c95d4340bb4019c6d17250c00000000000000e18a9e76f2951b1560fc7afbf98d2c149cfb92d958d8e281faa24bd885909fbc77456752b60a10193d58d06e
265391,000000000000000ba2a888243756d2846f257462153b900f760c6399f589efed,02000000611ef9de9434e12f75644a9c32f492e6324070b834e9c08e0e00000000000000106aeda149207ade74f7dd0cdb6bef23833bb88307fa3913571df87e659e829d99e76652b60a1019b92215d7
265340,0000000000000004c1f2390bcae6ea18b029619cff280cbcaef48c0e46733ffe,02000000890132438586830397063c374fce4557578db9af4b9d8d5e0c00000000000000755d06a8c0a97685b9e7619fb2c731efacdecf44e601d538f6716b1deeff0624299c6652b60a1019dfa813e8
265212,0000000000000005bef91ba5756c707760b1928997313f9a808f95d9695d38f4,02000000579f993c4d451172cd771ad20ff22f763c8140a1c5cd8bba0d00000000000000a431af1d681d6f8849d7df099d2287ff6a69948a93acf7e427d73311a64d330511f46552b60a10193790d035
265089,000000000000000ec86b93614a706eecd5dbbad74f18ca514e20ec865f95176e,02000000366ebf1e46514e419ce06c4207e124cd65b0a4b4208426380a00000000000000b5c599c53875e0d65d01785eec3631d2a497d624b67c76bc3ac624b03f5e5a97543f6552b60a10198bd90ffb
264774,000000000000000b0024fe1f1bd966f0839f3dd786e5c4bb000fe77a1c5755f2,02000000e2cae585764d2138f9902859b8be8665c9a318805a7ed12c01000000000000004ab27a8ae06e9cc42c8e92dbb842d609a10ade8030dd23c8ed0d1c59ae96e39c5c466352b60a1019a8f79e43
264752,000000000000000db2cd4b3f88a2ea37d994dae14e659026cfb29775682cd5ab,02000000280079b66d6e3a33884df54df9a61d28ea9f4b25e85fe57a070000000000000029df3c4fb00653b04417e05f6adfa0c89e7ac2e45ca8d2795370de4a3208d5bce10d6352b60a1019d67a099d
264402,000000000000000db0e1da2efa61c99436ab15a03e5a4e20b51d4749fe6e2f3a,02000000c122d9cac4b6804dd520c4ff3e997fabf31f91a4ff76e926090000000000000056daf50e7d3d5522d1f006469737dd7d455fe9a879b84e98e83409862e5b9c73a0f36052b60a1019a64e5f30
264270,000000000000000eb5b8c1fc23d4e42c0a01572970e88a5fabde1760a2874410,
264082,00000000000000134cfa980838ea2214767299352ea3b74b083076b8f970ff0d,02000000c998652589e2e6453f392940059d650b47f1a1dfda45accd0e00000000000000c38e221d05a52ed80852427fa5aa90725b6dd4c907bed370539450723e3dc4c0a2725e52cab01619a47b10d1
264079,000000000000000c83aaf5b9efd297252771a98b742b9805c688e653dc162bf1,02000000a1e0670242c938c5c608c684d3b26f1f8241382ad2a76fe40c00000000000000950657e7c20554a5d71eb8aed0932c844a6fa47c0fe74f2946db84f605d8219d286f5e52cab01619adbd304a
263959,0000000000000015f989998ac1e677a022bca09879c74e43664758a5ca8e402f,0200000052294030ecad766186c11df3d7b57b7fa88d3462d2d100f70800000000000000229afb124d0843df6c265cc57e9f916b6b54870c10483e0c9819175d45a8b0e7e9ca5d52cab01619d2cda4f4
263930,000000000000000c470c9d1658be51e6bb04d64552d12f52d3f32e71e4eb4a17,0200000057771ec221f115e166d78ca6318ae2f9549adf6f7de0355d10000000000000006d8a9140ad9b3b7c6d5cd379ee7a56e76dc806e57f45822b2a02d96eadca46722ba25d52cab0161989a17846
263909,0000000000000005dae46824234985918797c352bd1d19401feeac387bb6cc73,02000000c39e1146fe24a0a5dca404f07b40ee8127f104da4414e0cf070000000000000098f384c6e74efd811afff58a2b2ab3c024e211e5675e350e9b478a635f74cb9ebe855d52cab0161989ee2d42
263834,0000000000000001ecd96e4d0d526c6f9dd1b4c4d43521b5b1dee1c8cb997b67,0200000015a7f182016e427e54177de6089787f1487b18becb3e41210e000000000000004156f4d66bbad2c62e7418bd908e43eee347abf0f6f555a392b918578f260206e71f5d52cab016190a20c2e5
263765,000000000000001231f7c74401baa34a6f842dc78d7a3ad6460392223ffcd202,
263730,00000000000000147eb7b0bdbf6305f02fd4cd8073108c367fcf914fdf532b78,02000000c8eccd13dd2a65dd251de30423966d6530707c106f78fdde0b00000000000000d72ca6a013b79c6fba5d321c914c131e6d6829b4c3c2ba53082ad32973b63b724b9c5c52cab016196193a32a
263638,000000000000000a2daa35a2f5dad859a6d74e1a084e0d1d8b9b5d0e51dcbd06,02000000dc9f774a41094f09df73406e3525a293e0ad79b9ff8b35e61500000000000000f9d6a70a134f915407e9933a28b4c610b0a24dff4a03a5e5682de8eeb3bc22d9881f5c52cab0161973e3589e
263393,00000000000000104eca85c439c7bf69a15a978ae3e17ea8cc948f69f9889fe5,
263386,00000000000000136dc7cebbacd57650a4b959ae409463ec2974c4941c45131e,
262802,00000000000000091b30478d08a617e5a89e101c4935f6eb3c81f353a66d5d15,02000000ea9da46ae75862bed37d9cc1b23edce80ab4dd84e314f66d1600000000000000a57b35a0771c0b1f8d4415a2e6475284db64170aee4cebba69e3cd221618dd1954f25652cab01619929b894c
262725,0000000000000001a5728d9102237d31bd5282b104d87eaa33e1d8366cff36ca,02000000f628f5663f4a17813af1e60e2827a59a9031f9d69e2147290a00000000000000d1dc35df0d9d0238998eeba9e0787ec265966a492e814b44be64b43ee8a543923e7d5652cab016191224493f
262722,00000000000000012d66fa0c57a8459af9314c966a66fc385a1d28798ff746d6,020000000a7548b2a85dfc45aae05fe5cb47cba363d8907ff7102f750b00000000000000af725ee7021f808ba8a54e72daf579ec53f2fb2db1cbe0108e738ce06cde1d2183795652cab0161909fa29e4
262563,0000000000000000088ffaf39c763aa5e82103f62ce305bc62f17df580e9234c,020000009f92ac4b6520f4097331ccc6a03353c1acc3b1b0739b72f10a000000000000003f3e55c75d67afbfd92458314914638b2d79e0dfa6a59aaaf15a41a3c16c965c94365552cab01619788b8d68
262541,000000000000000e4c4f771e9ea33f66cdc1309b5027f6f2405acc4b07585f18,020000002781472a22b6e5046f3323bf521e7c533dabc38ec970bef713000000000000000ceaf55c3482a54c3c3de488201898d4ba09bfcf0594c758274427f9e888bfaaf3175552cab0161905d20e8b
262460,000000000000000a6030010606e42e72f02ab76df0315583ecccb83dbd8a6b61,02000000e7ecf9c08d2ef1ab4aab3713b9981ce9330054220c863ac30e0000000000000006db06d27cd699675f1e50fcdfc70149d5b98f95cff2258cb789879772b9f5caf8945452cab016198c237606
262408,000000000000000952bdf3d9b58e346e15ce83b9ff07ec9b5294701dae970a94,0200000018c986c6757f469922fbf822e04cfedcb6261ddea0d27657030000000000000027ff97e2274e1285cfd286a936a0b3ddc36e0829f63a7c79ae62af9e3532372a2a2b5452cab0161989659153
262354,0000000000000012a9ff4ed34dc84a803c75b698f535bc6a060ec93c29746780,0200000040b260afed2ae7fc27a4b469367b5203f53248a57bad65af1400000000000000c731e86967fb57fd95ed12fc1434d544b9324bea1c3cce8903de784d441f26b4afba5352cab016197b7cc8d3
262205,000000000000000157da1a4a5dda0eef0e90590b22aa1f2a9686883c0a627144,02000000e5382518f8483b0a74152158dcd4c89aa9c6f8ec5d48dfa00f000000000000008aeb50c30bfc31ff3f834a45b30883066fddc716db98e2ba96595677d0690d4096815252cab01619aac8ae9d
262150,0000000000000010d817c282c73a675a50ac23dc16421f739741f07dc62da1c9,02000000dd526f02bb6a774068721ec6e56ea03a76e5f8e0e80a66fa0e00000000000000a122ee93c25dd4f1c845430d810ccff8ef1ab1c7c64071b64afcea2391bc6a338efb5152cab016193beb2e3c
262011,000000000000000775cc6b7c3e3b2fce665773a29aa943213916dc8d90b06963,02000000597c92b3cd7498e0d9bbda31ef9d1bb1adc7792de77b84ed0300000000000000d617e932b17f90c9e4b47b59a4e582e952c508d4f5899a9d2f86befdc4eda406dae6505220dc1c1968bc8aaa
261985,000000000000000498d1505dd079703c3fabb41ad5be6c4242673ebd8c467ebe,02000000127328a165959135c80e20ce151ddd7babbc3cbebd52cde70c000000000000007c40b18344a164e05f25398b1f1df1a0594f36bde4bbf688a1459f2b25164ced01be505220dc1c196684ac5b
261907,00000000000000076f8f8f52988bd639275d22775a86e710fce461c66288f329,0200000097e2d2662bd9b79bdec66c6a4c2e84b94b4aefd5cbefaa351300000000000000f414b82d4f5177b965fd35e20ad1c4ab3f31045be85130f5d967a10fbd87934b6c50505220dc1c1930c2cab2
261870,000000000000000d75aecde297e7e57a9003480449caecf13ac75c248d6901eb,0200000074407560c73c0b79729021d5a63a4217a3c2dab8fab1518e05000000000000000f1d528ea4f57978927c029f336c10e24a4ff229ddb41da202e661cf67fe73936c17505220dc1c19da1f10cd
261795,0000000000000002c4d92067c21767eea88d34ae7a61bc9b54482a9ff23bf509,0200000013817d5f501e5b814499c0317fe03414781328799c6cb39d13000000000000001085559f3123b034a1852768973c314fe3ff6e91bd0256fab2ac1fc29ea7dfd0c4b04f5220dc1c195d8c48d5
261682,000000000000001b114223e51e68391574cea924d87d7bb8c20d51f6be6ad6b2,0200000017fb9930e7171b6b8cba7fe92165d9cbfbce8659921a3c831100000000000000fb33b82632d3ec49ae2692c90e31b708c7c12fca0351f67f09453812dbadd20be6df4e5220dc1c191bb38cbb
261675,000000000000000a1f2b13465557c1161c9e201bbbbd7d1f36db9e118ab8d803,02000000420a05512d8a1306e34f15753a16e526d94a6d1c5493a2eb1900000000000000e56610da31d14fbe6acb57780fa18c20e9c607b8b4552e5f338a7e59a687edc455df4e5220dc1c197f3c0616
261594,0000000000000016d3e1d75021c4da56789be91843a8c6c1ab86f01fa8415d48,020000005958666ec2d02b72704af5052e2c23e7a243cdd6acc755600200000000000000a5ad282b5b507d9bbf896706ea56ca23abf24110325a925fe0867d4561883df12a374e5220dc1c19a3dc2b82
261419,0000000000000015a6ab8f6f2c055b1813902c58fd485903bb7a2afff1d89fcf,02000000528062a48aab798f901b11084ae094d800d5f66cfbd76a070500000000000000710e423f424a9c8694a4447be3e276f935c8dfe30f523f44aeeb233a18c8a81812294d5220dc1c191835ff6d
261367,000000000000001ccfe33f9a7f555ced5cd6b9561f30e5f9f86bf492afa352cc,020000003a79d3f29b6e9a2befd3236be2186f30b92a797def8a85df1a00000000000000cad372b4dd5db7e96d0fb6ca09bba92ac3a454ddc2bd1b8b7794ee08b998912ad6b34c5220dc1c19e0ac51f9
261323,0000000000000014b1e9decb44dbeacc8f88a874902e0582dcec6423da1ebe69,02000000b0b2b6933add8a1c98064593fedc9bf74aef7ad9b5e766210d000000000000006dee9f39927a155c9ab96b1297c22f7806d9bbb8668eb94ad9eea91ea0f94a9677724c5220dc1c196d459c93
261248,00000000000000044c5fdcbfd4ecbf4bc11d514f075e6bb33ccc1eefbe950862,
261199,000000000000000b1d220bf1bff1f479bfff9e041785a2a465cfb21649d65959,0200000006873deb569af90a52c06b9e827271aaddad7df991fa0d8b1600000000000000b1b353782a2190597229a883dc300757029057d4ea94c4d64f35e3251527083b1c964b5220dc1c19f44995d9
261198,00000000000000168b0dfa91f97dadddaa7172829e6bc0520af99a56eb3d8706,02000000c1f8879d18daa0ba37391004159cbe78180320aee2c01b7f100000000000000049926b53ab55d69d7968eea83537c965fd5a6f6a19d59cccabc4fc364337903839934b5220dc1c19224a883c
260971,000000000000000e14ea9336e34997f57432c7e92a04e4f19224597337aca21d,02000000b2591bd95dfcff0509f664c3048624f11ecdd91d79779818140000000000000020ccc0b41f12a6edbdcbf8f2430815408fc0a9be4ad0a40897c1969e5bab4b8704fa495220dc1c191e4a8013
260964,00000000000000138414f0868ba6615e767a7b2d2128aac35f09df177988f364,020000000baf34b3e26ddc858c7caa99ed2360d7155d86f398628c461b00000000000000b44d8501113dc6096425a4826b8a7be454d28334fa181c2e4f331e2732c2daeb79e0495220dc1c19f7a3e6c6
260817,000000000000000f8fe7599889422b9ebe0d968ca34ca9abc6a617aaa2b712b6,020000002c7b592994c26197c00efec3dc8fe8a0563d6aaede78c49b0f000000000000002ea7653d3230f5310bb39e9de159318454e4add02fd3478aa3eaa650e651c8558bb7485220dc1c1991ef8415
260686,000000000000000cb900b6bfc93335d3c18f1a0a4c989ed757e4570ce9f9104a,02000000ab0b3e348f3cabf944e30037568e7510d0250a398bf0ebaf1c000000000000005f51e2b608bd6c45e37dc32cdac4c1b485e4d0eb3043ed2bf3193889d6b5c3d31aab475220dc1c195d26dceb
260651,000000000000001b037537fe0d8a325f9eebe7dc9b22d1ccbfbfe8ad2efe74a8,02000000a6772c9d4eb8c19f3f5f6ef50cca05cfddb54eb6d73c863b160000000000000009b52ba3522e3df8a0b266784522137cb6af26dccda5eee4457aee649bf4e4ef9066475220dc1c19ca73f946
260596,000000000000001336131d5ff4ed5dfdd097be4b8cbcff4b6003dcb59e9ea6f2,02000000166389d7ed14af4bd40147bbf8b19eebd79e8922382152a715000000000000007874eb17e645663c248e0397347be9bc06ce23f07848bcf3e8e4deb6a0dd9cd88e04475220dc1c191c0b4d7b
260525,0000000000000010cbbbc13a40304ff0cfe5d5ae445ae8737e704f9d96d214f9,020000004c4b1fa0c89e4c4080d573521f63adc1657c24d9b3c92cc9020000000000000001a7201024df2640068fd6ca390eb1ac638eedf3556638b0441f8bc2f79e075a0576465220dc1c19db7b8519
260321,0000000000000006a0c6fc70ec033fb5dbd52d2782274453cc6a1f50ab199db6,
260289,000000000000000ad7add01d9af828475497530926cec04cd615b4890b4bb31b,
260247,000000000000000ffa9ebbf8fb05485d8df39f1a7f53bdae13e9ff75cb8e5027,020000008c3a4ef45105d8124c5d2d1d9e54cf215348a3744ccadd5f1000000000000000e8132d31bf146c2df3560457d16fb1309306612224923f71efc2b04551b5fe079b54445220dc1c19a4bd1b58
260247,000000000000000e0d0807cddc5c8a6e0fc125000adc8387de1fe2b939b1e455,020000008c3a4ef45105d8124c5d2d1d9e54cf215348a3744ccadd5f1000000000000000b82e9ed5c0ccf9660a92cfbf097fa858b5cc450fb4a2374a98fc25046dcf0071b954445220dc1c1997c11ff4
260225,0000000000000002ea403628ed9b9a6a890d81d0e4d8e7942b7ce0c4ead8089d,02000000c8d431f1041a7c22f187207ba9194ff423d4288690f87d93090000000000000084d894d88006ec3fd615f975d8bf58258155040a86f77248d5118f049943f47cf919445220dc1c19ea394464
260081,000000000000001cb44e86f5ec0bebfc276c5a545253afe9cdddab8cde463193,
260017,000000000000000f03c94ca6d97f6e69ffb70e4ccf7a6e41713613bd3ff8da6d,0200000076f2ef70061fe0f52c0ef15beb816e6d3b229d74e3c5dd081d00000000000000ce4ea859a326f8919de486e00cb979fc74b52c05e6050a17ba068404ac9d890a62a9425222222619426dbada
259855,00000000000000066933ad83e87fb431f33fa0cb9acbc5fbbc07fa7358b3d2c2,0200000085d3d3ec9241098515986e5b2792d9d4c8c9babf35e2881022000000000000001eda8b75f4eb679ed83e1c8e5e437d82969ccbcee814b54ab646f11a8cb28d8b0e9f41522222261927bd808c
259766,000000000000001f64492aeedd625adc4da4af1d259b16d93fe42e9f51d76c4c,02000000dcf5a0ea39c5dce5130c4fb9de1a95b5f272b1369b1fc8db200000000000000016d6e837cc42f72f28d490a473434ef2b256f847e9d6948b2e77ce49f2afd03d4d1941522222261917a839f3
259749,000000000000001484b74fa986385addceceb1e2b4d74683072ce806acef6514,020000006f8dbda01e70dd0baddee84a09392f4606dc87fea0d5cad51d00000000000000fb8dd9f082533e8a889e319a524adcdf8861798cc2fb09ffd949a1d253c5b3238df9405222222619b3e5c006
259612,00000000000000130ba1de80aeb6f4c56b22e9b45c6b41183034f82875d3fd30,0200000069a993d434ade13a6851319edbae5c98176762edd204a22b0600000000000000884909398f48d7744bec370ffe6dc907fce784809a2fb8ad2255d48b2f1f9105cf2040522222261909dddf07
259573,0000000000000010d938a4ef011b5bbf161d82174ed9f5443a55a8bcdb37a884,0200000006563f12f0d928be81fa036f7c9cd39a4462f2c11b0294c20f0000000000000026a2487358dfea75bb223e3bc4c807fe0c58b9c2e850a021663273fcafccb1a88ae83f5222222619399cd24e
259459,00000000000000031e64a813852cd1f26df23367224c7bd302b9f3d3d6ac6ef8,020000006fde87bc4ef6fc0aa387965127c2507399a197e4f592e3552000000000000000994faa00e4773af77360058e1fc6c318bec1d5979374ba6fe64d9b73e161b8473b323f52222226195bde5d49
259422,000000000000002586bafdd0588f69684ea95df931f15571e6944bfa406e5ecd,02000000f1e42f8afe9fc4ba1416cdabc3b4b04670419c798ec5d1ad1a00000000000000e1250841f05cebf32bdc7bef735fe854d7c788ac2c9ce2789150d4ff420f3791eb013f5222222619a88874cb
259397,000000000000001ff8ab94e2638558c6b3fa305fc75127a6eb67ef26a29fb8c7,02000000f665d588c4d2e077710414fd293bf8234d7ce3c3d73902fc1900000000000000b1ffd42570e292a7fb506137a5c1955a86b5df721a91df38bff1a768f5b1e6692dcd3e5222222619d698896e
259368,000000000000001464fb29c730f41b2cc8407f390985ab79def1d1f6fc689bba,0200000095a2474748dad8aec62804aff66bee95f56e1247007f719709000000000000009e7922a55e150a4d2f5bb7401b1d675010b69242596171f5de35f7d68271b5837c973e5222222619f413ff48
259035,00000000000000023a32412a3533e6174b133da78d89609a742d7219e0ea8daa,02000000a3328a8966e5cd8719d357eb1a6c14829356ee2fda8006502200000000000000a3e203fc004e88f596ad7b56ded3995a0f3563536ff0422c4e36b6ae30d982593b5d3c522222261918295b3c
258904,00000000000000040bb45bed157f7f5efc03bc85eaa09abc623c121bbfc1cd2c,02000000a596d82406f261de43ba4d8d2d061f8c3ded2dd59c8a31cc1700000000000000bf5c0eef62ce202df410d4e16712732b9f2cfb5d7711ef9f451c86c253c9aed09c753b52222226193232720c
258810,0000000000000012341ccf736eba9ac3bd6b3c52a2ca11cdcb4c97b5320145cd,020000008adb283cf550a77e9befc478fa74d50be26ebc26dd3552010000000000000000981c17a87cb82e2cc11cbe4fc48a66cf9ad785b8a10819ba411cce5420adc196f7c03a5222222619dcaa77b7
258687,000000000000001548ff8d04ccef167a1c5c4cb3422289a691aa17c14dfc862a,02000000029872cc31df0e731df4a476443dc84e2b015b68c0bab1f31300000000000000269ac7e903032c7ad893bb815cccd3039ad0751f9019298b49139f8211775796faf7395222222619cd1e8afd
258650,00000000000000182044e87a9cebd39da00e5a2aa970bdcd302392917882e8c1,
258649,0000000000000003aafc6660aa3d288315178447ad391a5f68011d4bd30deea3,0200000069560449adfcee30ff825ccb718009cb298c7b6ad1af006e0e00000000000000c53c780cc1faca5ab0efd54b06d04063078826314d440306332ad23108bf44bb44b2395222222619a3f3369f
258610,000000000000000a1002e4355fcd2fa833951db23a0ed5c88fd25ddb3afa48d6,020000008c3e00f9e071f53167424ce553efaf47f6460e9a20676225040000000000000064afc371a864d53bf8ec67c88c300a2a101e15fa7ddb167e93e228d4333cfade176539522222261923a47df8
258608,00000000000000166214f4f8be302cc854c8d9dbafb512071fd4d38b8b1ba08a,020000007580dff9f6de006a0911397d3c9768bae40524c47e6fc94c0a00000000000000506a81a38479313017baa734c4dfda77dc1d3aba70b8be0acc51674021c5248f8b63395222222619c204aa41
258599,0000000000000019858a9c49a5e1da715c600525c9df1e512f1d92a0c97040df,02000000f8ee1bf01ace139d8024d5161118c39dc275970f0baacb1f0200000000000000385cdb8445166ab8adc7457986160fe0a02ca5d7743e36f0ad7edfb36e2e0541ac533952222226193dcd9bfb
258565,00000000000000173e7f7a9765b328d186fe310052716658c3c35b79f3941f5b,020000009a4e169d58bb9626a9f9c181c436f65f53a202563760912d190000000000000089a44f9d53a9521364b6d6f309798f360e31d6077be5633d54aaea8266fb3c0f33f738522222261924140bb0
258543,000000000000001347d673e5dcdd14cb68741e2a9fe67f29ec74f5abd5739438,0200000006da06150a4dc1b153877eb2363e08d8ac9ab2d5d94548bd190000000000000015dd79de7555fe32c240348a68a2892966d0f8c68826b5bd470b32a33881af8643c43852222226193ce2fbbc
258527,000000000000000424db0699ac8b9b45124b86656ee06ebd759179739ec96e8b,0200000041986149ad9ef0596432204cd18f9784f42bd7e62e65b62f1d00000000000000ca956c8c4841cb068d914c57793508acf5ec6ace2e8d11ada1ac59e9383dba52da9438522222261960da534d
258460,000000000000000e01861377698dfad120ec9d69b5a247c9637a57d96654ebce,02000000f9abee56d76ccdfa4979968baa4b3ff632922b248865f1f21b000000000000006ad95ba0d18772c2cccde759d7a8cfcb9746704687d7c9bd4d5b97cdd74cf8e2700d385222222619bcf129b4
258437,000000000000001dbb017579223449755d61e572f7667a8fc651a37da758f672,0200000035a89374559579261bc4560ee8c9c1a18f596947772130352100000000000000f3df46deffc426f0578657c288dd595df66480cf1a75c7e4286a9345307b348886ee375222222619a1f077ac
258415,0000000000000025c3c39c43b3985de48e649bd76dcf6774873f47971cb72fe5,020000001b02f6e2985634d2ccc20c845df23228a0e4eb044bd2746b240000000000000009bb5f1c9c0a61005cf803d21de3b4509d8e65a9de0cea59ffd913bcf73f1663cfcd375222222619edeec1a0
258335,000000000000000f2f7649b6a3a8523cbe945d6a74a84efd7d2fa22a78b985a9,
258319,00000000000000163b856c21e2e95ce622437e73dfb39dd0f1d1bde20013d833,02000000ff3f009596c9c50bbd8a0e63c76b5bf8454d9431f1e31d0a040000000000000006f47b89d517ba327a4be1543c0d2f714b32c156885440b2f5603129e4a5ffd978fa365222222619e79dda66
258285,00000000000000119530fbfb2f3d23f4f568f587d00c346be5ff2963d776f5b1,02000000618defe7443717134934848d429e563cefd515a7dff5d08102000000000000009ae976936c13c623ed3ed4b25010c2b8aeb1af5126cf7daef467212c7f752d0510b0365222222619c6d68622
258246,000000000000001d265a0a3f1b4e31c90b854cd1b32112bbe7993a8c111f5470,020000006421989c7eda80ec36f18ef1f18a57baa1d8f3c774a834f40800000000000000c37bea66870fdf604c7eef1fe7cca16ff979c8d03182a238a955f6e171fcfe9484663652222226196d166b4f
258193,000000000000000a093cc6bc0a18d66d30ff2d5af116e03be33fafb1131bbd61,
258097,000000000000002525fe628adbeb69c7ff2d631d5ffb76c74a4452b6ea6a180d,02000000fee8a20a19092536f8f0e6036290b69e5108f3624b317d9f1a000000000000002af84e8b5628f438d8a766fe88d9ca13ce206c75636b429c3640d734b068cd8d5949355222222619b342d0a1
258010,000000000000002d93b45edb4819eb879f172ada30acc32876360bbaff6a3f66,
257970,000000000000002a39b6b8b6bdeb51e2e048da24e6d7140ef2ec6f41858da69a,
257929,0000000000000026bb9b8da207c3cb50388cc73c2a3bc48ea2592cc6a3de9415,
257910,000000000000000e02d04f8c5415630b3056bd40b15c02c3f4bce775ee81fdae,020000009b8070b8cb4dcb8af4b4ec88d936585d89b0ef873f95a5642e00000000000000d401c8f8aac8b56316440941456d891c951ace609fa480c7db4642646a6f9290da2134529c67311978ad4f67
257799,0000000000000029aa1f4563e72b875bf06990419f802ab9d869073516008228,02000000a31913a01a4b34e0a6e99faf9ed516bc15a9a081dd4d51f423000000000000000358e6042e32c86249ab949e7164a0a143132fa1e1eff2f094d36726ba931d6d377333529c67311953a2eea1
257597,00000000000000290997c674e74f5a563f51ebf694de0be872536391580a62d1,
257320,000000000000000bf3ef99e0dcdd88f7c7a57201317fb51922e723ed797ab8d7,020000008b36f0af99eb9c852228458b4a5157468e794959fc0ef6701b000000000000005c8ef11dcbea606008b428565ef31ee6f483d4f82a6e4df8912b1c4ce0964f863e7130529c67311949e628f0
257185,000000000000001b233cf24aaa203c5ac84948678289b431f9e968c0ba4dc46f,0200000009343eb960b6602fb71044eab98b01b02c7151f73bce2ca32a0000000000000062750a2a358e7f3c936dae3b7a818e78603f39ad444a68e203fd86ff41fab79cb17e2f529c673119710e877d
257089,000000000000001482e9f82d595e58fe425670248d30ef47b587acabccb53de7,
257079,0000000000000009e1aba8347b82d3c1d67a2ad096d772f59b31a46e4868c2f0,02000000dd2ab27bc3154eb1f51d7752c100e006d06dbf769cc42ba81700000000000000098bd72a9dc0fbcd1d4537b4d6902d8cf97d1536e98d557fc2c0b711edb23b46adb52e529c673119db7a1d54
256925,000000000000000232afbacf5ee803a2e5b3475e235212c7b3764c5523caa270,020000000b878075bc6ab5488790ec4636f34ea1e491f63e6014041f0b00000000000000530bda5a7265d53ca16bbf8c26b2a4084c502fc9ece6a001655eee6f221b993999b42d529c673119b9dfd737
256855,0000000000000018934c1260c3418e4f6650291dc4636137d7757b0ab138f373,
256717,000000000000000654cb893529170362899cbeb22adf38344ee5f18f35ebdad3,02000000db975bb721364f5d8b762310b9b74211c6ad8feb705c9d5c0000000000000000b44a30765981a9b88d6920ac919dbe0e32f8c7fdc85f2f8e82390645da8e7d6e29302c529c67311938d7f2b1
256564,000000000000001974cbd3e5d27c1bc7c605bc6e6c02a411a2f518953153a54a,
256559,000000000000002e0945284bbc96e41647478a1f43e8f6fc68b67c9e65c95302,02000000b4685667ba701f63fab15307c89430e03a336ce84265b03016000000000000006bf1b97a1f236b44eaddf521aa78a2987e4d639803d18b38d5e30d27d6313725eaf32a529c67311978d032e5
256559,000000000000001517ad79542bb611e8949f9e29a4e7604b8f965227d04a0f3d,020000008f64ccb1791a22f5074c952d201ad4f3d4a62abd332eddfb2d00000000000000cde15357cb8b749d5816dc9a5a5586da0c40af3c295e7441dabae6ca8828af860c482b529c6731192bd46715
256559,000000000000000f9bebd3fdfc86ed47161c711846c11ac33ec8c25612d09415,02000000e41ca9f9175a0912f78385379e7f5e6c388d2c5dc0e4c07d090000000000000049c54c3760a8a13c05939e468259cf21e36f8b60ee1264c59aa3719189017074ac462b529c6731198ccf9445
256558,000000000000002dfbdd2e33bd2aa6d4f3d41a202d954c07f5221a79b1cc648f,0200000025d9894a76ce0a2fed5d8ba1f7c2dcfea603bee83bb97cdd11000000000000001fb3de9c92fd2441b1db4ddb6a30f0b4fa949187598135d410d79a111044bf75361a2b529c673119b35511f5
256558,000000000000001630b06542e86c333ae03094c80753b1fa631f70ba675668b4,0200000025d9894a76ce0a2fed5d8ba1f7c2dcfea603bee83bb97cdd110000000000000031f8a3fc7d5abc07392d18269a10334b71ff7c76b006be2e53491e847bd2ef9951d62a529c6731199bf3bccf
256558,00000000000000097dc0e4c05d2c8d386c5e7f9e378583f712095a17f9a91ce4,0200000025d9894a76ce0a2fed5d8ba1f7c2dcfea603bee83bb97cdd1100000000000000ea7aa226a3d164b85716a25180491210b617fe11a7f1aaeef0ea85c3802fcea80af52a529c67311914f2adf7
256558,000000000000000205dcc98671ad7a96cdcdc028bb94b3d4f9922f49ed6319f6,0200000025d9894a76ce0a2fed5d8ba1f7c2dcfea603bee83bb97cdd11000000000000009eee2cdfa669855169f51831d0e208c00d40466c4bbb8d65e38af2b0a8d2f8bb0f3d2b529c673119d488a1d3
256311,000000000000000be42529d3a1df23d476150c15e7042220254f4523186d5da4,02000000ea208be07bf172d89daa7e142a4d6e6ebc8ab5d18394219d0100000000000000a3723500796d1114b31510a615c1bd004fcd23fb9e4330a4ae7983caba223b8156ef28529c673119dfe4c0a3
256299,00000000000000101470d29b717e38b85935760e68e85e18ee9338df26f0e658,0200000083b93ae3d31f42884af83c89340174eed0dc4b43204ad15b100000000000000099c7d29f908822e467fd4fbd43368cf8d1be722b687a50c02de75d6bfffdb92474de28529c6731198cc9a91c
256095,000000000000002ec05775a891383d91da1c9ed965612e57212190c5b3714e00,0200000072d4ae345d874503ab3c90fddd03e39f4ce2a83a2b214da0050000000000000034d17f74e72f2a9b3abe0e10b1cf42907a6d42bdd173581d7c6b25ba89d3e88ad74827529c673119189fba37
255996,000000000000002ce4be7d1c1029fe458fe20fa5d58b76c66299726bdc1e0dd2,020000005144a05522a53f56384d7bf5dfd0bdafbd83c719a89011e22e00000000000000ce5da49551aa88a0b02c9a3225c8dcb9da27352552f0754874a57321db3bf7d0a8842652575241194ba6b992
255882,000000000000002b4597ebd23e8ddcd97f3d730ade26148e65c390e55408eaae,02000000c13db704cb5c5d9fc892a89b6ba844fee8e0b07c76a078fb15000000000000008eccb6da87ca6c48a29dafcf68a941178015ca2dc93ddebf8c21730c351c4ad6b4bd255257524119183c8e82
255712,00000000000000339d86b6c182ef6ccfcd1c39383da1a9d58fc92a330c0f5897,02000000bf118247f65388e3087198309fe80a5f4b4905285626c94d06000000000000006803577049af2701f232f76122bb8c069242bd51dc9213cfcd018c976b362933388d245257524119ae29bcec
255579,0000000000000039e2112eca2bac730b2ac9f25757a7b0a62afa44af2a1c0466,020000000583049c5da37d930de147e1c5799021c7f7403ddb4dcf381700000000000000d62ef7399a3f2783b5b220fd42caa6093760aafd5c6e480eacfb33f582e22c7741d32352575241199fd3eac4
255571,000000000000000753833deb210edb959003755a17069df12b6c717b200a345c,020000004c9149ee7ce9d92f35c364d4c954fbf30435cf8c4cda93d41200000000000000a0976ead2369a7fcc9f4865650dcf252598589b2d512a7d095bdfd699c31c3e3cacb23525752411918757305
255243,00000000000000280045c1b113052292291879b4b12e451143100a63c0ee3c7e,02000000b8a3bbd700f0c765c2e81212360ba0fab83a3a821958457112000000000000007342eb4c3c61c8d1ed37dca82fa9a9b119f10e6aa3c419fe9762e13bddf9f4a0ffe5215257524119469fc85d
255200,0000000000000025aba391aa62d7a830f1b72fe34c596caa0c032005c7660655,020000005d5dfe949fa7cf40b5f50dc200e657734aa32e9b8d8114a129000000000000007e839eafa0ceac82048378fea71c7fa3916734d02a550dafad7d279438e4d0c2009b2152575241191c7b7a88
255102,00000000000000167896a8bdc5953e47006f307f5b2176a1d0544a3c718fe29d,0200000007faeb002f5bb95aa7b4a1bc10f14a89f68145feac39a5e00700000000000000c55b82a11837112053ab207c0f46eeea8ffbe53a8509452df78ce907130cf8a122f9205257524119eafa558a
254806,000000000000002b0c442b04215b303704f36c0e8ca4ff678c43d865de1bea1a,02000000e9f4d68edd0a1f7b8dc69dc8c105bd4836b81379617d9f2d30000000000000005b7ad18fa480f866eefe4b1aba8bcf0158949a59dacf33279828e7c6c0ae72cf60001f5257524119120c1a7f
254585,0000000000000009526f2bed15d36bf11335efb17b81a014c449b59ce9451eca,
254339,00000000000000019e5de3fdd2b1b69733aec1c7381ec492e4b9be8d66cf4484,02000000d81efcc9e30f1cea19d34a48e93580a4c3405ac56f61c336010000000000000051e74385527d93d1c6ee0db2eb24b26bdbdae0ba95ab27e1156cd50e874a2bcb6d7b1b52575241192bb8ec4b
254329,00000000000000029c22763eff84e91117aad60b434fd74ce5d30ff3a60768a1,0200000067f65a1eeff3a153bccdac7f8b164e5a590ebfe2d4665b532500000000000000277ddbb19bf4390177e76145a738f558c3589b6847082b1ae3c1f43b251cc42b50711b5257524119503786ee
254222,0000000000000011e2f4ef2e41ba73b635624ec8c739e9bfa2963d77ed237ef4,02000000d0861cbd333b411c584971d7f646dbddd250109dde9b9fa0260000000000000023715450a1989cff7c4c0a2f69e3aa1928981be4600df00e8a892b30a303f554118b1a525752411956f189d9
254209,00000000000000324e4716bf5ed7439321fefb18a01d4792db2862a2841195af,02000000936f061ec39b28e83a269e7a517b4bf33fb3797db100a7910a00000000000000ca47938a573cb4c84e1adfe923296d188e1d5f7cc209208400fdaa32511fa6786c671a5257524119dc43a5d8
254045,000000000000001d06fdbc7e2abb56f393a9495a859ef6d6196df5875cfbec57,02000000b0fa235486dc248805a284ac465532aee0e4ba138e7836e914000000000000004a05e0b00e0e42c31a0bc1ff091ad2bb6c7bb790afc4d0db8d4dfacefb6d54cc75ef1852575241192cbe2d70
254021,000000000000002bc403a91436149dc6d4be97b05b0ba7e10894f6b2a04d2122,020000001b9afa42cd8f49f4d36cdd28e01c5f628e33e49c5287d140030000000000000016b5019fe300b6f0d52fcad697569e0d2742cf05d2eb9b89390981464d26e34f1ec81852575241190626c41d
253665,000000000000000427a48057a5fcde6d7de7a95efa308d9b82cc415e3ed8b8a5,02000000706448cfee1514593a7a294b4f183bafcf50c15f1b0faa5027000000000000006c9f87eefb1f12afc276e2f9d2670a5b51e5a86967b8eb07130583ce55c53f94be711652328754190534a74f
253662,000000000000002d7d6e3441a3cb18be4bf10f5d5ad1849c729fe7e249cd2774,0200000044d27548ec3174b577c94408a0b5c2cd10c631eee355846d2f0000000000000008e7fdeea3c521884dde95d1de5570374822e66b5c24bf9287df0cca4693b144bd6a1652328754196200e9a2
253600,0000000000000051637e9a0ccbe28139b6f0c817a17a38f7832dffe213595877,02000000f3090454d7a8f4f64e53e63f3d30e15c31b9d306fc764a741400000000000000abaa8161fb33e60f3bd08c1f333b2ba08f6c682954d6a973e9cf30acb5e45177bf05165232875419ae525c23
253346,000000000000000d1ae37e71d4397a8fb600a134fe0bf2020b57a902b4f56ae0,02000000138ddb5ca7274a0996fa91f373fb3154b45773aeb945bfdd08000000000000001659d18ea247dff19b999e6f035cd834927024eb84010d99b18aacb400c8d27d185d1452328754191bd4b221
253111,000000000000000926ede07648a8c7bd28551c097f8758fab3dd4c1759b26f80,02000000fa45c05645c7590f18bc38bb61b496fadaa1768da3752594070000000000000057e5227fe2e7dc7530106fa546aff5afc095b5fa877e8ccf2b67f2c224150a2a8bc1125232875419073a93dd
253036,0000000000000000a18b3ce2553a45a0e709b5487ea9cb4b214ea001edec5d36,
252894,000000000000003538606623d3ee41d544c96f20b8ec28a5b732e305aceb062d,
252847,0000000000000039719bab80b1d751d6a264ae78d11dffaca5a0f4d5d9f616a3,020000007d431fe36b1ab1ded0008eb85d5169095ffd32c48b6297703200000000000000bbdc5d07302a2a54d295ec4627e070378b8346fbb597efc9e4640c6a0f37bb9e0adb1052328754196929c858
252779,0000000000000017c7a3d87d87849786e260c17a4e273a3915c55ccb086edb20,0200000068c96eca3497605cf113e0a780c3f596ea889ef6f9dda3232800000000000000108ac71bcf89c118ade28eb2d2a83e78047fa6eee9559decc36e5295f4e02f8e31631052328754192e651d2a
252762,000000000000004232a1e27311e75d07a41291b6574363271de13feca2e28f55,02000000b75fbee9a3750540825a77aa8ba62702a767108f7d3365f90e00000000000000506e1ae4285fbcc4341c2b78a1d16ef763817daf3e9191fb691128b7126f1f34b04f105232875419c94e6669
252730,00000000000000153cccd798071747177982d276333240c37ca74d51caaccda0,02000000c52221cbec43c2f773e0272dc0464537f4ac7ec42d1ed97b1a0000000000000070fca8c517a14b5a18567df092dda75abff8ba44da5a17c98a68fe372e93e5e7ef12105232875419b45c7cb1
252722,000000000000002f91a00e787a54668d3a43981ea184b19946e4685bd5df6217,020000003ab5b09c9382832c82cf0a5bf9c3f878e9c210ec8821291a0c00000000000000d5f22e9e19795f13cd1692c2e0c609e0b31197c825bc70c25d3d56aefa705712911810523287541972ec151a
252705,0000000000000013676d38287d4527458ee7a0d11a8cd0ad878d9625498e0ba4,02000000ca71064d7fa8720a14402e2a03a59445d1a2eb740f0efdab49000000000000008a746f95e067e103a7192e1494f0ca65223735da52c6dcfbe479449d95a19a2a0ae70f5232875419c8633774
252675,0000000000000010ecaeb117f90e1dc0c3b2282dbee50e6ef25c2707b6617f5d,02000000ae1aac8f6178ca9528ebf719d7f3876c253a0c0a5b3a2deb3f00000000000000bf93ff28af346648dfc7b3d9876dc7156e3c03eef73c7d630190c6fc781e9d0bb3b40f5232875419e8192424
252664,000000000000004c2611d54a8ed3eb3aa28a72a888a6a1aa0eb8ae3fa88d3fc2,020000006ff50994f3f46dc27a6947942384bf33bfaeac84b8702fa92500000000000000933b34b3676c39163b7c01441fffce6826f95ec76167321dd7f3034b5af3e5364a990f52328754194430d72c
252635,000000000000004757e25b4babb185e0a0f82c442e11a11153c9b6b6674ab2b1,0200000089d90ae7ff94901470134129612f2b02ebba2cb5376f90ff2700000000000000e03b8d23656fa5639eee7a50c488a0702bfab2f31105851293d0588cf9be985c20650f5232875419091d92a4
252524,0000000000000052c902b4c7f725da58a96a93c5341182e5bc3b9df67b94de3c,02000000ff1712481a59a7765d472e09366e670af193a4001a28854518000000000000003bc749dd90ead95dad0acc7fe1f4daee474fbb97952c868eeed32009de763de586a10e5232875419b4adfb63
252520,00000000000000213fbb6c0408bd87f38459dba44b82ebc899b712d3fd458643,020000006f1adc43c544f09be64170d15d35778f1076c1549c3628e11c000000000000004bf4378277a065e14eb1061309389c49ed027cd6f99ac1f14afffcddba74a569b39d0e5232875419f0143a1d
252494,0000000000000018388c96d5ac872b99dcfbbb23ee6ddf787cf48758109936af,02000000cfa3c541fedb94c6aabfc88c89cdc8229b2327dfc80459bf46000000000000000bbfcf210b30ced0d873563e506c7fe4a0216a64dd80f3094efa415a43e9fbd8bb6d0e523287541947be1152
252481,0000000000000049ffe667048ee8901f5609c48a9ff71319445d19bf7c1b09dc,02000000b0850b92a382cb6fa307fab91d7148b3906661dcdd812ac53000000000000000e74bc1689b2e70d174efa7dd1c55bf5beb80179409438743a7a66cfe472a94ae8b530e52328754195b59bdf4
252384,000000000000005455b6b60503fcc9242def7346e428a8e01512f5f8072e3213,020000003d683ac529b84afecea472adb2dfd1d2f73687ad093677e64000000000000000c09c497777589f4c2c14c0da4168b9631c6de9c9a07033fd266b58f57071653040800d5232875419a7a0426f
252336,000000000000001ddb44cc0ac0fcc710f7f619cf88172018ab61405943da2f3e,020000000e2bc6397c492ff6356db9361b6e3c47ca336af8c3fd34d7490000000000000063aaab49812a160ffe16059d6208bcb4adfbbbcd794a5102f33744cff9447906f32f0d5232875419496829e2
252313,0000000000000052f1b8a46712bd4989ad27dbdbf94779cd4a5657f5d0ee7890,0200000065cae191d1256eb244b676f6f26577ef46f7760e1ffc76783900000000000000ba7a218dab1cf66de32e91850536f641774ce2e0d77c8e5331f16d94fce4a39ba1060d5232875419a37101bb
252279,000000000000001d6820cdcffdbc9ee2c58ee451e1f6c5f00252178abe6d6fa3,02000000398f0f5e543cf70e848b2b9ae8738ef555d9eb82ee53ed854a000000000000008878859660817c3a59772f3057df3c334eea63d930113545e3f15ec131886ca1f4c30c52328754196bd5a99a
252260,0000000000000045800b25aec5276ef79eedd722e9cb86202e4dc9dbc7560be8,020000007b3907d4ca7741e6153bb718728cd0d3273ffc89ffecf0ab360000000000000066c56ed081e7f93995f009c2dc63f394c5ce1faa38baa0f5f1d9d03dc0508f548a9d0c5232875419043417f5
252238,000000000000002efa0cb0f6f0c6b77e67ef50dfdbd6e2a3f8b1cc1c5d7647ce,02000000f518efbe287fab074bef2840dc0cf9058f49d038513227853b00000000000000e312b82bb05a77251215bbf7ab3bcd0489808319f3c4541f9110f42426b1e310a26d0c5232875419c0b467fa
252146,000000000000005122ad1d9efc9d6c63987bccb2ef19f8df8b6456735429dd4d,020000000096598e97ff98d21dbd0f2d72c668ed04be8556e092531540000000000000007ae163b914b3c7cf6d46189827d666598290578bb93d1a57be177876b18b287dacba0b523287541926be1e6f
251312,0000000000000064d4d583cdaad2463237e839cc1884248d3a3c3f3f5fd48432,02000000cfd14daa31add25864037a033c604a76af5060fa5f3cf5692700000000000000d24bb884de660a0b72eec6d4b6f66f71534589089469f78a3188f03768d57016c7260652f2db721968c6eaf1
251268,000000000000004c4218e72fd5f74b37ea974c9c390a67bc1fa5076dea62c757,0200000092214c8cefff10788eb4da1d6b86463975832c6bd080ba7e000000000000000068682c7294ebfe1cbbc41b5a0b085fbc867abfe60dc6a645e8380ecb670dcfeacfdc0552f2db72192f6ecbd6
251126,00000000000000181880874c587309fea09a84aba5848ce6437b29c7ff868156,02000000597cf358198f9fa28e1c507381b9659ff8284906a7ca23b82200000000000000065e66d10c191933cc9602b5bb0381da59dacf0e2e2095e9d3a4c9b747be04c4faf40452f2db72196f2b2078
250927,0000000000000060092d892aeba2146a6b2c5035cb719753a77af01d44eb22ca,02000000f00aae88509e2bc04f402d65bcaa4bf3f21446a31e38d88b4300000000000000af46826ed00844a615594c4314323bfdfa068d740aebed30b1ea57f47465e8cbc8b20352f2db7219d54d256a
250838,000000000000006312590cfd4f08b644270b5c0746536fd1263c1097324cc1b0,
250811,00000000000000035b4d47ecf33878c47ee68180f88ad7cc6810596c65947afa,
250790,00000000000000470ffb581a178b803d5055fc5f290f711b50a341640d20d9e4,0200000057cf68f6e0491b2b021282c4b03aa37a3c54dd4efae122e640000000000000006a6ad81173ea7da48d6302ba8e63f23777ffb165f2657d614f77972f90b8ea14d4c00252f2db721969f73d91
250757,000000000000005ab99d825c7dedfcca0ba079defbc623074af29dd4144204ae,
250652,000000000000007229ead211307cfc85ed815c4a2ebad6e1baac3e17eb0a8854,
250613,000000000000000a7f4cad14e8b0f1fcc62bb6b9739570d9740cef2cb5edffb5,
250533,00000000000000482a948de5f4ebe6937d55dd4ead5955f60e175ed6d75a36f0,
250532,000000000000005299b559068f0d38520db0d71f38ed6fdb842d85e18839dc86,02000000b3a604590958b4b9a0ac96b47f1d04e61181eb1aecd6764127000000000000002b6f2d732ba6370614c73dca814dd9e3902b659004f7eb18d595670f7001207291f40052f2db72192586221e
250509,00000000000000580ae2b5980cc0f3d30b94389792bdb8860ba504953ad5534c,
250380,000000000000006d3dc6203e83f9e766ae025bc0a6c10a93597ee0f60a10f240,020000004464731c7edaf7127099ca679b4bc6e7820ca6ec7437c4522a00000000000000aeb298b3afa92b71709bf5ceb082f40aff9727ee976611e12e1db225ea58c81d5aed0152f2db72194c9d5935
250380,000000000000003a26374b5750b8b6cef26f95f1feb84b31363e16f21231e056,020000004464731c7edaf7127099ca679b4bc6e7820ca6ec7437c4522a00000000000000e8669f3798784fe4ccad2f267daa537a75e7586ab0f55bbd311c7622bdd13cc775220752f2db72198b76827d
250380,0000000000000038c20a44bb219387dc4da613a8844ee56416afb9719b85f051,020000004464731c7edaf7127099ca679b4bc6e7820ca6ec7437c4522a00000000000000ef39b6d8f3675868e6829828933d7c7d527f83c4a02a8a22d9ec749d8a69374fedab0252f2db72191488ccc0
250351,000000000000004387d3f7a2a8d76f007c830384be583a7e0c8ba7aa7c59c372,
250095,000000000000001aead4325694b63342312982330804611d8fe1732a89cf4c8c,020000005187d51b2f4d4e65a0cf74caf6835efd8903029bae59a9021900000000000000c7ed2cb067f9f462a62650cc5a02a40343158c6070c1822a68467d0e48ddd4005ad8fd51f2db721966844c98
250084,000000000000001cb18922514d34983c81ab9f16ab90c7576d03222b72e08d11,
249914,000000000000007705e9ac578da7fbcf64026a05d58fe970a35f132aa88475f6,
249910,000000000000007fc2ba09de21a3de34aef6024d233a24c48cf77ee08a2e8d02,
249892,0000000000000026fbf5cdb070aeff4ee97dec51295d2c7fd5d843b72155e520,02000000132aaeac64842795db86b9fb5c5d405f5084f37ba965af971700000000000000a40563a300f0f8efde83948a7275db27c52d291d5651a113e02b65951d3988f0f541fc516889001afd228d54
249716,0000000000000045e595ca3e8d49e87b2361dfbb495af489fb6079a425f1a31c,
249686,0000000000000029c3be4ce66767392481c4aed7992e0d868b4d0d5d433fa474,02000000d5e3f9bc33a38d2206b73112e3a9acba2e97fe5b8d22d477590000000000000030a9aa7a665f046d77fdeca4f804b1f44edd1160aa59ae43c11936d639dc2d91fcd2fa516889001a5eed23e2
249683,00000000000000834d94398221f6fe25e30caad59a3aba4a635a4ffc00cb94c8,02000000fdd06fe7109066c81f63654bab97dd20878897b43ded61102100000000000000de8e89acc61394ed3154d89e33944935b1edd7aaaa13dc373943019b83b686c6b0cafa516889001ab78a9241
249672,000000000000002724456250e29c52d299f185f3e0c781fddfccb5509db5e496,0200000020fa8f1586fb67950670c7fbe74ea1be42a30fbcaf4f7b881e0000000000000010fd3fce2382e0c15b684989c029c69e17ce0d257b663e35eb8b0f5fbe3a12f78fb5fa516889001a1ca37fc0
249495,00000000000000167be43ef7f48e21b9ba9e63b047f0ce23486d86e83dcc7e83,02000000580b7e7374c67fc82331e00817325e58ed9cfe8bed9bf2a02500000000000000e6bcaf3598b5ff057cd54b9049db492ea9cd21e811e94e91b1ca2ecfc1825489ac7cf9516889001a1a817582
249472,000000000000000af6c7713ca9475a16de0fecae69cc69645cad48a88d2a4c4e,
249433,000000000000007223796d5a2279c390e23dc779d5654f1653df771ba306c044,
249250,0000000000000032ab6889fe5caac110c0e508cabc14fec80d177ff174516662,0200000051b4cf688dcfed3f40ebadd63097b67fa8c08a4018ff3cfc590000000000000028e1adf0d9eb33e105b4eae63dd011c69a179206a6c1a9d4eb9cc8ba2baade5a49d6f7516889001adb77001d
249012,000000000000002558b84861d3031808917c7f5fd5934d5cc4a60c3062044ab0,02000000c860f3f3d983e631510d68a4c4f09840674222f188dd1b0662000000000000007abd69dc9046781cd3f7c617d0e7a3531ff96243874c021a1aed899207f90a82111ff6516889001a9e8f8250
248869,000000000000004a0163f3450ea234be5eb64af35e952fdccd92e67637a7664c,020000001c740467a23f411a77f9e75a8f9e45fea461065a3352f5b5720000000000000061f88208c99f223184dee1c483e3637574347bae5ae068046f4911b8dc05fffd87e8f4516889001ac79064c6
248814,000000000000007e563f53934c361a1f9608d94b452e467ea6af36719900dceb,
248671,00000000000000257ea11b8be767b45ad1bc094c3240b04fa46a6f9db217388a,
248641,00000000000000440af0b72df4fed9607d4856ee96762aeb7f940d7eaefb9aa2,02000000daa13122cdcc6224b5832e580818163f134263d6bcba05856f00000000000000e91af5fe219420f9e870ae96da4b82a3069e8ec2b982948b680078a4e0a5f83ccd4df3516889001ab925878c
248360,00000000000000346e6232dbe4f1fd6a6f0b74837c7cce579a7425bcde716b61,02000000f2f998ee456508b7b2aa5de3a97be1ab4b68568e58bd3d1a5700000000000000b6e53cf8cd82bc9d706f24d2e32d98bf8b4f0b28baee33aed79b805dfe825e8391f7f0516889001aeeaa95c4
248278,000000000000000af338bd0baf8bab66ff037b23e4a920da9f3d419d2e16ce18,02000000d48d4a15f93a305c745d755755af27f2c0fc009098ecfbd07700000000000000a7faaf503f423ef44fb5dd1c6bec42b69c12327e69bd8580e868e1a78653f542cc2ff0516889001a85e09e11
248090,000000000000007917ef48a14535c9cb9498e7048fd8b53055413d080a67200f,0200000018f53eeffbdf5f7e4d4dcee569e5bb826207f8f0c1bfc4021000000000000000db51d2a46b0a1fbc61a1a90f2dd2c9bf559e91f4be26cb4319fc748b9d5500550391ee516889001a5f5567e7
248036,000000000000000a23e79d684936efa4cf9c9a9f64e0167ad8a2dfcab1e54efe,0200000034f6c9026031f796663c86e42a57a8fe69bc2f27c7df93c97d00000000000000a28179a914237ddd4fc303063664a4409e0f6ca17ffff6fcfec001a88f755d26db0dee516889001a1ec27cb3
247853,000000000000005b39076e0d019e11a945e4cc6ab08bb7f79b7182d51fa684f8,
247779,000000000000006a4d1658ba0ce71ff99774d0e94dbf6be959bd2eb0686fbf0f,020000009b6830d8aa057cd37c5c520449f124407ed10485e3ba3e187600000000000000ff7127c1bcecf9d00286f5988b103006ec5ed1605a272335e5ae00568947fd7b601bec5129a4001a63462988
247735,00000000000000444f349612c7ffffbd5c8f6cfbf2669d0094a5b93cbd16f64f,0200000047c9d1918542eeb4043ec5e42069facf34abf635f071294c1700000000000000428e17dc8742382beb6734cd8aeac9fcf76bbde52925acca6c38721e0f736eced9dceb5129a4001ad71455ed
247624,000000000000000b01dea8aa01023877d3976b9a5263396f152dfe2bfb165645,02000000dd73aa1b4f94f218d75eb52a58384075da0e0fecea1d22578a00000000000000e956750e6c4502a24901b2ea70a70b690a45ede633ffdc3fc5f6d02119afe5b7260deb5129a4001a370b9878
247531,000000000000005f5a6f009f055244ba3385d78589f2949cc42056c979a805fc,
247201,00000000000000932358163a7c71a6036983ae9d120a88bd36e74c25146778a0,020000005969750db051b40a18c2720cdd732d178f67e3ed47b684277600000000000000f295542fa7256739f88c7fa92a47c511e538697776b4c7414d330e7e8d479e150fe5e75129a4001a33a1e026
247021,000000000000001f0ec8a407df734104e0f6242f3a6830dcc133ea424488f89d,02000000fab38ff24381a7f92cd5f57797c72e3a54f78d01e919380c90000000000000002daaf053e5e901a805cb4496a23f559c5ccea9e995da1b0e0bf43fec7ac78dd67685e65129a4001a0e324f53
246240,000000000000001ac9a1278871107c8445de592e376b4040049c4012e9f730a6,020000004042e00742bb09acbe931ad8f5a94357284f7e82fb35941c0800000000000000182fe020b8401d3af9dab89356fd8a15649e37c63142d23de03be656a06acbc28137e05129a4001af889febd
246024,00000000000000912939367cfc56a4c0998c4a08a4ea402d6b1b47b3ef6d1d13,
245885,000000000000004c3daafc2d26e73874272d15a3acdf7511fe404f1b6bda6abf,020000004a3092e6b7be051e340b7c4917ecb4fe494e9bc3deab0bd69f000000000000004b8686902c343fa5a3af6bbc089d15230afd8eebb06e9f05977a8b9c288463b5d69ddd514ec9001aaf7dee3c
245866,000000000000000347d8feb48f4ced6d609c1fe00de51081c54aeac65de6037d,0200000056f44091a274bdc0973010dab7ba90aa6141d19a213736dfa90000000000000073bc14af3f1f785c89255fc9d3535b6d30b4ef3a9947329029d2ceed9b611875b475dd514ec9001aa08cbb49
245771,00000000000000b98a0950a8f53619803cddd32616dff218ba882019d0d8c7fc,02000000ae94ae01a22bbd7de16e5a7b53a3d37c6dd6adc42b6edf3ca500000000000000142856f3407e05b33e216a796cc250e199f57559e8df932904ca9f17d40bcb587cbddc514ec9001a07977a0f
245741,000000000000009f1f6c5f9be37a7e551a49ab6244c357117026ca73b6aa8f96,02000000d96ef9d1de3e3c16f325239eee9a4ecfdd5c75d5140ae2f47100000000000000df35ef5e025de01788d5813132fcaaa5775e593511e851d22a0a4a2807182829c580dc514ec9001a83bc5379
245583,000000000000004bd4603c4fe7ad27c08184bd56f9eb5652b1fe78d26d05e847,02000000d320115fd17ce7d68ac4f588b46e0d76b76b8fecbb3ad942010000000000000020c9c416eb26c516c339ca71078ec7e5fee6d7c5709d40e97d53c2064cd6a46a136ddb514ec9001a7d107b64
245443,000000000000004dd3dc17642231eb978e6d30af42b55d70f903c8d5dc25cd18,
244821,00000000000000128fa3557d87835f09a5ab95e9139f873b9a71d1e907c0a23c,
244804,000000000000007ab3b55676cbb9c27c4e2d8d8b0b11a6d737c88f721d2ead1a,0200000045123234639610fdb11ddf0fede0dd4ff638595fb3404b59a1000000000000008adf5029d74a586502d79996e552a34e682b0ffb415e2e56fef0d745988917d174f2d5514ec9001a1941f591
244416,00000000000000a53c983dbfa606deea8a36e6da8d39ae6b3ef8c33a36da57ed,
244307,00000000000000294ad9a519a074a732eecbee0a9651b979908117c297130a35,
243890,00000000000000c9606741342c61bcd798e0a365ad03b182b4d64339fa1b6598,02000000b38f7d8fa4fc2c45f8123b3b4b1d201fdc879132a95775174b00000000000000fd8a84509d22ad33df4832dbb954731ca7cbd135900df1368174af9973e4a7dc4799ce5115de001a51f3035a
243758,000000000000007b137ddab6374acf93ae3ae21488ea3e50851ec9236efa75d8,
243746,00000000000000820d7e1cff695495284cfd27136cf60146add895f4a81761bf,
243567,000000000000004f5690d30644b5bca8ca33d290c7fdf6632b90ec8b270a3698,02000000fcf44caddf7080b44b9a66eb50deec16c8b07d3ba9df0e6c8b00000000000000889b35a3e964f41efaba16c64e5d4ba64e02f920035ff85962d7745cef173523101ccc5115de001a2f850e8d
243446,000000000000000fede24818e3c5fa90325694b773648d68a0c7033c669cd467,020000003f761dc3cd6863c27c595a596b4fa3a3259d4d196c60e3425300000000000000ca56f8a55a4b9f19b0e4d2f6f522b5df61b23e922b9e76521864b4d8b836be2a2308cb5115de001aa700861f
243403,00000000000000a8062ff50f66bf87664a8539d9ab785f0716b36be85e9d7ad1,0200000069b790e4800418ab08774f208e4f2e8fccaaa38d6b23659a4c000000000000000a123ace8056417d16b98e0739a3a2bf0725601ab6d7f1811e6001100290a728cfb2ca5115de001acd439e53
242795,00000000000000d5b1f34430b9f596509ba496df3f4e6ef728223d2b72c2de41,02000000867c7976a77c247f392c751d4c79526a85238e5b6c4e375d50000000000000005703f5666cb17914a983f8205fdcab7abafef607dd584bc8e3836577f1fa1a741ecbc55115de001a939cbeca
242688,00000000000000a25a8bde89747825c08ca3f2835f52bd74649a37418406f69d,
242610,000000000000006c07a6fc7edd28ae2d0f6f07d56d514e67c5b4c2429ad954db,
242525,00000000000000121de239903219f9176efbd00a8cc933bc32187ba89802c944,02000000375d5c5f1080faf959f2659ae7619250cf11a96da25349c4d000000000000000f7f1d388dc67b0e65a73581a85d999054cc0ae224bcb82ed82422f83f68e8a92b4bbc35115de001a187d6602
242494,0000000000000058ad51a95133b2810e6abcbf1aa39dd3bbeaf6c27009642185,
242455,00000000000000c4b23663d0537c791aac0e6b36388c2cb6a23f893b0f91e92b,
242435,0000000000000012ea2799304795ae8ebfc9fb0bf158d460c7cc04287f3d34d9,020000006432b5990f5cdf68d5c7f96d7f44a9bd8dc1aa96ca2e178f1200000000000000098dd3034b3e62f8fed4eb4e021e2fc3a7271b95bb837f8d3d6dead1dfe9e1bfdeecc25115de001ab8b28785
242251,00000000000000416bbc20ae3fe2ded7ae2dbbf3c27c48840212bb59e974fbbc,02000000973252c43fba4574faafeccf7a60d98c4a2d12aff0c4f9170000000000000000e0d7d3788fe371ac89a4ff093b4b88c85c4a2ac791ced7681cb54e36664db640295fc15115de001a6335c8e4
242115,000000000000008cbbfae08e526b1370c4b075c0d45a7790c9f43ff907ad679a,02000000de6a051b62ace7835ea24803971da983d722075ae880c3f87400000000000000a5d655b30c0e72fbc514eb389913e4389557a3bb6991837c2043de1207e2ef6333e1bf5115de001ae3328218
242044,00000000000000ae82abe1bc6f64ab49b72ce3c8e365565a76acb1ecef8a25d5,0200000070d6c2b32ced4d33522b8fbb6dce513c57f8528fe577a4065e00000000000000f684e0e4a6837479526871cfe50ab050b7f408b06769649cd8a132cf75105818ce4cbf5115de001a12243ca4
242035,0000000000000098a45674475154b434d8f7a566b9c8605d27d299ab845c342f,020000000e3f7f39f0f712a03d84464621bca0e4b3848edff3b35a647300000000000000d252ed0c389fa7345f8906565898cf824a0975abda97dfce9ad94a55939ac7419d3ebf5115de001a484c6d1f
242020,000000000000004cf8f5ad06ccec0f51d28a0116876c3e33a915d8cc661a4b89,02000000f3cae80c0b7c87eb6d40507924a942b41fa76eaae189450dba000000000000001c9b3a52411cef9e0e0344dec0b8f088847bd7ba01d20c8ee8d9b6143930b203981bbf5115de001ab520b929
241931,000000000000006cf202a3df7370137b61a101dfc041f5e8aa868bb368a01cd5,020000003c2d7a54c50696db4356d518b0f5778237a4b5a53b4af2fba700000000000000b10462b7ee47fa6a95b112c29bd6f9c24ababe489feb76bfe5cbd646dd10791eef4cbe5115de001a2559e8b0
241830,0000000000000054d37ef77c38bc5327d29506862acd7feb12fbdfd513708621,02000000ea5d6586e9a290bcc873ebc6fbb2ff20cef5b38b6be5c004510000000000000001756735bc13eaa9b1df9b1cf3a676a3bc009c1c209f0e294ef3980201c6ecede392bd513713011a6bcbb344
241823,00000000000000c210d15fecb5d6cdaa56c6d6eb78ee8ad2eae3cae4060be5aa,020000007cb51273b8e354ac99b3da7b65ec3d8007e6be5b5d37ae1028000000000000003d82fcfc3d48fdef1d3ac28ee4e623818fd89e530523a231b68d2af8278a21885f78bd513713011aae5f1bbb
241773,00000000000000c9f41d01db091aae4be42be00e7441ff4a7ce6703776973844,02000000b02074e38ff893f67af1c4942448fd45dea93cc37bc9ac741600000000000000aef1b3c66f9c5ab3df9ede29d188929a7e0c186ca06f346b758156e55d22ff459e2cbd513713011a0d8cd550
241652,000000000000006cd8d18ac2daba9f26cc36929be01e0d8c9736181e7d8013bd,02000000f35cca72764f3c633d51b8a72645991f01daa6d4f42092c4ad0000000000000015c6f48aabe9744df7ec5fb790961c75dea1009e8eef2a18eb1cd6a1fb1a1ede0a4abc513713011a91aa1ec2
241620,000000000000006dd22e3c3e79b1323e36655b4946ff1f067bca45f467f3e0c0,
241541,00000000000000786d33055d8e72b0c1a328e2a3dc5d07579b87cffc596dc32c,02000000dceb54eab4f23baf417ccd696b328c3ac1f2a1181db93915d600000000000000266c06a5c6840d563b3ab54a9d446f81e9249f3ec07110c8f001dd1194fb0ea7ce78bb513713011aab43aea8
241392,00000000000000eb17dd2844b2709f3f84bccad5e2c9087c3862ed1fe86912d0,
241103,00000000000001079e2509521587ebc2d3dfd94c8fda4e2fb98e02bd8099e4b6,02000000025f7fdb347ef74944ea9edd463f9522de3f5af988cd235b4700000000000000d4d0387839dc8c56b98790b8914dda322d8a72b2c8285c5c2ec37f855a5f56d4af5cb8513713011a701b4db5
241031,000000000000003eb0df7952601d567ed07a1683793c3aeb1c90fae6b378cfaf,02000000e49576aad988a7a24b6eda2a82912a7a744198a2890f6214b00000000000000082978231a43f64d86d97a33b6bda7b38959af76d64e520b64dca50363dd8331a37ddb7513713011a00f575ae
240941,00000000000001053f99eef0653b0b8b05eac6ff0f991963e270e0bcee5dba65,020000009689aea597e95ab0efa0282282042711af55ad2226e104369500000000000000cf05df41d21d415cb4d671f31226b1cdcd510fa670ef399983a65a355d16a0ce7145b7513713011a5125a333
240926,000000000000001c157a123fcff2806aa3798050a1cbb8a9d50ddfb5764a4ecc,02000000b50f4738741ed3d74f109ac7525f6c35451cfb5df86f85e337000000000000009ac6f6a0f9aa018f4de34a262b788e76ef728a59ec31bdcde81fda66d3b841883222b7513713011a6f8b3b57
240915,000000000000004572c3f534dfddb74af542d6573095d52e530ceed94ac9bfef,02000000ecb19baa183cf344985c67d57f76ea8d0d1f966649ea5ac14100000000000000496e661c8527b60d9e3a0d1d506f77e11f9dca0643218c491b7bbd44e71bdb410d14b7513713011aedda0c35
240640,000000000000009ef0b62c04a50550c44ae72f43d35c43a114d1096ac72a582d,02000000517123dfbac5c9be910dc8d28d42c22eb401dfe9e288627a9100000000000000df07e8149c6a33db0754ed8b1e183bb60925f3ca71fc7a605664b2819c4def38faf9b4513713011a101c2b53
240632,0000000000000032f92f854bbe92d0ee5d6fe6c57a921f8cd5f9b7df7bde7696,020000007af4fae82b049a6be8a05393c306c0c9f36dec69a060c175de00000000000000c8802a1bd62475dd6657b9cd82f70591470d5345864863d6c37b86f69d1aff7bebecb4513713011a432b65b4
240381,00000000000000c10a60f70d15d5c59838418f5ca9be6bcfd8e878c0f0d45dba,02000000f14f0a3394858e8f5310db431e825cadd4ce46c92fdb2d35f600000000000000900cef479e097de7a9fb2119b4961d371933071df6e421b93b57bcfc09281942cefeb2513713011ac2c5dff6
240118,00000000000000def808b560514904c3259b88bd2e10cc653a0fda823edc34fc,02000000f7bb003e88b141fddd9152ddf729c1ae9faddaa4e499dc330a00000000000000804078b8fa1a9046ea597f64f23ca32300af5829a14d68fadbd955dfd89be867b7dbb0513713011afa77319d
240080,000000000000003bc1386c03df28c65b0f9eaa5e853f206bd27f0d0e7cefffac,020000000aff4e002d815a295f6677cd47e1d5e6577602cec82e1bd81201000000000000a2e93b7c2ec16ebff190519f2d9cfa9775891755105fa7a346213a739f791d06fea5b0513713011a18186365
239921,00000000000000e80f60a35ba9a5df53e820f4ad0b272a463c558e3f7e8ff52b,
239906,00000000000000137690a0a901df41efd9b130dc45c1709745c314cc6715477b,0200000060c6adf3872dc5d30efd4b6ed70e6e0f31c90dc24e6afe706700000000000000c4ff682f2891198d7e9aa3faf6a73569a4cf3aa5779c822e4b88bc5a3ce7f59e584baf513713011a8cf322b9
239765,00000000000001157d459a8902b9aa3d826f747609f5805fa8e4eddd29d6db8f,02000000af24e8bc04a0d5e553723b55e1253072b0f453a7061fcacbe100000000000000f362597aa64b7bb4d95ec705fc8762a12ea0610939e1811f57f995d8f77c62ac1d58ae516461011aad9d2d45
239654,00000000000000a9007e957196338c8d951f968377fcd29d5a901aaa7bc3862f,02000000e8d4cbe3d3f98c322cc810cd291e6f1d2e5b5f75d74375d55b000000000000003f66ded697edc8b4ab8bd73c1f5078eba3943dceee58996d8611e100b21e029a71b1ad516461011a66247fb9
239590,00000000000000c1e41564daed4046a58d9b1c7570d28922b1cf7756cc65ded2,
239563,00000000000000d736aa484935a8fb3eb74115f52a58055eeb0a347d642c866a,02000000696bf48769c8498814989d896494823222116889fda4807946000000000000003d3d99a1d252c730a91b9555e2ecf74b06ff8f6d9f35c19a5431444e24bfda11b516ad516461011a83c596c9
239381,00000000000000272c4b6f676e83b84c64c9e16e74809c77ba14a457505cf32b,0200000071a906c01287929a68bf0b2f81f2df2540d8a64f53472b8ed00000000000000034640bf86838088d0416081671ccc7959a00ed2c1a20b184ae9f621d12cb75fad7f2ab516461011a853552fe
239372,00000000000000597fddbe19facf96c8b8eda6808e416d66d74aa04481af7a18,02000000902cd1b40fa00a45a71f71ada7f8636f0526d88bef7e4983f400000000000000594565fcf23d85ef8ff2821583c820fc1da14fe3afb8df6ae1f59edf88df527754e9ab516461011ac23ea443
239364,0000000000000082507e717ebaeba997f1d17d4105445f2ac8a51e4e983c572b,
239316,000000000000001236a9b54d1a9aca65ff7abc9fd94a12992fa0042df9eaf210,0200000029b60ed4cc2a83749409651d097afea9ad0f072bb4dfc08c08010000000000004733ba42cfd6c0f8e898ab0c6e1d72fad9cbd6e3cd4be0408bf61858bb06ce80e88cab516461011a93468415
239304,000000000000008d7fb9509db993af85996b676655cc9e2747f5d550ce679ddd,
239238,000000000000014e8fa320ab0d4fbf66e746c8607990c6236e8c889a75df8098,0200000072111d78065bb23ea918e6927212dc0c3128fa5dc311e58d13000000000000003319b94acb750345eeefe76c739b8fe247dd06b11390f5e73bf316105a72bdacc3fdaa516461011a1b67ffb2
239191,00000000000000b214a574d6fb5699945c2e3b47756f2fcefd3eb3fb390a0e42,0200000094cf10a4adf12b87729e060ae05e090343e357b0fe5031966a00000000000000a15c3cf1cd20662a82868dcfa4423b48f0a40313870dfd63fd41b5027f08c9e0a5b8aa516461011a32b3ecc2
239187,00000000000000e3b9a07af49a6f2adf9faa7296a93d981e4d03675557f3f715,020000008f57bf306fcb2c8b37bbd25f4b9836939d0e2710a2b0e8501b01000000000000318d935342c086d036aa86165c5b5b7c482093a14b0e1768ff02ca09788875e211b1aa516461011ad2b6164c
239177,00000000000000cb95899b48a31e743dffee797d153d0642836cd0a9735e7771,02000000f5b96dc40d20ed59dc7c634b10ec42e23bdfcf6d9a720a23d600000000000000e7b9f07c09d8a0be3e70c94f5af5ade7722101a11581813fb4698f6cf20d2196a59aaa516461011a272aabcb
239103,0000000000000104d112bfdc90db086306214e8b108361f7cd16d6b5f10828e9,02000000569cc89f66900e9e3a5ca764c885bdd0e9b9a8d0ce96a4eae900000000000000bd3c99312b6ab34078f4c991d3cae3e04d8d4e89095ac43287138076cf72c4b2572daa516461011af7420d43
239044,000000000000007dae319c0420d12bf47f14ed63a994d2402b9bb9a69d0b732d,02000000266e7c01146312240ccf277640bf6b62dd223e8c3f6507f94d01000000000000bc5e0fd1e4522482ca5a220cef5b7c82766bce2361aad12247c65319b8aec36218d5a9516461011aac0b706e
239016,00000000000000fc468227f83990359036ce3a6f61a25eaddba16abcdf7cb707,02000000212c7fa354846c94104bd9d985db44ff5e21fd6ebfa8b4cec900000000000000c048b3ac069e81a58b12561acb6bae81ca405dc55c0d64d8b416fd870764f0ad36a4a9516461011a6e3ad3de
238987,0000000000000152e58256bc63eec52f3b6ec33974b139ab51d09697df6a5b85,02000000e2a73bf657d0abee88060ad1b4af5de9fcc7384098c3a67e1000000000000000051a5714bea79b1e9cf8f82709abeee262cf493e884d68d2d175cd53453b0f283e71a9516461011a1211f139
238792,00000000000001195246e0bf86dd36a72f1bd202d8e261be613f29e8ff302b5f,02000000bc8b8f07f5cd32babfa4ae5b0e6115d7f3116fcca1e2b7602e00000000000000fe03382e668d5ac886a2206ccbf93740eb944a4c7dc67b81dcbbdd0a1f3932fa9b00a8516461011a1c2f288c
238682,00000000000001382452cc2d6dceb6398e614ce7d8550c2bd324de9c406d3d57,020000002e6563388dd95dec80eb9a956e868877ca5d5b556bf55eeb1401000000000000d0fe6d67448f9106189a08a300fde353cc4a0614a12dae5f73478334fed389872c43a7516461011a9c44c3fe
238659,000000000000012eda7aa57354e2fb2648d1a32bf6c73c26fb969b8e9c668c87,0200000015188fea18b6e6409dd4d1ec0d4679f12482501bb8d376978d00000000000000690845272eae0d2890c4aa10d0a2b89597ab44bcca6533bbad5bd58174caf523831ba7516461011a1ba4afe5
238640,000000000000012b59776f9c0fc80ae0cb503f2653747c83ff7330bf5206fdeb,
238512,000000000000011e9220f9301843ee7cbcb03dac4915331d17ffd22a60c00917,02000000b84428fd57a3cfa76374cef49a9654bbba100a01e5b00dec9400000000000000cc073df4548f823e188289d8a6656f4a21f0f2c19e54c9114896facbc84bdd8e25e7a5516461011a8d2229a7
238432,00000000000000c50f68cf33fd774f3143ac72598a96d72273dfcd3476eca7d4,020000002e1e2dc1ebaf6386880f99311d9b486c970265124c97a593520000000000000083a1581d8e2d675f94fbff8bd96a9e2d2c346a71921909cde5915d6299843933db59a5516461011a14463a10
238271,0000000000000076df150744336c69cc556c3511eab20f6482a589a0e1bb5ad5,02000000754c46651d7e0673e8617e953089addba21517de2cecdb687b00000000000000f4108e62cfde6e7db960ad0a00a8849d19d75e7af63b1d96c3d345aa19ba5559daf0a3516461011addfcb734
238160,00000000000000addee4a8d3098d6208fd519de388a9100059bc447ecc474262,0200000068916a2979ae98363fa45802d068b5bbdb0816142c3aa2eace000000000000000f5acdbdc9ebd4818f066fc6a798a8aa596ab3dee20c410b81ea902d0455f8ac3914a3516461011a12a2fbc9
238032,00000000000000e9704a04a169322f7ff64749d4284bbcd00c3681127568145d,
237996,00000000000000506e0acdb9bfb864ff272d58d43027da544d428252645d77e3,0200000083c73fe56caa00d740b550c29ed6e1719212053877a277e23f01000000000000e5f8e49a74a598c649559e05371defbe907bbafa295aab030804c495604865b6b8d2a1516461011af7b464d0
237992,000000000000006a6fa61a7e161a2d99a5b8e8a8a54ae62d33744d6e3d825346,
237959,00000000000000d38debba44f2bc171c6c66de485a0e12938811b9f095862a2f,0200000037967732c041f076e6aa4ae0e1ad6ca10d0e14bb672c454e5701000000000000e6b311ac88000a9b3ce31056344ac7c6619d98d94fb961077a3a203ee92d2c740b81a1516461011a861d5546
237875,000000000000003c32ba56acc85867ebee54638e1d3d27cf1ceb395a04ed5333,020000008d8a92329ad77a8a9c45c157eafeb21c84c8fff32205b17292000000000000001033525138c41b8dfacc720cb634d87da04efeb79564b32d07ef03ea75f1425e8ed8a051e97f011a459a9874
237830,000000000000004d276622d401aa889a2a980ada656b110354ed5f1bea6843e8,0200000048200f165d094fbf03516888876514b225f1ae322c091f998200000000000000ba01c98d7458a10e169edbff75d6901519bad8f51d4c2a15fd52014577f0f3dab7b6a051e97f011a7d7900dc
237798,000000000000002d4383738bdfaacb917c2666446f9977757e0a666bfab1724f,02000000e314550e561c3323266091e734a0d25373a56b651e087e82af00000000000000d78a0a0bc1b34e1b569ffb0cf785d3afaf14ed9166bd364abda832fe137fdb01ed3ba051e97f011a10140434
237746,000000000000014b05a92e7cd869ab813b67bd2ce40f4c9b5b2b44ef9ac8fa72,
237624,00000000000000a346fddabf63b20152d43dd42e8f52e40782a9919ea6d7de01,
237604,00000000000000f4d610ea355da84a7eb6c5c5d7159f613329fb2cb015ec3012,02000000e10381a962d816d895e801d02aff7da9678ef27abdc568532401000000000000ec0978c0b18d7c0d65a0227a62b37061f3fae952f0a0f0d3da8e341a6d985155e0b69e51e97f011aaa03c26d
237601,000000000000006e8e3e27fde79c1882be5cd0a28cc582cbc52abde82cb74fa1,0200000016ee4e6363f994ef07625a45e41e833233e13769491bc6493501000000000000c3d68b7b02e25974f1b5922ea1505f06594c6fdc19cb2f54bddabded16489fd678b39e51e97f011a02df90a1
237483,000000000000016d5b689bdfb23ef86091b273b22217a62e45c67441ce737cd1,0200000035eaa7b97c2d02aa7f981318dea2df15f5593ea658f565d94a010000000000005974697d81122d72555c428e8b9e563e6466f703ae704c22b21d092a9c2ca51a72c59d51e97f011afb471827
237429,00000000000000166be51f9ed8e6b4b81902224ab978785ce1ee02feb3fb0baf,
237320,00000000000000d4aeb9045e1b4aaf4638d2fcaca443a5877429e6f6902cded5,
237298,000000000000002bcaf84854f751e9e6d85f54a308faa12e26c84875c54d9e86,
237263,00000000000000c5d5ed57f640d5a1731cd8805da093015ed9075ab2940c137d,02000000ff4ad3f04a6077ed9e5f2e420983c121ccde4d69a28efd595f010000000000005bb22844643a062ff60085e3cef491f52d8689a6582928a404d29d916a93b27b1f019c51e97f011a738a6138
237153,000000000000005b857774f1a6452b4a39c84b16c543a455a671346eaf2e41b1,020000005479724cb489bfbca5a77189cff21d517fa5ac65f3df3c338a000000000000006d01f288774e10ab84653798f83de69fae0d0b3c111146364d5f388f18d36074ff089b51e97f011a55018334
237148,00000000000001283ead5311baf1249e9a7f03292325148b21e34afbfa34e840,02000000701070106b6523ef3274982793112cf373e2b3f2d4fd05d57f000000000000005db230d573138814c53b0076f9f170f9a5a53b3f1fbb0b0c7b5a6eb0067201a2b9079b51e97f011a804af3e4
237138,0000000000000110c1c5afbc089c5b08e6fa75a98e73ff82015b33850171c25f,020000007910f8bac1f8daea9c2514010ca46d37e0f2bd244aa989b66800000000000000a077eb27044082c301d0b735892cbd0f2fd147b58b30ff3a295212b22c9735baa0009b51e97f011a4fedfaab
237120,00000000000001145ce18e6302283af6ec926768c37ef2ff54abceeefa4230c0,
237083,00000000000000febb050a066b747b531eac3736771219a71eb99e66c5895bbb,02000000cfb1a8cad5193e134aa6e2f6d2bb31bf738cc13763bd212d2400000000000000eb65711f1dd8ac6cb6a4fc8e8ce5b96b6db70a287ed6e6a31cd391bd3ec6e0e238609a51e97f011a180f9987
237078,00000000000000307a9a0dea79f313fa805324da42e87140912cb090974cfa03,02000000c79330c6b363d6e5fc32717e25b05fbda8e4603f75e86cce46010000000000000d66190f7e87613592052e74b6874aedbdb2c5b77404b5078c206edf0813f1fdc8549a51e97f011a5c0eee26
237015,0000000000000077e8562b817a3a34f6bf450ab76c58e7030b837dcc7b00c185,
236986,00000000000000af394682d0678b7c1518353abca611d48f356fe02e618f333e,02000000e3e705dc9c22487d20774399ed0ebde0db167b0052e75ec4340100000000000010286a92b35bd521d436b6a6f1cb276f22ba4a3f49f409af5ab23c089067fd1962609951e97f011aa5307465
236963,00000000000000343ee20a097e899a37e5b0683991923bdcad40313f2186e1c6,020000002a2b668331042bca664a2d542b31c60ec6743c3329a5389ac600000000000000937eb61c524388a24f9c693e46ae717522e861b1f299a618820e313bf735c77548339951e97f011a037eeccc
236897,00000000000000ebb46771c0bde5fcf92565dd8effa7151b7f27138bd0ecc0d4,0200000084f00708e7c50effccd19d74a63520ddfd67cac8e8931679d7000000000000009bf8c38c70c55d717641dbf97c45eada724cdf55997efb156eeaf6add669eb66319a9851e97f011abdcc91f2
236875,0000000000000122f9aa0c1b4a23af9ca41c0816c4ca64cc5575b1620da1dbc3,
236772,00000000000000641955c71a33a8e3a1c66e4bef86eee89113805c50682e24c2,02000000372a6c93f694cf41ac199bc22523dd2ce8e831bd2c20968c420100000000000020bc2c615bc060919c22a132c3564124822525bbd8728bbe708b7deb997c2fb85d9c9751e97f011a384cedf6
236742,00000000000000e59ef4c8b481f7f3fc8954827aea01f764c273cfb65d470a21,
236698,000000000000001f84ad3231c2bde324347d3b53447e3bcf29788b4a2e1b9c11,0200000090c1671008a3c66d3c9af6c1fd9bfa0a6f508c6ec36343c2080100000000000000ff48c22901edc53e223e27d6158ed00d64362018d89c82ef732b85485f79aaf5f79651e97f011ac14183ef
236682,00000000000000941bd037d77889dfc0811d92d1b6f59ab6e0d82933875f0d2d,
236645,00000000000000410dddbddaa0014a57e4998c4a3f894fb0aa413b0ac4f073fd,020000000388898642a82060dc59f4dc0efc081f3bb2967356905f563601000000000000994c55b329179ddf1ffe959c8fd10eab361598d20df8580d24672206c5acad4b16779651e97f011a8b32a555
236585,000000000000012649795cd0039d477e32032bdd9452627c274891364e0debb2,02000000e1778863af914fa7b3c70f971984cf11bfd5ecd41422effdb500000000000000f6f812f428b268e83a0b7d45cdb6aa51500e166e284c1afdb065bc099f15413dd4f29551e97f011a4fb9d63f
236556,0000000000000111785bffbe000474f821810f55567ee6376a3ed1094ea08c1d,02000000cadafe9d99a7ea41da2539371d098001c23663f75fb300a37d000000000000009f0251fc6a97b90502e2a765c5982c23825083bbe7eb5b632721b80aebaa976067b39551e97f011a8470d15a
236539,0000000000000020124e2de9e4ee1fa1628d910a4b6991341050a5fdb300e908,020000002340f8a3385525dc020b166d1ecb88a02791db7e62871c067600000000000000836b0d9d83a4b61aff907a6234035979e67462d58de63c2ad5508e2678753beb3b849551e97f011a168125bc
236382,0000000000000178dabb6fbf5a7bbe4ee1cbbb80af05869431f90779689fa35b,
236361,00000000000000b462bbb5144022082dc8b2a824ba69a9de0569e7240a54f418,020000002375c2d71bc62fd017dbdc101bacd012850ff16904b7af7add000000000000005c1346b2d9f27ee9e20ef372066f12ce80e0e803fc70a739c9a4d6b33c1a0faaac049451e97f011a2d34eaa4
236212,0000000000000045d7628568766dfc77c5d6a569ca997c3f42b7407c74654d82,020000002bcd5c56c616c3cad212d10e07f70d187b3484007c2666503601000000000000f25e180acf118bd476949b80dc29cd1d7bb3b448971a774d99d623f08b526c638fb19251e97f011aaf6a01db
236188,00000000000000e558939e593a7d682bfe3c89c9bddb171187028ebc19bbc5a8,0200000086dfa1f27951a2b13a747b60179212fdc8f7f10ff902d10cce00000000000000916d2c66e2be44b0ab4d16e6fb2b6651aa2b5849b10420f9ffa4dc53f685be4588729251e97f011a5f9aa7ce
236143,00000000000000d4c2dc0f2286e935d483791215ccbab445c3eaad4112544408,0200000036d631dc988c57977fa5b1e2f3210e1f12241516e29f5f95d9000000000000009934078a4e5cf04981d74826827631e6aaf9cb5f65128f707a4ac88769716bf534fb9151e97f011ade54cef0
236092,0000000000000083c848af7fcf6f8b54a0e5d5854717579b7eef12877f8efc10,02000000514f689bc2e1bef90f79ae476c54943dd22489a7fd01e5d74a00000000000000f7aff8a3586e7d9d4b7f2a4e5804e60305c0fa79ddcb6c2b5250571842dcca5f5f9a9151e97f011a60dc8da1
236043,0000000000000007f37fafeea5b7fc2fb025a0993eef6391bbcb30ca6169f783,020000007f96531c42f51f0033788dd38e0abe3b8a17c9bfbc1a4c39a5000000000000006a68c842367866513d06685e3d3cc0eff594fe10c90b321ddadaf88b6dc33ab7a6259151e97f011a2fd0bf12
235847,0000000000000087be8b4265b39fa6536328b24cca0e755594832a3a0e1be835,02000000da19e86a9e8ac4c22355dcfab45b408656844de938a65e5c8700000000000000a55222f7e04488cce1aed69eff597a788023282e5f0a77eccd6050367060e50a93ae8f513daa011aa6f3884f
235642,00000000000000757fa5034630f6dbde1f2b826ff0f02b223402667384276912,
235410,00000000000000f13aed5429887331b344cf07601f953fd72d3f172e6921f580,
235331,0000000000000112d5cfb357f85e3c1d74228ce12023b4d43f438e6474fa9aee,
235225,000000000000006e1502d5c8964a9d03093cb1a97908b2745e0f907f891e6396,020000005840014be54a241bad07ae6e2d19e8d550da3c85fac90696fb000000000000006c17433442c3b00c3ac173d7e6d571d2b2695304606a5f9762ad37f531f2f5db67ed8a513daa011a2d94d688
235029,000000000000006a364c1487d270fa0f8c7613ddd221a25dd996a3a64a50f007,
234986,000000000000012739827bb48f4d6bfb7ec22e456ece76e60c6aed6e809ff0d1,020000001e6cb0cae4bbf02320e8142e29f718f59dbd25638b472e9045000000000000002b324137c060d8c579414b987000ef3d8db67ec111c18eaf9f27c8eab1f50efff60d89513daa011a11a5f6bd
234956,000000000000008739b59cdeb31a6d8cfb1326bf8afd080eacbbc25a6fad33f8,
234580,000000000000012420afe8291de8360db90d4a4241f8bcbc273e3242b330a3fb,
234474,00000000000000122c76b4c952b8caad3bc541477f5ffd3d3f16e5d7249371af,020000000224eef0e836eff22886ef66e1f265be3dc66d2dd98fd1cdf000000000000000e8b58d369db31ded0830d376fe5d2920f736b937d24f4de477642d25f9b682ae22ea84513daa011a96fb433a
234361,00000000000000625a5e35f0a1f0092aed1e4f2f769d3f096d2ddede21174125,02000000136ebe8e9699df28d347f6de53aec868a78eacb54e332245c60000000000000017b70a7b239d3c7e34a7847237c6b18a738f9ed1f82c00d389d6bad01fb1f0e7d5e583513daa011a97e17541
234302,00000000000000ccf0db83a50c2e90a92886ebbf13f173b389c4a1ede29668e1,02000000ebe5359c5483fb23ed39762c8ef8c6d0e34732acc28e3ac27b01000000000000aa1cbf97662019a7b73f0293ed2d90908ea89a3ea56dd9d1a441fcd1c019a050c46883513daa011ad2553b16
234264,000000000000011b37cbf53383e438880240158465940958c1899724acb041ac,02000000dacda1900ce2571ff4cde1cf9db34befd2aa5889176a1d68440100000000000068851de8c1ec57c97fd5bbc5ee951164cb4af1ab09635fb9efdf948aac9e8f33d20b83513daa011a4e2e114a
234135,00000000000000c3c5c304f993dce2f7edb516bb3b990b73470904db8494d98f,
234108,0000000000000043bff8b3fd1519a07fa61d40815c7e8734e31e34b948a2df41,020000007cc01b7b28b73d9b0f091252e8236d63dd3652a94993b11534010000000000006d029d40857cd5825d144cb475f15a484a3fabc1801527eccc3adb3181c73802169781513daa011ad88feb12
234107,000000000000013415b19349a95236dd636d23e85212090f9b3db7287b1bc07c,
233970,00000000000000c53934f3c9282a891c1e006a040ea69e61e8d1504d1daf9702,02000000b45c4d20c3de87a50937548171a0bfe5ab14eecef614136aaa0000000000000010378c713a4d87d8f565a9ab5c511a15fe1b5358449da3fba52e8d02473e259a865780513daa011a3c9c9dfc
233934,000000000000016ed019bdc372234c18912cc0a7113ec5867fa184ee8416cde1,02000000333436245fa033b0d7af4bc7ebf05e7c10ef09f65aa7ac557401000000000000a73eab87db0a5fd8a60d172f98d50396cdf40de107b4c89a3e77a044b6b4c84db40080513daa011a4fbf763a
233812,0000000000000104e2ec044997989c91a222ed9668b13ea52ba06ac96d51eba0,
233787,00000000000001999ed18dd14285bf357babf11f8722383467a108e9262ef096,020000001a16114a60f1eafcbf97d3b8796c2cc2e5dc4dd54b160302c001000000000000a2c65b09af6ff559486caf8fe91dc2ce4160866b3f7dea66012910a093a2885460b67e5194de011ac7bdf2e0
233778,00000000000000ce3f4c8836be387d40ffa4d9920e81794bf357111beecf07a3,
233702,00000000000000b55a10e4d90e68c978b34d8922150c2d08b3277471f9693600,02000000f759b4e624b2ac9b8ce8e0a4d04c1b5e6b2ab44cdc30424f4a0100000000000022dcc287178a111a0474c658faba5c4f53435c55aa223541599d3007a33a431da4207e5194de011a05e917d4
233685,000000000000012e1bd868bfc5c2d8557853c64897ab39c347aff44e78621672,02000000af02fd457b9e2167643395caf9ba9f2e2fb1be9f0439259899000000000000005605cdc8cc380e3120949ce622d30e99fa2e3d286be57b85477f856dcc0ed8ebb8067e5194de011a200dfbe0
233677,000000000000000a16cce7d302b59a9598d4a2688d243aa42de76599c53e2173,02000000bf272e8a2d9bc190a4e634a11784b1e307175a1dc2eb8a6bac010000000000000144b76de9eebd6fc1a1ded1cac610a9b57205f477b74d98930ced0485eae6d155ea7d5194de011a3fc52073
233640,00000000000000adab35956acb3f8be64689bdcdbb4ea040ee9edf70c2178200,02000000df01c626334b40ecd06bf87503a3e0b386f36f93f9a31923a70000000000000042a9d76c89d278e3fd3c67e17ffeec9d45af591e081c2c77e9a049152aecc90d6f9e7d5194de011a274604e9
233530,000000000000003271e7ee9c7c6325a60d6c1989be77bb5ad9e917109bafd2f6,020000009e8e0771b5ce49d6c688ac35aa0b094e8fd2b583ffe718705c010000000000000c8da04813fce20384c4248d947ae1b0fe1e74123f2833e54b577598120fbe4a53d77c5194de011a67a8cf0d
233303,00000000000000ff163a61fbc8759997e4e1c27962aa3f3456371f5507157a24,02000000d3792d21ab173217c6a16118faf97e81dc177cbd2c8876cbd7000000000000001df029827990da982e52a5aac8166c1161638ffd1dc0bf18e9cdfb388e1e320710e87a5194de011adc025cee
233300,000000000000009b0e531d4a608ea1da811a51610e5fabb78f723f59c2a1362a,
233184,00000000000000f260f0e87f7ea95616efa80d6a43c17a77c4b83d7c3f2085fd,020000001c1c92434abc2121930ef08dabb7d511727e1b2583461e9fb5000000000000003060249e35d5190cf951a42eb475ac60a5aac7f7cb0190b7700ff4bf5c49bfdaaeeb795194de011ac3035281
233158,00000000000001a876da13c88b9bba7a1d4f3655e77c3839cbdcf5d1e1617817,
233046,00000000000000560719da7088be587ea9c3018cfbbfae2dd2540682185c034b,
232900,000000000000007ea5169e9a2e755e90c10fa0fa4b6f6477df5dfb56331c6fc8,02000000d1ae48faae910cc4dc5dd63ecc35f810fd57d3a40ef50d6b1100000000000000736c09934bf06b87442a05f4a9530c23f21f7c29165967dad587812a37ae8f2e03ba775194de011a24e5fb99
232776,00000000000001545569b83da68a10919adb82748119193cc64ddbc76b2d587f,02000000a7814007d99977b2bfd8321a7b84e17255ffb5752bebf78c8501000000000000387790c317f9a64c6dbd799afbf14e7e8477ad2150084cd7e75cdab2a3828ac1c2cb765194de011aa4d069ea
232763,00000000000000a43c881b9ea64ba6dce948d4e424e0aee699b8c885d85b36f9,
232250,000000000000012983ac784d4fa7f212efda841467105aba26ef521e5babcc10,
232122,000000000000012c35eea1c9b75f87a2c6d7e2d989e6fe062f6a61ac6df55554,020000000e4e30399b31f6f1f96892744e254c402519c5a51bd5b2d13b000000000000002ff6b05484bb0ac02ac1544a0563c0e8017e3a1110b8f78603f5b37b83a93368216f715194de011a5f021b7e
231793,00000000000001126612eb0953be2a10e7dfd310ded29b8b925123bd406a7285,020000004bc2e8ec146142bab75e131131d517e2fcf2228e99434b5f9701000000000000ee63f7ab19732da7e498116c20cfe15cb5e9c8a5f4d654ad0fe947a2e1a5efadce776e51be2f021a132f81ad
231475,000000000000021f98b37af099f32c6dedb396b5a6b5c7e730ca0b88dcdf3900,020000007d06dd86d5656cd8c651c1e7cd67d033bf4f770f3c7260eba3010000000000003d7772f146000ab69236db06e85514ca16d3229afba283563bbbd8f4e076c330a81a6c51be2f021a904c2a58
231247,0000000000000100326dfedf95fe979d7c6bb4b22782e7d91a2c169fcf7e3479,
230653,000000000000016e5c3b2f821f961f95fc2d08b75d5e681cd2282e85f748cf53,
230647,000000000000005aa95674a5d341b523e299d6064afe5d656b8004c6f1adf7e5,0200000052d0f9e6cb2586a8400de1944748b64c728aeadfcebd54df0a00000000000000388ab4d1651599fbf07cd5454da632fb788704e7ae6867511d98225a511c38050e5e6551be2f021a079acfe1
230607,00000000000001491c91652144efa51dc2c731160f7f47f03bc8ec42103b786b,02000000285b945ac7af2d451a88e7ba1d1e2bcaea376b5eee610ef3c70000000000000004d1e77ef091f2f4b40eae3725071450644b6ad65f1cb48025f6bb0971fc173343176551be2f021ac9d0119b
230513,000000000000006f354d8fc1bb55420bb1d6fdb5bcffc83fbc2d11eadcadfa14,
230222,00000000000001d9d64c61a083557fbc06e278a702eec22fbc62409189171970,02000000742010c0221e79d3ab0d7097a86e961d35f1b0a230db898fde00000000000000c1560aa1d56c10c3c8ee743d53962e2c9516878283003daa454471e59ee30bd2983e6251be2f021afaddea4f
230145,0000000000000166501be619d183905e169db894d26c35c3b8ccced7e657441f,
229991,00000000000000df29c415d23a3eb2e3289ebdd4f9f9ea7b6ab90741b2038314,0200000000c7cd3bf5f4da798443442935b044d1af251f3a10f4fa6459000000000000006978021d8896bad22654d441ec558f26bf3b41c6c09f6be1fd99045cd3f1bdd3b3586051be2f021a4ff9c97d
229887,00000000000001e012a0460dd378848724ce72e6f54e59ea628d1352abae4b8e,02000000d8c810f203c1232cdac566459a26c9979a7c178d845dca73660000000000000098985510edfaa40578df7811301919ba4c7e43beb2c8e2f2fee5ba2aa9dba901e2845f51be2f021a2453d389
229803,000000000000009fa0824a604df46a6a4c157f91d0ca5b0b016575aa01e796cc,020000005f0ec92441745d693c6ab9e4d5a48032c9307b6b6ad85ab2ef01000000000000ace8c42ea50c8dccda8885dd1e898467b96668c599013cee206a60a89af86590b7dc5e516e81021a0370a911
229799,00000000000000206c53a07edd84ce5d171245f42178b1e10cf1900b02e31543,
229745,0000000000000085156964b4ad659ecfc6efa460596b92b362a9e6d9f3ba7a65,020000005ea484fb2e20e1edd72f6f671c1083b46583598ce06b80fa6d010000000000004054eebd0086bd0c9ae06e7b9529fa32a01f3702429fc1e8efe873b07f156954e4545e516e81021a04d51caa
229636,00000000000000c42b95e4714032ca09b245830b8299d8cf5dda46f75c3755ff,
229538,000000000000023b32f72a681acf79fff3d3ad30b770d711bf5e3ffff16e74f4,
229333,00000000000001069f315a76d6fda8738e96bbb2e7bdda92c456396c212aa543,02000000012d27044947d6a899953e204f8e92d4c119fd3bf172b511c800000000000000b252111c4026c252ed671ce314e4d58d71dfd5e053038e1cd8aa278eb44dc76c970e5b516e81021a1e065dc8
229314,000000000000021c122691e0a7e0ac2bd3ab509cfa706627b680b221e5360fbd,02000000505f29df99b0c757fbb9e72a7e9db90045a419bfaca8d1199b00000000000000a1651aefd3af4540706b9a9717f2b9c7f3850898501ce5e83ca580df81e625ec86f65a516e81021a952cf12f
229276,000000000000010312192025960c27f5e17375918e6467a6262eb88fda47dd8e,02000000db3265523d372ae8a71f11b9d88d250f82c5e609482947949901000000000000862aed883a8e1c0f99db8935e19f0600fd3d35b81c1160fd35313a1770297a3d109f5a516e81021aef62156f
229221,0000000000000007c1279f5f662e3d168141186a0379b36ff29fc9edc573ed9c,020000001d76c5cff5df9ba45eeac63e22173d2662258d93b42b7db25001000000000000282ce3d9e635eda9c6cc0d47ce418ce755f82fc84b1e8eafe718287efdab77f890375a516e81021adf34b2ae
229076,00000000000001e7f5686eedcf6fe2d27c7892b17c8b032e9b5c9241a9d8de32,
228955,00000000000000c0c24f6dc2697d6dbd4a22b185f1574429249bbc0302a04264,020000003ad789a4aaef638a3a0aa79a7ab372f2584954b8180d4b0a77020000000000000e8dd5cb464d1e4db24207b3cf2ab40ad495c3b9e755df6b31d49b3b74ff2331687f58516e81021a211c5e79
228837,000000000000014b8b5622637dd7bf9f0a967d600a7892291140deabb5c53e90,02000000d27496118df4f3a6d0c7684738fd894ae8a8c7be819267ba2a00000000000000fbe27ac93c07c8c789c0f6683112c7692b3834912e262ab04e6696d74c3ace77127357516e81021ac847a450
228798,000000000000021009859602f77bdb2d6f8bd2d851f80764426e8418e57aafb4,02000000a89853e21e0e785606f1cf1b92f9d60dc9c6bcb56b45981944020000000000001819847b3ae4794ba6a603080e36b1bb31148eadab2878f32e5f3e5f4cda20bbcd2f57516e81021ab07f81a8
228757,0000000000000059f23c52f0e475931295680e4616e5dc0f45e014d00ce377a1,02000000fa8ba54ab641c206ae51bd782be31933d83b985f302b9fc2d500000000000000f6e4334ca3b1075e4ae0b397bd5bde7cb088412b46787cd0e60a12abfe0dea6febe756516e81021ac66434cc
228615,000000000000012cc3b85760cd0900fe35da2dd1a63d2954424d7e13b24ff83b,0200000043cde1004e35846a15dc186df2adf845dd4045ddb8c096d8c201000000000000cf7e5198f644f82da266bd56bfd9516030a2e6fefbba75ee49f4c547a6c0bd9a39c155516e81021a8fb59520
228555,0000000000000216a22af469c121b42a73a2907cf4a1a15616e6b892e326aa21,02000000ab38ccd72b3b91b61566911d940756ddca50b2a6c74888ba3300000000000000bf4139b72ccbc7032d12a4fa9d8201a6525d7608c4145b3e5b281e369c9b299d9b5c55516e81021abf52fa74
228508,00000000000000bb26603f70a29e3cf19f95baf8db2ba190c77add2aabee716c,02000000732e82fd2be2f6b62960c8a80214201119555388be4eb89475020000000000005fb70e928d81d93829e7714007c2dda529eabbdf0e6de0d0030290751924432f3e0255516e81021a76a039d0
228491,00000000000001a56077729d35610772fcbcac6d66918514434b754a15d3f188,02000000183c0e7a30dda8126f21f7c2d1d0df14d7a97ef8f4ddf0fb6c02000000000000deeff2faca608a0973ba83ffc9c65f5fd045f5fa2af0467abab1a80defab6aaa6fd854516e81021a3b749aa7
228453,00000000000000a7f674126a2ad091aae895f89d46c55c85cef7567920278d49,02000000a056cc100fd4f6b80dd2bd532d99c3330808b162f21a3fe35900000000000000c0b4027ac92ab555221cfc520632eb74973a62ff8d13a316adc607289d13b549308d54516e81021a5a19c9e7
228415,00000000000002028c2246b9a75ae9e42c808ed251f43a2e6ae2878524e4826e,020000006db5f00dfb0b2730bc4b175ac03f3c145c419c65ffebf9536a0100000000000008a08915fa057e918e14ff9fcff8bdcefcaccd4c93c453105a451d5996100faee24f54516e81021a324da43e
228413,000000000000020ddba8dc0a03cee29210393155a884c00a3a3a58bfe9b32fbb,020000001479fd145885ef4debf2a6e797dac607835fbb738e53f0710400000000000000ade3072f8a08f345c04e05e45893b833e480812baf3f3ef03b6481537d47a23e374a54516e81021aec52806c
228351,00000000000001937f370b3f673be3e485930e9d89e3c71ff5ac62dffac2b8aa,0200000014f3d0ac365219e4879ba59ec73eddb4535574d329964ccaeb000000000000002e5c2007d47e7bdde6bbbcaf078f5231eece6a7d298a8f3161a5a9d52374bf4563d553516e81021a4248670e
228312,0000000000000052c36d20654ab5d65215e78279ea951a70da0f1b27394fb4a8,02000000d8589f3ee5aba6169d9bde3de8daf27c377edf6514c84fb34000000000000000427e6415e6427a2926eef09aa928f8b90309c7e667baaf2ea3c460431101e79d4a8c53516e81021ac47aa36f
228258,000000000000026b08266034866deb05a242c89471aefb48affd5fd120899a03,
228240,00000000000001c88e964b2022402e150c5d68bf6158929e1cc679f7b6049b76,020000003a56c5195cf9d5372c0068426cbb78236acc59c46d7abc15960000000000000046ed36739d518aa2d83e4617f3db949d930a7db39a9d0318ac45362cb464239b55d752516e81021a5a81321d
228239,00000000000001d0689b4e02aeb3d1f5bfc828f8b87f5ada216945ac534f1c1d,02000000f1fdc5a463ff694d7dba2620b83a9dd2f94376750f1056f32900000000000000febf2d5d749e16d3007525075bbc98911e7ea3ab5336d127621a1c2969eb099a78d452516e81021a8c98a4f9
228008,000000000000011dbf76678ec76bc962a463f9373e410175c51140da6fb1f656,02000000f4f20e02a595d4d697706b46b9fbd688d3038952cba2e7ead601000000000000cee01ab72a7a3c4f25ebd2a563ad9bd04d3f920046deb80c878da038b04c65e698fc50516e81021ab891b017
228007,000000000000008590109192f1f16bff0913be84dd262ffe0f58353527098f04,02000000079107d61702738b0173a3aeac89f339aabfa8b0fca145fecd010000000000004f4ab9fc39f27fcbe1138eb4ca472162b7a04423c74acfeef112a2068c7fc9e32bc250516e81021a27bf8dc1
228006,000000000000019a6ff35e309e97a158a1cd2a38ee557626bd34a83c1b79b7de,0200000072518da50dab601ef03e23cdb8c4c50cd69dc6a7b213060cb00000000000000094e4e1719d810dec09bdcb907ddfd54189f20db9a035c94bd23c5129400f14fd2c3351516e81021a42648e3f
227996,0000000000000028ba7e00f6fd4fbd97a2768312867122fab48ad0605ba8ec88,02000000c93f4ec4c35525e7a9c023b06a5f997f9e9d90a86d84f4afe4010000000000003dfffaa2ea61220f17e7870bc348bd5ea8d40c946f0438f462f724d96cfb48ad07ac50516e81021a3efa59f6
227881,000000000000018fc1cca79ef12fc64d96ffc42c859d6b602cc146b3725404f4,
227488,0000000000000306d5794a4532b07dce1dc75389a577c193626124a32b637809,
227352,0000000000000346974e41243fa65a468580456aec3eb04152dc491653ae823e,
227032,00000000000001e09a59cb293ec1ebfea914ae9019967a6ac3e3b13574cd4cdf,
226776,000000000000026663e85a748d2f650324fa5c161ab8247a1bb4be50cc26147c,0100000093f34b07811bec866548ef56cf664c2bf2f56c1c589034f15f01000000000000f2b6335320de0f9e54e82ea1b4cb99f7f3d393fd4e77a33c8661aea552e10c6b77924851fa75031aedc6138e
226752,000000000000004532c36ed2c21f9f534e43910c802c1d9d38018aa605a53657,02000000140749ba6e50aebc4b44c1b0124351b70785cdebad3304e6d300000000000000eeb1e1ade8b60b0fdb2da5d6cf9509b19bcb9a7a77cd1154e6509643238a5b2cec654851fa75031a4ac6b149
226589,0000000000000065d3c30572f65cc9a0a8759b4470d0180629040f4e0125e10f,010000003670c508f06c6890d8280fc11fd0901cd55b220abcb9cbb93b0000000000000096da64b8836b561fb2862deafa78a6ba32b872144b127f7972b5563c65679e2e064f4751fa75031a0245ff12
226070,000000000000029318784b704df885c2f1198fbdc772472aeaad651e0a94c1fd,01000000bbce16c3fb0b8d86d1d50a641e98a2f72cbd1bd9616a53d00a00000000000000a19aef951b58a27b61f4ccee9eccd153f45eb37805a4d3d31fc06520e9a4ee8814ad4351fa75031aa6a11d83
226013,000000000000015b00fed7c8e85fba71e4b7aa685d28941bc22ed693ca5a3194,
225830,000000000000020c0af0404ee4491821775ba73f5eddda2f17cfb9f47ff7423d,020000001e125b80ea8c9d092cee19e9ac466e020c9089c3a718207d880100000000000075eddff684c174d75a8119592dcc6a3cc8f360b173b2ea28f4083b704e12668823d74151fa75031a7a46fc50
225654,00000000000003c582ea095e42617d29928aebe92bc735ad0f1702ace97276ad,02000000ace7e6e7003907b5db3c4797295de43748a47d09181a76116003000000000000b051c5d122e15296963f121b006a1ea9a5a0784a15bf664135fc21dd5a7101ac1b8940514bd7031a91e5427d
225564,00000000000000da05dd966aadade182e855b05b5510fdfc20e6bb64f60800f0,020000004d3250921ce82947abaa6ff34068a2a1103d26b7c4af3f73720000000000000009e0abeb5c7b6c7b5b2ff690555255d650b599a1bc43852532662e8a51c743a795be3f514bd7031a913f79c1
225460,00000000000002afb9088485b05a2b8a1dfa6b82e3e915fa0765879a05061461,0100000045724654331495996818dfee61b0ee9b3c6802dcb1269f456e030000000000004ec4818ba9d00fb66e90fbb9d213c2530793c059721870d7b154f429bf7c4bca54443f514bd7031a0806ae6d
225459,000000000000036e459f26b1dc02683c9beeb061eedf18689995143354467245,01000000247c571222c4d324033f825f2ca5029b48aa45d38bc0780d6200000000000000bb294205e753b205305bca2b3abb1429a41cba88a006fca131a351d09a825764773d3f514bd7031a892f7658
225454,00000000000000df96f272c3b1e9dd15272b55750966cbd239219b94756c73ec,01000000bb5dbcb5fdeca142babd8df75e94c943d2543110a092e4031803000000000000501b32c9d0bd6b6927419b7a77e66b3a40d52c1b137c07e8f6e0d65973ba6ce757ba3e514bd7031acd330fc7
225447,00000000000000ec24f812807f81aadb7a665ef4ab8b8aa49df5ef789cdc13ff,02000000a11fab8396a10f1b901bf7b4a38a7c959f1cf0e23e17e97d7500000000000000a138483119c01508c8112cf91ef9082dd41a7ad54be8402ccbfea410981ec5b93f863e514bd7031a445b6bc6
225442,0000000000000229cd059490b7607ca4c191c52bb40405fa052c48d72bfda8b0,020000001bc03b1dec55ea134f97c1917337a677ca557258277ec3a47203000000000000fa80d8aa752130373a51b7f2c4a8346ceb421154d79444937b9b012cea9f6dddd17b3e514bd7031ab9ad75db
225437,0000000000000222d8f3c56cd9a3cf19c1d064b03a2380bd92fcfb69895abd0c,02000000aeafdbb245b658919530b4c4399879ddb3755300ac5cbe4b6e010000000000008aab0b7211741c3b07e3dc8a7a871e0e50a9e59bb0b4656425a5ccce4ba5d957168a3e514bd7031adcc7eca4
225436,00000000000002059dac4d6c694d8ebe07f45a800618a257ef67fe391f33ec2a,010000005daaeae132bdbba824ebcac990d0c5e561a43c127bfab373730200000000000074a1263b7fcd50fb360275c264e91c06fc70b1460b0b8307e5f14ac3441eec59197c3e514bd7031ac05a1f59
225431,00000000000002d2012cc1b3fc0cceb8c156f0e698db40bf4413a210eca056c3,0200000023c080f42d110bc73a9498520c80448b6f5533ddfc65b1505c01000000000000c859fdead5df264978a0ae68fef2fc28d274f9acb5c15c98ea31d74ed2c5460bcb5e3e514bd7031a8be4f564
225430,000000000000015c50b165fcdd33556f8b44800c5298943ac70b112df480c023,0200000006d04625789f74813125765744bf8c4e0900893328ca98ce66030000000000003e388c16b9a976b142c1b98eb5a2f3cb4ed46bdab5020cfcab83fc446dd6d5db0d5d3e514bd7031a7a48cb17
225400,0000000000000287060c41eb28820ad7ead4d8aea3a5b1cfbe9840ccd7e449a0,
225387,00000000000000ab0a343e0d0010c93dc08e8ef9b9bb90641cd583ce5ace5669,
225200,000000000000021fcb80297bab5e2196392a2be7267c751d91daef151775e07b,
225099,000000000000021248287d966166067dfc0fd41d2361243f1ac78bd4a2021b27,020000007b9c8f42a31080fb650f3223cb9c14a19ee881bb26995a1b60030000000000000c9255aa2c1f649a6447210c5a7adbfde0e0531c61c0f1765d2a30df478a526b85f13b514bd7031a0cde66da
224878,00000000000001c12af7d07acdbe9061b607d908c9324725ad9be15c7640a2ab,01000000a966f4aa5b3fc9c1a9b6c99a384a54d92ac2cdb073179dc72503000000000000f3f6b19d0b66e1e8a10edc7c2216781499ac6eaac194ec4dc895a01f48e43c0dd4403a514bd7031a902e6f84
224746,000000000000010eb20f6d63c762d4debf9cafeb14d78f541a684e7b167092d8,010000004a0ec979f8dd57ee6496419a5fc67a938615a892a52e03fcd60200000000000071cad2472827bf039a697b0c4b3969ccdb828ebb41ca0da1b05df78836758c162d1e39514bd7031a007a0f12
224559,0000000000000337a329f5aa38722f5dce42c555fbb49d28ebeaf1c761a63da3,
224427,0000000000000078e536c805dce8f8aed03707b1c9b00ac0478715aae872f473,02000000f265167415a3eb3c3a9b71e5dfdf48dda5402048f0e7e2191601000000000000e20c2dbcab9045aef71d34a4a2483a46e601ab85761b8b9cb2bdd464b307ea4aa05d36514bd7031ab785a1ec
224205,0000000000000327037542363c836792797836261db9c2df6bfd38fe08c1d69e,02000000297f39e93c498041c8d33cdd5fb89339fc4b1047e9ec4a7579000000000000006b5ea43430b8c6dd2cdff9f56586c1a6aec3ac4c5c6a43beb56a87f514a4f2f0417f34514bd7031ad8dfcb6f
224195,0000000000000376b6bb0c936b625c169f274b86ccfce6978f05f825a5d68035,020000001b0cd7d0e00b47da2989abc722e7c5aee271fe819b892ccde0010000000000002299ddbe187215df9a6dc74d05576f4f03a797f70c4914887317c8efe071406e6e6e34514bd7031a004b03b6
224190,00000000000002c12c49dca201a118b03e843f888e39249c5b3bc365433bcd11,01000000d4ae6f3e46a65aaefad9121f6619e598d0543f7f23cada06e5020000000000004874e9c4ac6a3c678f4aea68f63d6a6e14e57fa28bb0a0711667f5049861d0a3ae6334514bd7031a2dbb0494
224152,00000000000000a9efd5eb9f457fce0493aa37fae265e1519bfecf983cfb3b85,
224040,00000000000002413a3c98c94263eda25c1fc9cd65fdc2360693c1fb52dd7201,
224002,00000000000002cbe92e74ac85a74ac966a695db9bf7287ac58a4a3b51bf60e3,0200000008c4ba69688af433cbd3f3944f12609ce59006f4893f768298030000000000005e36aaf50fcfa4f926a661e32689d0593c66c305f139bc28d3ffe14d8f3c1563b6e832514bd7031a03602cf9
223982,000000000000004d779d56908cca2698f0a47158832461b1452b3850bf6310fb,
223920,00000000000002dd02f0b8ff5608b77795adf80740f9f4305b7be20dd70c66ed,
223806,00000000000001517f363557767d4db4834958a5efe3e5964785ff3dc0292b1b,
223372,00000000000002409bb76e1202ecaccc4eec07b49dc43c7aacc35dcbea1d5ec0,0200000077168e33f659f46cf678ffed05cb0d3feff54b4567eb98bc390400000000000024c80bebb6a98e70d800ff1e988198194533dde07ba274fe777beaf37f9e45c511c82d515c98041a88417913
223305,000000000000003aec1975a5d70b1a9f70eefcc313e0bdab26d3ea42bf94299d,0100000077f7f0b3e37282bda530e25dad079095ba7e62398b4e18897f02000000000000332528aa2e4ee96bb9b10b032a853b0cfdd01470bf9d8843b9ecca8af99a1a52454d2d515c98041a197814f0
223291,00000000000002ed0e3ee650bcac2a9a556f5b3f3a7f004baf732ce76c1d6d79,
223157,0000000000000213508e9e38212de28b810e56fd11464243e601e29f3d8ac3a7,020000005d9d586c44106c0b0a8eb186ce74d38a63d1ceff51f22f5c8102000000000000415d8eea414800a102a909a82a547682f3578448f27dddebbc2b3bbed6067a1a0e202c515c98041af45c5302
223066,000000000000045dd0447b8eb9c7f90ccfca42583c985aa47d0f1b208f3a9ca2,
222932,00000000000002d2b1263734e44dcd00689dc6c54e8c31f07cbc49f0a2e2dd3b,0200000055182ed6629aee3682b33299e327f549aeca4e91226497354301000000000000e90f08b3d14c5a06a9d7a9a3e9351e27a7ef8b3e0ebb6c5529ca5d907cdec76d8fa32a515c98041ac26e95e8
222611,000000000000040a37d7891a8c23b8146eff662cf3f9aa61d5073a9a19bb671d,
222468,00000000000004624fa885d340672ec5ea31c99341c435c321effcc4c3ed632f,01000000ee5e336fa34e89a9b6f7807df1b722882f7dca7d6f0a9e992d020000000000007fdd0a6a106533382a299e89528cd8ac5120c5ea05f5885fa1091629f4abaa721dfd26515c98041aed2b4aae
222455,000000000000043406fb8214b1188e00320d3c9f61f6f6a91c23827f065e081f,01000000e8fef4e89ea11f3b26a2e77bbf5b7c2a54f22400d6a89cb389010000000000006eb89e6ec0c27e81c43bacbd4cd1978831ee15c7f01db68cdb7abd380ff9b6cd51d726515c98041a5196d982
222316,00000000000002d33b938b1aa7dc4f6e8e4d44872c9815868ebe732a10c06906,
222219,000000000000027954f195ee915a2bc333b8acb80d2b37e8045854ed11225df6,010000006b0b7023716113c2d82f22e3128f208537fb39d2d662749bdc000000000000000ffa119f36f910f074f1fabc9715cd86927585a6b3c0c7be29f565968c41d8ee8f1c25515c98041ad780a9d9
222150,00000000000000b99921fed595186d23646950de2d630d005e6bce827957be45,0200000023964bcb768537fa58b27d285f2d1ab6b3c0ce9482a93d2871010000000000001dbb22548cc618f2f0227e73a7ba5f4fc76ba232850413b73888edd76e5af7530b9424515c98041a0867d1a0
221996,000000000000048e5cc0b61098faabef3383d78814f43500d7f83c0990cf5e20,
221954,00000000000002efa58a443fdc709aa682f8242eba9013c6384006376dcaff12,02000000c43abe5a134d30c67605b92a4b393af091366bec4932b1a8a101000000000000b362d7b3da69620fa3c4599db2bb9c61a93db1c1b5858abb28665454d1a45e17fc0923515c98041ad637a917
221924,000000000000006bf8a6797767f5e5ab03998b99447e7337fe7ae7bdce1476cc,
221749,00000000000003e5b10ac6cc8d9bffddc16e4d71c79b5d2368704ed5a941239e,
221721,0000000000000457d33deeb5a4c63828be91eebe2416b853e62f759bfada3e58,01000000e0fab7921c84c6590f98940ea659502790f3a2e1967b0d6eef0100000000000060099e5cca511dd1360597d4b869ce67e59717395ec862fb6ede52ae493b9d6a952421513c1f051a7a7e214c
221710,000000000000034d9d6daf4185361593f7a39880fa0af8e4e4adc473e84761d8,
221605,0000000000000176a75fe5c538ac4ae31f89cc242d1b1b5978f31f5c7db62889,0100000026b0e8e89d68b0f3c1e3e553c612f37bb7a25e625ea1a9df120200000000000090431007c2b499423e3b434fa727967e99a5e8c916c046f7f10b0eff4cb942c6d56620513c1f051a012c0477
221520,000000000000009486d985be3a087f5d9ef6870aafb368571deaecf8dbc58e48,010000000857af8a75b6bb40229472bd610ee03625c08b6172e074fb6d040000000000007c970252ce7402470337e4b64e57b3f3425b5ceb12bf0ad894e91fc98b7cac8932c31f513c1f051a1f839e8f
221266,00000000000003327f7f4157cf1fbf963ac57c824d106728b6a15c5b2692d0a5,
221075,0000000000000218197c3a5455ee19d65640bb77b523963298182873e52b0b7c,
221063,00000000000000c358eb08c7b49572f5689e474f5b9a5f6e50e904f7c51808ef,020000008aff25629203ba357362452dd52c9259dab124f96e979a145002000000000000b5220424f56f68060bbacb3807c826e76a11d71a36e7589d8fcf9563ae99a1cf40501c513c1f051a3db33dfc
221047,00000000000000c9f21a0fc4963a4f75b9cf35e42e4cdd489dc6fa01b07c8711,0200000008c56804a5688f3dec3fa13c7e933f317eb5e2ef3cc4abba0f0100000000000085ae59bf48c5e83d2d6c0e7af98c8e0f65be2c1e6d158c266057ca7b724dcf1798261c513c1f051a65e398ca
220908,000000000000006c480551533d0d7310155bff5a272b2eb7acc2183c28c91146,01000000bd9116fdb78653faaa0809b382a4562dfa28075135c62c0670030000000000009aa1c15a7c3b63beeb2476c9ce0b015d3738fb6d3b2885d158451f8978476c08cb221b513c1f051aa77b1051
220903,00000000000000583204e0d764268ad9a6119dd71c941857c61b4cdd024d0e0f,
220816,000000000000015d301ae6dfb489923b4fa3cbe360de958b985fcbd2bb63476b,010000006a0396b20d1f135f5bdb1bcee71bb2206c3148ddf339e3fbbb02000000000000dbdf58ca260ea496d8ca2cc38bcab97000f731523efdd0a6381b1e8b9000a6b78a501a513c1f051a709d911c
220755,0000000000000136eadb148508c6fddc7fb8dd0f71919da0a190762dfe4da314,
220677,00000000000003024bd08975e6cada244f104dc7e526b7e3a3f81ff08504a64c,02000000976301d4c29ce324c24eae409b6bcf33b3e0eefcb350aaba4904000000000000cd58bf2d98aa6f85d82ab69bbcdcb9f094978d7ccdbb1a7d6bd92b6776d4872b27fe18513c1f051a83202ee5
220473,000000000000046e0f8cdc4b65ba2e5d9cfb16a9ca634b9399b88d6a24afd3a5,02000000176bb31d73b52882d2361c846c2c8ac8c58e9ea95cc19c3b450300000000000032987450aca72b5071dd2a96826b8275e12145f726b7879affd5d0e2f7164489975a17513c1f051a534dfced
220226,000000000000035f5f708a0ada05280944ffd72c330963afc61e51f5a1fae435,010000005c8c7c40c2e84524c28fc42356e2fb9a321cd2ef20232ab7e004000000000000d08ce24ec2dfb9c4e1d9e5598d52ec5e8d537a0f4ea9862b00561f5612ce2d58eb2515513c1f051a3e6de754
220209,000000000000050adb10a2dff9d3170fc990a5cbaceb33aeddfe88086b6e79aa,0100000002958f40c26b275b625fa7900092386126f2ddd7ca9e50f710030000000000005981d3609d7a8ece2c04b82feab190ddebaa9143d8bf30a5d5183c7c6d85ce494f0415513c1f051ae44060b4
220203,00000000000000a38b00bc1d3052b8d7455e8f5ad280697d79b5bb95a8a76614,
220197,000000000000011dc1594a57d65c0bb0b9fcfde5925647239410f021ba869b44,
220197,000000000000010c73aa575f2aa0666fbcedca61c24e7161a4d89bfef74a6632,
220039,00000000000003b8792f26f228e4e37f0e2751d8f2d234bbc97af7fe4dc0925c,
219980,00000000000001fa0acabbc5f241ae0ce539cd95403162b6aed88871a9e1e015,020000000f7336aab14ab5ed1c96ae9d6b370dbd46fea24322c4543af8000000000000003c87b451573b1f0a94796b0bda205410266d61aaf42ae4c8705607c37116285558fd12513c1f051a87e29257
219960,00000000000003377809d6625679b16acaa5ee4aaebb2fbb870b6b80d94e0416,
219947,00000000000002fde926ff1f644d2e241aa2921af4200941dda9e8d7e853af38,01000000d4e423db6997e19a523354319806535fd8bcbc59d1206a1908000000000000003e7adae877d398b52108e2d36a27a3dd3efe139ce4dfdd1790d494a6294588075dab12513c1f051a87b30424
219890,00000000000001f321c884dbf80a7894554cd534e4cb40352032e9b9162a047c,
219840,00000000000000917dd845cca47879e019c95f2547904cb6bf30cdd370bba007,
219837,0000000000000360d3f28185c4d235423f3c80eb516665dd699228173a8ed6bf,
219823,00000000000004122a06395fa698f46bf8b4d243cbf21a25660df13a8364dced,010000009f531ad56bf9700debe4d66090b83f68f83372b1950b3c688103000000000000471951c03042dd4d91163d40cb373b3843fa45a9af22df72c4b49bd5a653ce6c66a011513c1f051a9547b66f
219628,000000000000052c39a551a1ff0e835e296799cce6558bec6293cce883cb2d80,
219609,00000000000000a28f88c73c8736a8343a2e2d4c80b0c612dd478692559eeca7,
219464,00000000000004307fdd4cf661d6cad7e7e3125c5adcf508f8172eaa0b9fd18a,
219329,000000000000058d6d25a196d0b4419baee556a7c1ee8e8396d9fb7dc8c7620c,01000000a898ca407b4cecae4c09cda25fbee05cae08e77dc5d2c9dc87010000000000005fd140abc4f56702d9180e4284d7369c14cc430639651c2962a6147e3bda156f40cf0d51b1a6051aafd35880
219231,00000000000000d2084c29d5c77ad12ef4092b10aeb5694861208cca56421568,01000000231f0c8ba66eb2dd1044c043b4a79cd3678a0cdd17a6a01116030000000000001f81524620409c7f6f8df2edd89ff04f942496dab52f73a698a65ca945ac71ef62f00c51b1a6051a232b0fcf
219169,000000000000059d7c5be3dd8f70e9ced49a87789ed0032a6314eb9300582c2f,
219120,00000000000004c7d8800797f977cac5014191be11e627c7c2f55adc1ec4be71,
219066,000000000000004e16b951c83ea3050971270121d606038980cfdddd7f60af5d,0200000068dc91b96f09761f3f8ae1d41ffb5d507719b3719c1f010685000000000000002362b198889c5c749f136b0833b382773acf30b38f42b882cf4f2d5db6fe6eb5bf9c0b51b1a6051a514a0ae0
219006,0000000000000350ae0bbcc022d4c703a8ddaf08b47e8d3df549b1e2c8eba19c,0200000075eccc1a975cc8ec6224bed23ab1c5302ce5207cc28fc0cce80400000000000022ed84e65a1ded38d3cdc992df09dd782630224a7ff3ead1bc45ff954c24ea987f050b51b1a6051a66982456
218738,000000000000026b87074fcca6f7d82413a966614fad4edfe82592dde3de48a6,01000000ed8ac313ccf029bb0fce34d6debdfc8d6c7f21946f7c769b2803000000000000ee1d7521fd202441a287ef45db060fbf2adfae3218504a09446090241cde23410f240951b1a6051ad97a243b
218683,00000000000000a9f4567a837aee989703fc5288ecb73e9ebcb2e409fa165800,010000007427d72c4769dfa9a4e42a465a36fe0de1dc51181e2d5bba3205000000000000ac6d1596ed50652f4c2b43b66e302aeb364793ad29d42e5958f4f2757f73389e2da20851b1a6051a6499350f
218632,00000000000000b65163237af256f319b91ce5584aa4b8fda04a6cd1eeb01cbe,0100000088253c30ce7c0f0b83775666e806b108394eed4734cdddf02c00000000000000b6830a74373d2d9525169b60a5ba802132c47619ccb9d77797d462f8e5985d24b0240851b1a6051af4710dd9
218595,0000000000000559231a2f134d5819593cad6fd26dec0cf13e609690f6f4a508,02000000ffc35c436115c06be9ed5d6182e8dcdfe4865e30af5a86f72a030000000000004f2be2b8157fa4b4928dc378c8d44bd67addf24131367bfa8d70b6b05f1ac3e83ee80751b1a6051a339522b8
218541,00000000000002fc00b4e5c5097189cd80ac9ad6018efcd05afba4c54212c2d7,
218380,00000000000001c8d4c650a4e12f2eb34091af314b5901f2a2e6ba0a61bf3682,
218208,00000000000004a42fea290912d76d7f871c3e993e2f8491bd9e87884d41ae5c,
218051,00000000000000afbd9ca174458b81b317bec90e391414bb6709f887d17222ae,01000000b90c90d9643b36dce72ae40883506ca9d8559a22e8ceec4d37050000000000008308eef9cc2bf967804bc8d8c0a3335da4ed3c2c3e1e30d9c390c2c0f04d3c28e6210351b1a6051a618af4e5
217992,00000000000000382f6ac2747ea16f1a7fff4c3787ebebd58dca7bae24cca57a,020000008e1aec18f6d7f79c203cdbd0fca5332e5d3ae34ec9ad791886040000000000007fb91ace94f6ca02c6b9d41eba5db9b3f03dd8fc02fb3172189d921fb9dc95cac6820251b1a6051afbcbe54f
217902,000000000000016d10af6f8c8ae1ebb61d19c0a804f04b2fa0efa0bbc985b8ee,020000002cfc072f8ae0f673ef824a7422e5111af98633bd7ee50d3816020000000000002b64b16c1eb34f203a6f06d027b5e715df8b7a03390626090a0ee410b2f4b64a95b50151b1a6051a3cd8a8c4
217806,00000000000003a4287d48876aa2676463d642518c4f9544b9360877ce3c8c02,
217742,00000000000003870259039d954d0329f1995d20fea36d9103bbd7cd544e5b53,0200000056b4eabbc470b5e2672d47f1f706dbd29e33d08f4578e7369201000000000000c8baeb2a5b568120c277c2e568867210f3e9e84b21077cca3825b045df382cbf35540051b1a6051a8e862785
217683,0000000000000029f7a3855c3046ef7f9772909e025e569ba441ee1402e727aa,01000000e2ab2d3e8b77cf53414926012782c59498910d2ebe41b9bfef0100000000000074552782abd04e41a375817b2d3f1860fd5e5c0a94dfa32b92d4b6a5a08f13fcdcb3ff50b129051a4463c5b2
217111,00000000000001cd09ff7e55cb85955eb290002ce60650560223ac5984e08cb7,0200000062f934bdcb9989eabf6c1e87b5b9c9eff135cb9393e32df94203000000000000e0e5eb7c4d792a664be2b64541a54b5e8b749813da968bcb510f151e4d834a4b113afa50b129051a7da0f799
217032,00000000000004973ca00dcd90fec25f230f2c5250de92871625db60b8708114,020000002a17dc14d23a236d98d3b2c71fb1f26c9b6cde1e2f879c054a030000000000003e1051b0d1fb3daceb05bec1d06c94a16e02723a4005a221bbe67cbf50cf63c4da6cf950b129051a9b5f7738
217004,00000000000001f8f5c4690fc364670bf40f0022b217d64f068a30cd669381c3,02000000d490bc1d1786768f153cd9038bca4ceb4de082094b47e37491030000000000007ebda64af806951bc88d832d858f23aa12137c21ba4c3d4e3ae4b7315ed37ad21124f950b129051a1890fc7a
216896,000000000000051db6c3a203891fe06b9cb974f0ad95b5712a22ea5624a93911,
216883,00000000000002cf54cd4257f6d01e39c13f5944949e57ccad3465f8f027d01c,01000000f47a485a135907db0f111225941c588ac41eb7e80a23acc9e703000000000000e0fb48e6fe2fbb8bf76289833c3aaac97328dd2e9ed1092f015f52d5d2ea81115eb9f750b129051af06bc0ff
216850,00000000000000b529e10297461bbb92dcaf77d6aaa6bd39fa1c7025a429ca32,010000007d2fc5ae62ce75e5f0973ad47478a3d2bb1de5547b728edcc10300000000000069a2ff2105a4580fe07a46572b79a86ead6ffb78032bd6ddb200ea15c3bd95898463f750b129051aa31724f1
216838,00000000000000e168bd4728891e27467068588b264ede688b78808d075ae1c6,01000000ba77a452944b780d991811ae96ce55e072efdd02e957bc8bdf0000000000000030e90a5766e5b7972e072371f55178720ef127c525cc9155b83452634a13b3752240f750b129051a2d9f1933
216458,000000000000034182ada8bcca89f9520b6377922b60d5edc630aecb9414c6c6,02000000879541c1106bf172846c5231537f9de48d2335f48f55d3356804000000000000a57b47c38eda6e9e951ecacd071ef354868d70bf1ab84baecf65136049822c0cd7a4f350b129051a1cf08302
216386,000000000000027fcb274127117c7e7e5fcd7ca211767e4a7f8108f638a20c8f,020000005a7a083f80994724fa85bc8cfe81bb73cbcbae08797752427c03000000000000f37c3964186b055c903f5586b07cb77b99d73f52da86c398c821e499b21f2e5374e0f250b129051a1e878853
216260,000000000000033a6d70cb18d84276fbee031ed715debd3dae9e80359a68cefd,
216108,0000000000000237a9928e6c5f65fc44f0fd5b6dd2c8e9e49b92065ea4fdcdd5,02000000cac06b627bba919201346cb633f382a02bfd8d002cebaa43c3010000000000003b95b06f1af4bbcbbdf75111360f6f5bc909d55446c8f73d7c2e7aab093f829d2b45f050b129051a081c3877
216107,00000000000001c343aaeb2c008dfd2ba082f333b66c34019291ba7b626bc0ca,02000000fea030117acc5d0948f0c3550ef03a4037eb5d90a0e46e2c51040000000000005b55f30482b6a6d35692a1cb3e6afbf32873ca13174e5445624e9223042fa93d3cdfef50b129051ab93685aa
215958,0000000000000351ce82f5afeb3cb4d9eec1828fa49ceb43527a08b15a5aa5fe,010000007eb5fff2315c499554e247a41fab89085fb224e642af6a989b0200000000000096e8bf7db74c27a06e31c1b352eadfe2c1913ee4bc0b3bab039c3823058ba2632262ee50b129051acb260226
215891,00000000000000bb4ddcc2dab8a5496e737d154d3541e2b536349330f2799c7b,
215742,0000000000000297ccd3b95f582b5f896ef76939de05037872fa8bf11fd8f188,
215709,000000000000051d8ee2cc2c74b0f57f68f6e10b5f5ac009b5b460b2a6a2c6fc,
215602,000000000000011a2e5b5911495f5796a404a000824a34828089bf159b82f8b0,
215602,0000000000000005901beceaacdd791a31bbbf04e341364291bff5a98806bbf3,
215579,000000000000022bda67f5b5bb428da74f4b2a2b0ee144a3783ff1817565619c,
215554,00000000000001ea01a1704496b328d5d7290b0b2543cd3e5809fef41b8b73c0,
215477,0000000000000455c13e4fa649ab0cc1c7ae2deaae617b439d04f34c474bf897,010000009aa12cfbdcf1d9ef434abff7f0bdeb304b5bd74ca657a6266503000000000000b29c7d597bf72dade2a9db928fa8e6e4bb5513ee61c2171a4bfbcc6a6e4237cb810aea506ba1051a082c73f6
215439,000000000000021990b72b7b0b94567272d4a77eec36fc5930e5fdecc43d537e,0200000024583db8ced4ee08191c5da0ad2d290de73943f14ebcc96cc201000000000000cf41534e6806f9bb1b3b6837655864ff399907967c3cc23c0291e1fcbf57f8d70cbfe9506ba1051a7d2cf71a
215313,00000000000002ae1d9699e4bf2f53efa8639b957d91ad4b8763daff2789877b,
215300,00000000000001bcea3ed5b98a561468468749d90ec3623cfdae6a55033f760e,
215114,00000000000003ba4e5bb5e8d2bc8986fe4b499b5f117cbc797de8cc1223c465,0100000083fdcba200998d5de9534cc3c45effccf46bc1eb4a763272d700000000000000bcddbf97a949684c7b02669e161f5c1986923e93d9cc664a9c497402f94d26ed01d3e6506ba1051aa33e87fa
214965,00000000000004b10d034f9de282c135db17f9d80059dfe247328668ef811344,0100000015144a81f4dfda03c802e694514e1d46005bc004f68315cf9e00000000000000e102f61fc89a92309fabeacb3b87b3688010f780318c04d5f33038becf1a47ca447ce5506ba1051a18ab8fcb
214888,000000000000022721a1951def3e60bbf02f71050dd57dc17f03d373b5065c6e,
214874,0000000000000585ede9f394eec90f30be129a3a19cb61336ec1c03e7fc7b299,01000000d20cca28e494e0eec348ddc23dd5ea4ea5f1949244ba8908e001000000000000c0540effde104bab4be0ea4e72dd0af19a0f50a8a1e67e4716378507d5eca4980cc6e4506ba1051ad8eb9ca1
214557,0000000000000221189f02cb3ce8f580639da0413a996cba761edf3959c9bbfb,02000000e46b13633236428a43c4ac8c31f246d6b7f22b78a710bac09d0200000000000013f71fe8761a5290ae509b8912325b54fd0eda84b52aaa2126a5e62a487c1f9ab81ae2506ba1051aa8874558
214549,00000000000005622d5cb305c360912f28da4c143e2dd138840f7205f8bef337,
214224,000000000000006a90949c115813ce5aeec8197c713a0b8df3044ebca188b12e,01000000249c68d19016d2fc7bd324a92e4fe10bd2576d5678eae0bddc020000000000009e7bd9d71212b1d6815be522ac393cf865f1e246292f4a0b1af92a5337ff68a0bb63df506ba1051a3e792a4f
214217,0000000000000500c31120308b5dce5fcf7dce7676ab728b4bd2ee5a4b7f816c,
213693,000000000000011939409f556ab264d76a27d69f4b91e1d67636cb351df8f190,
213543,00000000000003f0fada73a4bda11b1ad9f7c8ac1cf8b2c7da40655a926001f1,02000000209f81683e51550f6848d84a70c2f71c3d146a7c02f3c2bf6503000000000000f64b10839a9a5db28a7cbb5e098e417cc1d8e7673fb38fd395e16999e7c1e83da36ad95062fa041ad1f63679
213457,00000000000003cf6b40fa2ffc291a7bb25afcfb34009aee94c2ac830c150f2e,
213423,000000000000030261b07406044e14cbaa7d86b6b8ea9efb0e1b486811e6fb33,
213285,000000000000037787e8aa479035d6299b11b82aba82a3134024b5b9b73e1a11,010000004b52171fde63d57642754bd25de3bd11886afd53b93dda77b701000000000000db5d4c28069dcb831eb6140a27781e48476e0b7a38482f2312a3ec063afd190e9cbdd65062fa041a8319bb18
213272,0000000000000182e2a2e717eb78a6e279715741b23f4f4fd47519bf98ae2ebc,02000000e8b67e1ff15f2d05f1ef89ce142045d0d4fb309df0ddaf727400000000000000a4c53796cb5caac42e2a608b22773cf16af6b8f614cf49dd6373bfd259a5fc2635a8d65062fa041aba222e10
213249,0000000000000090daca33dc2a05e2a2d8a23102d8b3a1277b62b57738d65200,
213129,000000000000033f5ea9238317c2531c4d73ffa5c928715df18b3bc288fbbe9d,
213013,00000000000002fe778c5e723ae779b38b74fd9cfc84d6482a500a87212a5c0b,
212897,0000000000000254108947e3b61304a7d82c5cc57755a08189b52eb5c6167298,0200000026688dae0382f8a4c259361c4313cf0c672e0dd7924b1a861901000000000000535187faad3d3359daee9c8aff4b9d9bbaed0077d38836962e28f3ed3503f7238bf8d25062fa041ac9ebf87c
212850,000000000000022660d01a586416a9cc206d4e3b23e15d3c96c5b03f7a7f608b,
212694,00000000000000c021bc3473b9c566f78d586c29040db5c70645ae4596e419fd,010000002ee4ecfdeb7c8d72a9b2ecfd74a273e3fe46cc7ec7fa650d5000000000000000b4042451cc073acf027344946b5473160b91d2e3f71927c320df4f763b299ef505d6d05062fa041aca56f242
212637,0000000000000159cc4ff9a0794b9f7b298f790f313a3a6cbeaf794e46279d2b,020000003335a933e0a9b37132603b053d4227122982cc110d4dbba98a0400000000000023edba5192e254a16a1806f7f5a9390f1277af6a2bbe4ef6fe45f6064b5b8182f44ed05062fa041a3bfe8533
212637,00000000000000466dadcf9f34194e8b19fe17d7734fcd29caa11e6722e78898,010000003335a933e0a9b37132603b053d4227122982cc110d4dbba98a040000000000006829554775f601788bd09c7a3aa398ff0c2bc97185d9b65e4ed3c62172b4fefc1c4ed05062fa041acc66a899
212486,00000000000004778a4932beff9220fc9ff24afcb8c78c01dc8876b401d35342,
212404,00000000000003e7697f29742d874c088a5ceb762f3743bc23b4aa97c8959d27,
212397,0000000000000219752dd13a6890fe10f18d058436470fc9966eb18c1ea982ca,02000000b05b3b545c5bf50211bb3918a65fbd225a0543d35239b482600100000000000015effe8d2857693ba7e194f3ec086364fdc1f1b1a6283372d9eaca07ed41f2c6acb2cd5062fa041a1b3c8ecc
212323,00000000000004f27de0ef187039be2b19d81e7946308ade6a5d06491eef9035,
212302,0000000000000317ec8f73107cb2a17e32e1fd7023bee92bc17634d6b53e7ed9,02000000f2c3b6731c55b3c56dcce3bd20f731591f9bfda9a634ea166204000000000000abf8aa2380724c906a2b2e78c66175083cdf4be899c86f7d9108ed9ceed3103eeda0cc5062fa041a8bc0975a
212228,0000000000000214090b1e106120d9f700be3654cc408f209582fa6f4ad79ebc,
212192,000000000000030be108476cd22c27cb390e01c33ce339e44354eae543d5ed3a,0200000087f0411ec11e6eda5d8176cc367755536b3a8aa80ad3b8bccd04000000000000c5723d339b66846216950fc3b1c7e250cb58530136917fee6a546213d1e37f476a66cb5062fa041ad5e199c7
212048,0000000000000202a4ba1a09870c43b6c7f316a62b755cb82bffaea347c271b3,
211758,000000000000029e346dd941233b4c6ed3a92afe738bec0e70e5ac1c8990e5c1,020000001219533e13260ed220a5e42c0d84dd056b02c032c730e891f7020000000000007af69869a61abe0ebe65381d23bdb25ee73d24de8f4c2aa7d0c6241617202b8d0cecc65062fa041a10613a37
211734,00000000000000aa9343076f4e3a998b3d63bc7295c03b072e08d32064a48aa7,02000000da66446ca4053c820cadddc3f761d8fdd321cf662c7c7cc8b6010000000000008ec0a06738cfe5806d0e2be53475a9f5344c0e2912c836223106bbe7b92b91f539b6c65062fa041a23cb914c
211731,0000000000000170255e50de1b989d024cc196ae0e6645d47c7d28ad9d3e0981,
211731,00000000000001082da75a6f43771d9c00c648672adc69da82219268b0f505bf,01000000617e03cbc4733ff8f335e0d00f0cd1cee547571d85087493250400000000000027c3f88090546a308e45f073f102e1610243308eb52c3b3ec5dda707cfe5ad68e2aec65062fa041a095e2f17
211694,00000000000003f7966040b92010be20f56a0082b552faad5c5c0960d1f58042,020000004765e0955896be4c3e7a7dc176b4a92b22977b5ecd91f193d402000000000000b21f7d4eeb71b17cb2c071e76d5d2a244a898da505e4fdbbd7e133a38db9e6d6b246c65062fa041a87807ece
211627,000000000000049f78a2f992a196c34c9cd1683e8bb26ef06d349391f847eada,
211444,00000000000003215b4abd41d21c02225730a110e98f11f017a3b78e953f23f0,02000000b2154fb9c0f67d84b73f704c6afe1796440fd8bbb91af3fbc900000000000000648af3179f338f6d88be54174e7d2d0c6bd988f8af9ffc4772cc2167ecd4fcd63ed4c350eae0041a44f75b61
211170,00000000000003f381876c78bfd249b68af2b745e374e2bf04450176a2e944e4,01000000fc72a1a5ad452478cddfa6d4f80a5d806a21a5cb994191c2ee01000000000000929aaa8ecd3df2213845d1746e6e1bfb434db79d2bda5ae9a356bd7c22639e9ff41dc150eae0041a7f9f5f59
211153,0000000000000269ac4391fd1d261de5bc1c06a51bf7c8bd633369fb1c77f35b,010000008fc894d255dda363af4d55cd33fcf3b874e57ac11b51996b0003000000000000d859d3e0a4557d39f5971800b9444db38223e331c5a3609e846cbd6758934d4acdefc050eae0041aa9365b0f
210974,000000000000048b4ee9f8c7ef1681b7242f56af876eee9a705913e2e0c91a70,
210791,00000000000001b6b7267cc2d32046b247a8378a9bafe020910dd15b6e3dedbb,01000000e461f29528b1813bc5ce2c182ce5150cd3211c88a6fcd07fc203000000000000c892d718c6a93442b05b614292bccd85de798043270c7f2c8fec0c6b67f12ddd211fbd50eae0041a6b6262b9
210489,00000000000002038966c464fe8c0eca746caadb05e6c9b31e45d38720a62c0b,
210230,000000000000042fc0bb1d5fd5274e55da70bb191eb4954994f7568cfff0980c,
210095,000000000000028ee8d5a680d5a56db64cb8846ff8b7bb840e21ea043cd4b125,020000002f9a6494a4fa6281f438412d28cfdcae391511a2a5dc7cc65603000000000000b43b6dcfed865ba277571d62cb71624dd3386c361a7109884924577338acfde6d2ecb650eae0041a3fa7a635
210026,000000000000007bf79938dbcf5f110df543202a7ec43ea329835d2549071152,02000000a65675816e754fbfc0f351e421dea357a4ccc359e777c183c1010000000000007d6717c120bcd47555d51ffc183b08eae72dcb99483396695cfdde835313de12e55eb650eae0041ab2d52a0c
209927,00000000000000db4beede1e3503f323a2ee9c09921806101e76f253824f7ddf,010000006bfc1a2c5b85a3bff6d1899c3c80b73781791792ad9874a0380000000000000023047277f20c492debe9de80dbfcc3ed6d93d307e8a0636d47b130e63b51a98bc79eb550eae0041ac5577d3d
209873,00000000000000bb3a268dd523689934ce76ac1898d111d03e8861365cca2c91,020000007e7eb4de6a1734a58283a3a990c019dd671bb82ca127dfe04400000000000000459ec95fdf7c7a5271e349e3ad4988bd67087973f8cd67eb33a230fab77426800f3ab550eae0041ac6c55c08
209855,000000000000034931632501b6d824c6f0fa9b9603128b4c955a5b2feda5b6c1,02000000e0734c1d5cd1fdd9078cad7f521fbfea75fcb992cc6e6099860300000000000004d34de3bbedccbfe5f90e283dc090cd66213e988f597e2511558a50d084d200a907b550eae0041a2786806a
209795,00000000000001bb662ce298d7be4bc1432f95ced86949c8f51950cce521d166,
209741,00000000000004c96abd667c56ae89e24c4b8ff28d7e421bcaa35bb8e45b7b39,010000008dc2d90d9f023eac21ad5dada3f8045294edaceb6b812d5dac03000000000000375c4f638b99b020ef8084ea29f64a99c2673d4163f24041ad8a2760aaeb33b03209b450eae0041a62080353
209652,00000000000004d365e7ae36c2339fde482e7368e9cb0f5e118ff4b77dae06bf,
209539,0000000000000259bb7e3f9b385eec48edf41764e8075ea684a46a50366c278a,020000000f76185ff165ae5f2d33c8651f2b7417827333695cb88f566d030000000000006b402675d4996061e2b982225b1b890671e85ed7ad4c67d8e80d3003b284a49c6360b250ebfa041aaaf83f01
209437,00000000000003d9b1e3cd404be72a33a8beedeca1af530837ea7077df248d35,02000000a65004ec07fd23c361b9941dd7c08011f2ed9b06b57150524b00000000000000dc1c288c9f1b5bf35d831b09b77b8b42990a8ac87a27b278a1292260f3c17b806467b150ebfa041a2ac1d46e
209436,0000000000000485a671c5ef34c84f9c90d4978bc891bfe48c36931d2dbf1e55,
209397,00000000000001b7028c611fbe8dc56995e53c3a2409e2d8a4caaf363307da99,
209329,00000000000003a99e43b054c9f2846ab32898c3cb96164453489f4eaa5dbad4,
209315,0000000000000079a8d755a6ce1365e325161efc51520ecfb7667475536c2fd9,020000001e9897b50dae777854ee12981148d02be76c2b0ad535bd804d00000000000000f5b1dffe6c8f505d181db17b467a431659ed26be891cdc360b5959d887a8eb6cb85fb050ebfa041a6914da55
209229,00000000000003ad70de8915fdc87e1afa5cdd9fe9171ea166921b2c6e1814fd,
209198,000000000000038fbeb74be20ab967dd48d8956c90650468f578578e625d2e7e,010000006a92d6e62563017b1d4a511b8118f5c4554a7b333c4b076b21040000000000000932fd1c0e9e07190fff1b8b679312caa7d4ef01f0e82a4766ad9edc0183b9013472af50ebfa041a5ba4acd6
209047,0000000000000175ac7b6514f81f03577f8cf63ffdef22673a5a8eac67da27b0,0200000047381430082a170443c40d5671cd7c99f6da78848dabee83a600000000000000d359e9ad25bd77aa6179f4e3a27775ad190db87ec2e9e4296e95781ee15f5871ab02ae50ebfa041a00d02b7a
209033,000000000000007995b4a633f1ed8d1d92a31db30d91d642d380ac62d31a25d9,02000000483c8c5828a631304a4ea6459b6eb47afd9c8507d82638cd3d030000000000007bf71fbf91f936f9442978700c985b22dbd41f99174b0a0c45345568299d09f2cbdead50ebfa041a2e4f78fd
208951,00000000000001c5852a3d0710f307d60585389eca777bfe9de8b106e6ea9457,
208931,000000000000002a9ad3e83bbcd7086f824a0d0372ec1dde4e48e923789080ce,01000000ab3967c1ff8edb555a977bb1e968e8b7aec90a08583bcebf2b000000000000007d9c1e6a72eed2a5429cb9593f4cc7f84cfcc54b699b3d8d370bc3013666ac5317ffac50ebfa041a7ed5209b
208764,000000000000002dc05a83ced4faa7c894d2e7a554f645a113e542d22978d416,020000007364f7ce3bdebe86ab0f9240ab25506efd148759398a009af900000000000000c25a75536b340646916e2140444990b916b040f96cc951b4876177051214d68aa389ab50ebfa041a24413e8d
208647,00000000000002d665989c42c42495f8de073cbfc6cd7aa405ab548d28fcaf48,
208532,00000000000002ed78df5db7c3227c3e6399a14dcc4c4b22efbd3cf7386e62bf,02000000fe4b66a7cbcd8ec1da7023b46c4fa6c649f5c0318ecf36a21800000000000000a981f94d8d7eb53ae5249c567a3641c4ec2067fd62040f52496731ef9d2961bc0475a950ebfa041a3363fd08
208531,000000000000019384cce93762222f7ec722c041d7977c5148161f3dca0155bc,
208505,000000000000029fe4bec33a94588688352a2101ebc9dfef2d060e4ceaaeb1a6,020000003c2236ac7fc77008357023fb23c10d30fa1ab799055ce6fbb3000000000000000cbf1abadf265966a3467479fa4f6c1f3a109c21aad41a0fae2ca8e91e308ad291ffa850ebfa041a3fc4fd4a
208447,0000000000000229c902cf032ec36e12a4d09beb9e7d1a33abf2c9df1f9718af,
208372,00000000000004700fb35a324f346bbfb2a3273041a9067a447b1c0d8aaeab3d,
208319,0000000000000072ac4a69de8bad46b55fee71e4107bbb2fa00ab54d822b943e,
208177,000000000000010c0c71a408b12c501a324efc093fa951fad1bfbcc294f07c2b,01000000de5ccea31ffaba074f3acfd40eb42d472f6bbe2fc02e0ad72a00000000000000a1786c43cf5031ddf3c854d2adffddf17425f07d9a40c10fee8a1d1f80dc33e69831a650ebfa041a65fee164
208146,0000000000000186ded0dd90e5c4c11e1c7150b6600f28d489f17f49a5178111,010000002c0004ef77cfed2c003997812c379ac358c872610829369b9402000000000000cb6e6f8265f3bde7b80e884ef2b8771cbfb62ad7433ccb238a3f6f7bc0298434a8f3a550ebfa041a103ce79e
208099,0000000000000092f53b56cd364a1f00ea29eb2b0d2031a72f56f6d5e4608b0f,
208036,000000000000013404fe15c6c019006aaacd911be669219f3e5ba84e67876784,01000000eb0be827c6c5bea3aaa86e7c2a101ea06560fc4b135a50e82e00000000000000ff205c6b89a6f9b988416f04537f52afa60d5a0e6871d9eaf5f89627658048f0b8d8a450ebfa041ad3427950
207967,00000000000000c9f83e292c49b1b9a0386ac753c1294be2585305da66d12667,
207957,0000000000000100d8f1a11aac13434a3a31ad4464976ec921ecb2fef526e36a,
207945,00000000000002606b21fbd85a988c447affa762de126493780f2bb358defee0,
207888,00000000000003c44912ca5ee6873cca38fe1725da2ad52145b7795fe3744d92,0200000040185d1ff8a812165fc2e674d9591f48e9e1e4eb35ccdd02ff00000000000000c907b903247aab3fda464e36b64122a28b1047661515e655def2ae76b7ab040d5287a350ebfa041a595fabb3
207818,000000000000045b319e5f1aa2f9dfa5cb562d8869e61ec13d4c27ab4717c525,010000003b1543cf68cf062e678d35bac133d9da5f47a4f67bf7868645030000000000004e767069eebe55a4f12cbdbd1bd6c2a175a718d42e254b05ce49ff1bbfe55f3634d2a250ebfa041a81c9c754
207646,00000000000003ce324bbddb54ac7adbf4b243e978844d1dfa2dc5211fc10e15,010000000c91a49ea0f107cccbc914d2d3ef816406eaad7fd292a98ad3000000000000000ac9e95e4d308c1bc9643c884f81aa59e522a1e2723439a127e2e8e4535fe537fc34a150c513051aa09cea39
207585,0000000000000151852fa4f48c613b76a06eee81e7dcdac4264e8695b1533a6f,
207500,000000000000041d7055495d5818dae8b14785dd9485b16ef9608e2570994243,01000000bc881dd9ee32d0f211ddbbde5deadbfdcb59d052ff4b0874dc00000000000000eff4f3cafa1dfd4d26f096a88e6fdd4bbb14e05ecb7881fd77463ba154488661a2d69f50c513051adc5c382f
207276,000000000000042b8d5e2e11ba6c09c99f852944d9840e0698f45b6150c3016c,01000000a53ac9fc2fd42cc7853feb65dbd9662325274a0da3d834a62f01000000000000b231732b3784bea9ceb1b78da2cd0351436ce6329a115aafb1807bf8d29e59015fbd9d50c513051a92e8b982
207113,0000000000000153f48346c3589e4bb41b1ac915aea89f8add63b63f2fd4afdb,01000000aa8eebc92a464761393d11953d0726e9b0761846fb6702aced020000000000003a20ca0bb8acf5be9a6b2f218b93d8d724675baee04dc9be01e5877e97a95fdf68529c50c513051a0b4cc989
207111,00000000000001246b24ab4ee830ca88ba407c241a03a68d2b73b63f323d8594,
207018,000000000000014a5aa7caad3e80383423d0d4232e87330606a16b2ccbb50b8d,010000001deac522a6cbf2aadcd300f8472a834a80202e1079b812da87020000000000002750a17c77cb5c981a34533380119f2f6d1f9fadec2c38a712550f536b04ecaa46819b50c513051a574ffe56
206931,000000000000019d9d134d5d1283e340d417dff78ec98e28e0f9b289e0b2849f,
206850,0000000000000375a002579783c59430ed35f8154c4507332fb5e3f1d77af415,
206779,0000000000000039c7cf2c02e759262c311bc8cc7845b9068a5c9faffc113e40,01000000032dce5b60feed8e194aeff8af2e475e7395d53202832f3eb401000000000000e80137ac5aa97f3a35a1617c55f01ef2f69f75b894358e97803593b9653ba9ca5d7e9950c513051a1da5eed5
206656,00000000000001dccdf10060c1a57e5ded19e8b224a2c089b2784a8c1d3b4dc7,020000008049596f2a27a6e3991f58b789baef507e50eb0e84dee4f73e03000000000000d14551468bc27ffe29eff4e56c278449ac9c6c147ad7034ac0b905287ab0788abd429850c513051aa798a685
206495,0000000000000149634d246ef7e9b9795ba17569385ae4aac933c0e436c51b44,0100000030edef0696f1489be787b2e0f785bd7717cbbb1154f40d397a04000000000000de6108cfd4d2f04c55ee7c2feecf779a1b835f66174844d9961d408aed13e5c74ff59650c513051a13daabb8
206314,00000000000004063eb601d2ebb4f24ad064be80f9230808d852e41f6d2416ca,01000000048dd2937163a458c30aaed1162dd84cc02056fad46882a1cb04000000000000e5285005b9fbbe1d5ddf0eba48b6b07be4c9447d7a34d457d9d548eb171413eded749550c513051a81f2c7c4
206143,00000000000004e7ede3ecfc99e10c5a037f06943edb23e6e0944112baa880b8,010000009a189c954a543797e49b6973fc3348817036b81673e609827d03000000000000acf1cd2a7fc8220143637174132401b5e20b2f1b0db9bef4b974ab19f2c4731c93e69350c513051a33b7c2de
206130,00000000000001953b52e7f23cb7a2bb03588c78a98c0913b208d78ed4c4be15,0200000049c799e92b5a54bfce327ea0296e2ecc140b3f67b7bcffa0f704000000000000a5fb78795f63bd590e2cf45ff7909c9a13cc89325803ef302a592371e148840485c59350c513051a96162fc6
205996,00000000000004fbe04214b1d61ff3193fcbb31cc5941b12e92c0576c36ba6e4,
205988,00000000000002d47348052d3baba268d0f30c364706c2a5b19b61d1ec3b01b4,
205825,00000000000003b0e2beda8ff6bb6eefc1cab290bb6c79b4879cef0640850fbf,
205766,00000000000002f21b61f229525a18170ea5841a8f581d99481e5bf772dae694,020000007640f5638966f2eb0bb82e816bee0924893b5756e92568961d0400000000000069a91d1ce352c7f61e2573dfd81ace2c1f282a4426429dadf438805d747511aef44f9050c513051ad16ef102
205550,0000000000000451ad80e19db94c10f09b52cff4b65d294839764ffd01e5e23b,01000000c19b3155c3bbe12cb8d194134210f2d6f0c841a085ea5eafd5040000000000008c00e6e0b58ffa4bb172ff5ee6064b96b38aad2439e29998d28e07fa544629c8296b8e50ef75051a4e50e8c8
205471,00000000000001b85b445af7a6e35fd96d95665f30d6f0a90066e5a99c04fdc9,0100000032afade6be9b4d837842ca793d2757625f8ffaf0409f19584f00000000000000d987753682aa1f387faacb8cb994c22433b4316e1a676b69fb48ae31d74cc324a5b88d50ef75051a7588cf8f
205454,00000000000000aa4efee969337e769a70df8b1faa680ca3d41bbb3b6f118b5a,020000008496b908846ae35998808eb35cf1fc73680f7bf18aa6ff979200000000000000ec65718fd952fecbb84254217a7530050e5c4fafbd9190b7b413a0e043edc49e439c8d50ef75051ae47991f4
205415,00000000000002bb3395654e0a3a21b5b2eeb9369dbb8db13a1d6e66bd386843,010000002090ed193c061bc1c19c9b441f43dba6f2ef173673d13e972a01000000000000f4fbf0825759e749a678c6e520257b9608aabdd1f6e09ca585a41ebeab5842b571498d50ef75051a1aacf422
205367,00000000000004154030be7f9fe512ceae47df168f3d0a65f64011cca44eebe6,02000000e5bec70b0dcac0617078dc87422ba7851b0392bf8c85666133030000000000002d5be521b56d6b821f76fb1dfa5b3bc2091f76e0ad2a7dfa9c3ea9425dfdc02a29088d50ef75051a295f252a
205348,00000000000000b58e98818c97337689eb958847d4916f0ac0814e778719971c,
204905,00000000000002060c57776b00a8c585d4b0c6f9536efadea7009017f5ed8bed,01000000d7979088aa8a56e0c4937c86b5fa0627a3102de69cdbc2999301000000000000c5d86c1b8141ed4d58c27d5f0af80b3431f271988ed0205d058bf0e914d63ad8a8418950ef75051a7e1281f3
204783,00000000000003b3ab8b904a43d63bba26fe01bdde7b41cb687b80941f9899cc,020000002b6c4d37184864ca4b684cda52654c13599e6dd3fe979c0f8a0300000000000003fd1b018b5b2ca2ae9f17d598ee430efa23d7017fc84d54d90969df345887d6b1118850ef75051a071d58ac
204705,000000000000026e3a5253ebabe4f23225b481c27c8fb1245b8b6b69cb61e6d0,01000000bfea8f354486b0a5b9bf0fc00af32c441c7fb7cfb0b722273c04000000000000636bb7d0608bab8022b47842f6d2570dd13d7117ceb17065a22c689d80e1af43067f8750ef75051aa7db1f8a
204591,00000000000000b5cc63ef653bc44a782e96eddb460fcf65b070b12e06399d83,01000000a709477789a79dcbe5c9f30a262582b85801a3464557b78e0b01000000000000d31b9c9cb24a67050d14d39119a707a107ede6e95334773bef51eb6cca1b659056698650ef75051a09586821
204499,00000000000002916cd7a980b4f2b9407976fd8e4b9b747193bf74e15b66473f,02000000ca0d7634121b8197b86d0d698ca32c4540c7ca4fccad978764030000000000008d1bec99fe4c68e31ec503b50ddc90dec31eebd4e5571ece8575a85ee1f08cd04b8e8550ef75051afd7bdab8
204411,0000000000000521ca82c98269c42e0e1a65e158c10a37bb8cb0621ac1884f99,02000000b9ac8bd4f4cb92ec808f4066652075d1df219f9cb99477315803000000000000fc4ed5f4c87f7ac914e7f338fb14d9df5241d39833af8cd64da733f1eca0e0970c098550ef75051a8cce73df
204312,00000000000002185811dd21e9da44e7b2579106b7bef2fbe3f6c717fd750d8d,
204132,000000000000040afb7045fb0c551a058ce24803687562ef28a1415a58b66f44,02000000442cb1073a5717c6daf096058dea6045fa1dcc0a163e05ea7b00000000000000388b4d3453c0835e6833ba02ead644078a1f6c7f3534c6c17725415ed0a45f2d14908250ef75051ada3cf252
204105,000000000000033f457d1f3918ec48299fa90f186d5b0881c1ea079221d8b546,0200000096bacf353c5534bc30044268588fb752df9c164a3ad14bd64d040000000000008b1bf7e3601a22617977ccc38244b6fce7ee805d4c72a6ce30d959a99466e72407508250ef75051a0a8aea92
204054,000000000000012437d4162f4d674b6b02fbd0e6c3bf4dafacd0ad9274b4635a,01000000463e5449a598997af4467f48f03869bfef66d2a6914671d0c703000000000000344a28a39321d0a9fb3813eafe35c8cd5fa5d3e4bb4b50569323c33a85d78b1f31d88150ef75051a9c301a93
204025,000000000000027466e3bd7b3af2ce314ec68b7390a404df4d760f1f875fe77b,0100000060bd02500f07b97a92c81bdcf1ec080cc63a6d7d99c283320004000000000000f422849a267b9927b140bec3afa2001e2e634ec819388e27bb593548b067ade417878150ef75051adf1ddb0b
203926,0000000000000558ea75588fc593f5ef224e7616448538e6986c7c310398bddb,010000007187edeac774b6fdbc3cf0cafa73e0101c6fe007f9165ad7930400000000000050584c5859d836f54e55a6f0ad3cb95139f6b6687e12732081ce3aadeeb4c3569fad8050ef75051a24382af8
203892,00000000000003b52de63fdfc4a402ddfcc78afeea4d9d4f464f1276d09e3f3c,
203883,0000000000000461274f98a94a88536bd7add57030629884e65b2d45f4eb016d,01000000a48c2124aac6fa26de131cb428eb0ca505b1b9c4c59a066cf900000000000000192acba9def0765fdd0b7bffe0adb5c2a3c37df8501ea38d9f9ee6e59137b990574d8050ef75051a4cd0da3d
203692,000000000000027dbce2b44660b15600edc805ffb6d40b4b40a6af2bd4bb3f3a,01000000251819938f6054c9a283a4bbbdd89f58ff45b1b6a59b7113f80300000000000074004a2e934e26b1e012019a58073c8267125ab3ad6e4acd7a9f60abeb312556dd937e50ef75051aca403049
203685,00000000000003929bdb1463666421f29526acdc1a3816c9974317c2eb3dee38,
203631,00000000000000ed88802da3119ff6817a0782df169197a126b1831d1f2b3c6d,
203589,00000000000005425cb0017cf9bf49c4f66bf9116c1941bc451bb8a433f951af,01000000c3f4519e00b2b505e311721de1eac7661c6e784de0db9438ef0000000000000029c6a9e464a6c85ed93c829516f267b783b31799dfc9b96261ec0ca6884d0995c3b27d50087e051aa6835b68
203483,00000000000000a5af2f50340887e5c91ea8adb376a287e4bda6febe3b08fb99,
203469,000000000000038db957a27999f78ab165765e33032720835f9794142c4d0f21,
203462,00000000000003f0c8369b76afd8219145397e446e44c545442d202cf01a76cc,
203347,00000000000000fb611666eef7b7cb03630dc82c4ef7e66561d5e382afbe643a,
203325,0000000000000378afb488c9be5c10a74f38a25e214bcda304312163e8826324,010000009c0532b99e3b3e94c09e55d404ec26d3c4009f22afdfb515a803000000000000b2781690fdb8f5778d91906cb45c25e7eaa15c8ee4736d5a9db36ce7ddd580b5a4777b50087e051aabb4e968
203236,00000000000004b9a4379c2ef79cd76b6f5202d21f8ec367516400a40ced15d3,010000009a9cb2eb3c2d7dae4e847d6e96c554da4ac8c9b22fc66f1eea0400000000000015cf1312ed334b483b4242d48d75f3bf6023059a138f96b2947614ba5f15287cc8a97a50087e051a098a0085
203167,00000000000005778497ebbe695e98245a0af914720b510dbeef16c1978ec088,
203156,00000000000000d94da9f1354d656664c76d797f4da2ceb57d08cb673833bc08,01000000e3d5a4e5306e9fe69217fc3a62bded82cb91304518c7c34d8d040000000000009cdbbc83eff09b71484ccf6a1449555e9ecbbf549246322b10183ee677c45d00bbe37950087e051a1b18988d
203149,00000000000001da94951d078f09c5d301290ec5b5929b93de3a0d62393e769e,0100000003a506f928581725e99fa480f8119bb57a12936a8b0e1854160200000000000081e74e23e13e04d84a95d7f843190db1389bd085d2808134ce4cc9a796d748b275db7950087e051a0589972a
203007,000000000000006bf8c5ea8aaced8c104f2b21253c0cc028925a8b71fc13fcdd,01000000f28077bd8dddaaaced14e5be80561b601fd134f242728e4a1c03000000000000cc3fe73898e0729ad5b9580fe2c2462174b9f931fb631ca353ec785aff624e56e8817850087e051a06d9b2dd
202814,000000000000010412eb9fec8211ee41e56f4a0e44e17f687d2183797d8a6479,
202793,000000000000044ffc8878fc7efbf72be1784610252e49fe6ccd99449f7e7859,
202770,0000000000000447061c8a29a05c6725364b09b1a1a644403519f1e4d400c8ce,
202749,0000000000000118b98ecfd32f4f87e060d890ebd1a4ea39ceb669cedf9907a1,010000009f50162989aa84633cd58d90c1924283bae4e8022a45475e46000000000000003523fdd85bdd4069d34a73ffa696239189ddec04b5524f66141ba4d554da8b35f5287650087e051abf5e6a41
202602,00000000000005746c4313d7718421cb516341242127eb5805e41d7f79ba7dd3,01000000d0213c61a8ca2d875b2892c7679a0920fb391c16de10f98d89010000000000000d8c3a7e04a1d40a704637f4d1fc5bb0b41bc509ee970a7287ce01df2a3fb2eb02dc7450087e051a139618d7
202592,00000000000004510048ab432d49ea637213fcd336f31c2e3f8c7d8d362d02e0,01000000d0ee86b7359fe3a6f98c8710e6ce45bf3f0b0916e1c7f6b71403000000000000a1cf384f101293bbd44e0508e91f0641a2315787e23c4b7e58bf4dbabffb5e0c4cc97450087e051acba2c02c
202528,00000000000004235f70be0fd2fcf04dc2c7ff721971cc70d32a750097430a33,0200000075bb560248a2b056e4f860464d6452b2041613c0ddef9f9fbc03000000000000599d21398939304487db13ad12e18706eceb415b2f05e831dbac5750b73f8a213e427450087e051a0f611bab
202464,000000000000001f000360c37eca9db843377e8100727283babaf0656b7da3f8,
202452,00000000000005546e9476c09fc05fa7a92d2a6dee07b4ff67c1ebb1a01a7e2d,
202426,0000000000000148309b186ab2ff6056fc9312ccf076699b053e3cbb4310bff6,0100000066e7e2767fd5eae026b66e9e724695c9c99c8f64aed1826de704000000000000d7c4664cf2d053554aef36a0b5b0cc7bce03522bd3e9750d519b8bd01b968b0abc3c7350087e051ab06aa671
202399,000000000000029ca6b2c77d5002c4363c4902cbd874837c0f8d01ef7f87685a,01000000da64b9179d76f021bb72efde8dc487cdda03912126d9d89a450000000000000064269bf34df70aa357ad1e379288c31de094bdc751fda34452a3b42c017c0a3d7d0f7350087e051a04607ad4
202329,00000000000001fa91aa3f96b00295207625ac09b0a4b365742b4bc25bcfe763,
202288,0000000000000035cd9be864c6fcd4e1b96ea280fae6eae9c169569d89ae5adc,01000000de3e90f3ec5eb94a9bc5928155af71c54115ba867ef88ac197010000000000002995e243a279b96db5a0e505981f019565528ef96909102c7a5ac2198cbff9f51e447250087e051ae13e2aa5
202258,0000000000000155993d1ca6c40aa3df552381624e48db183ab4795ee2aa83a2,
202249,000000000000038154b6f5d603d5b7771eaa07a67b456d3665934c280e27c63d,01000000e07776012acbe1d895423c2060c86a4452997fdbfe6e0e5c5500000000000000f79c0926be35744ca2c1a62d2b738d1b747ba719fd618fc4b8adc0d062adee390ae87150087e051ab8631b11
202249,00000000000002470933e3c2bff8670033466085f0c06ba5ecaa73c64bc9cc02,
202196,0000000000000220092d0861693b9b65df44367ef41ac1a36ca8f8f0a3231446,
202171,0000000000000173ccc308422ba12ec925dbe5b7da92927d02f84dc51c83e9fe,010000001041c0d51955c0dbe24966df25112eef2120e8774d703ae013050000000000002ce521dc859b444200eb627120a39717dac067e0270d567b0872a19d6542d57606267150087e051a83197094
202131,00000000000004f2568e4e9f2453ad9fd40ad9f9086ed35a94f8092baa61adc6,0100000042ed4b4ea6fdfca8f90c658f4325590ae9a6e5fd87afa734c503000000000000a7223a92eaf2787a3a25afe4ae7ce7ac432b0f4899bab36e1030dd9e79948de811a97050087e051a0ea36dbb
201807,00000000000004156eaf185c560a181891142018e051bd5258e7109ece44eb1b,
201737,000000000000036e423a7e6bb34bcffec39074959f804bffc8abb42a8c45a8f9,
201735,0000000000000299aba6e90df4a474f419c35d8c113d35429698398988ace99c,02000000344f7aea93be5459d40e1c7a969517a59db585dd433802a96205000000000000885ebce826b958f1e0e1372efc45e92983fce57188e0722efe4624d37343540827ee6c50087e051a05dba2ca
201682,0000000000000528601ce479fbf6121a412c1548bab9f72f3fad98e9a564b37c,02000000a81f3da9c747afe1f0161bb569f36d4b19f668a5125cebb35d04000000000000731cdc7e64c8f60b7c474e85983a6440735fa6524f61823e56f29880d633f73b6d6b6c50087e051a7b374cb5
201579,0000000000000220890b4126d5e7ade0526320e9697952232f119dfdb7aa9530,01000000fb8fe06deef6386098894a6b6be2f5ebf3e7d33a7abc77bc2005000000000000a3e73b34a31d4964bc67dd49264e56fed743182917d1e69d30dfeac264c81c2f20656b508bdb051a42d21d07
201453,0000000000000065774e540b077d64046fe4b905c5387a14910b2c2fe5feff58,
201439,00000000000001ef4e6adfd78bc4b929488f3f0084c24becadeb520a9ff7021b,0100000030e839a745f788c03b2a67c0fd0b3ed9c3803aef3d80eee7e004000000000000fbfb0a32a796a0191ccc7fa709474254ef09f5102f1a95a24619b78903631c6943246a508bdb051a22965b9e
201146,000000000000032d5be01068950dc60bd36833f195afe5f5737a34a6f58ae819,
201029,0000000000000434f887515ec56f9fa02d8c14d8fc29e8e8068ae98b0a61e829,010000000b39e59bd9ac73046ae3388a4654dd17c54fb4e0448782fe940100000000000025505ef98342be2785c7066fe1ae94b8d6c6a646a933b5db90fdcd984fa6d98fa59866508bdb051a20c61b0b
201025,00000000000002789cd9f208ce9f9d310e62e86b15d7a4f7255fbda03a849f52,
201017,00000000000003264987efdf453426bcd6ee4a675a7f13cb636e24b744bbb761,
200970,00000000000003f4375a49bddc8e2fe5ccae487e3e4ad75c267476b361c79296,
200932,00000000000004733cc8cf9bd316bcbdcc7c929982f45d3b2897b2ad6ae3d76b,
200806,00000000000000e78688c1b2c9449f5402d8fad08d9403b295641909e7b3ee8e,0100000033c640f16e16baa3fdb0cd271a92b99e85c7bfd04ff4c2cd1d05000000000000aecca177428e6062d622a1ec67477eea34f6ef0cf2d8975010e2b61c265fa3115ac064508bdb051aa9a87082
200789,000000000000008043cfcf24d4fdc1bddea3290cc0844ecace468fdc7a340109,
200785,00000000000003d4f92cf440d56f67d84ac9ff2e9a013ad8e644b9cc2e16c2f5,0100000008cd23a3e11a6973466fb589468452ccb23a34f0182ab242360000000000000039a643b5fc8ac1d691894294667b948f6fe8bced37ceabd5636506f20c5bec93849764508bdb051a1b02a88d
200675,00000000000003917f8aac727138a0acec70371c9ede47e0f2adb300bde4fe58,0200000012baf8a07b72917821170aa512d12b8cfe236e0a378c1a49f201000000000000e5bfab965e3d815df565ba905ecc8a62dcfa821f87eb408b0ac9c369213505dfa1a963508bdb051a8627019a
200660,000000000000037261e3cbd21e0750ef8e2dd1186d4264127636a933989de641,01000000e607204d77557c12f1bd624e25bd858bb2d1767ce71f8b89d000000000000000ce0ad996f8354a325c87262f02ea72eea00cbc71767c1ed1378b53fb9d0993f8008b63508bdb051a80afb455
200649,000000000000044c6c2a7b85e2adbc7aee72e35b152193c75a85f1d4abad4ca7,01000000c44723fdb68eec7f4b1b78355b3097dc8c7f2fcf2112071f3104000000000000e5ec277c83b18c5c532e5fc402efcc0625feba7e8b4b499c759f7984179a5277406563508bdb051ac29e79cc
200625,00000000000004ec4d02d7df12fec552ced6d7b1f1e2e7ea4b11ce3227921860,
200603,00000000000005d08699a0e50d05153070b7a19525c59e1319b4b5d71f8777a2,
200589,00000000000001a7888ef6bfe3e726c2bc7a28e7cbf4549b6d7c3b9711ce194c,01000000b4c5db6ae0120ee26da7df4f5d528f236d694cac68e9476f9102000000000000ae8dabafb7281b944480b9a3ad09353588709e3d183ff903d9492dcce057d568f3d762508bdb051a76710497
200428,0000000000000465c612a6258493845674baed2414a63e98dca6336082b7b43b,
200206,00000000000003c961a0033302054b518bb955345e5d164950eaf23027ce21b6,01000000f07baef70cc6638a3fcd230eeeebee7398b802959ae3c960c002000000000000572a916e6fb6a7d6493be35d89de67233d9c13c3f0494c81f109afc1500c88d9d8745f508bdb051a1b35208e
200017,00000000000000cd3efd7efd23629f07e298cd96ec49b556e030586a31b22e53,02000000284c160eb7a8fbe5d004e264eda8b83a76bb527b52d7eff4760100000000000042ed9c718932e9c31d82f49d59db3d50b745d92d1d06688ba517f55ac0d8624265bc5d508bdb051aa6cb0697
200003,00000000000004f24f2cc912abe8fa1fa881c77da11014b2f2a9bb43ad70bd1b,020000000e3f86b32c24de2048265b410456d5689db43958e839de64d1010000000000008d66e6286ed66a77b19638c35b4e44e23f72324e64bfb00876e282290eb6a38768995d508bdb051aa259a217
199997,000000000000002a65bf25c734d392523586333c686021502542023817026611,0100000038b7e7880267a6ee4fd45c794b9f5b6dee16cc641f165e1b4b04000000000000eabc5097d9872d35cf85097aa89aa9cc7490091a6e62a5763e2c103cc28f1b2200915d508bdb051a6c26e9c0
199929,000000000000028fb757f8743a5bec97c4bbcacbf3bb8a246a85387e325ae1cd,0100000019ad4fb2a91457c161b00aa989d1afbb2d44105bb6ddd3ac2c01000000000000caa0885d5a5bc0368784dd5f7864727a5af0897cad3568e1487532385145bf08fd195d508bdb051a171c5001
199882,00000000000004436bfa5a6d8a7ef426fad6bbe469c359d282b918695dadc1f1,01000000dba7b7915ba51e3f2af746117ec27c319e1ac9ecfb6b7824c904000000000000d5a64d7efd5175ec6f39e680ee8e82311f29a13cc821262f2b91d06a90888015b2bd5c508bdb051a42868b14
199861,00000000000002b02b752089e1993611483ce2b0668ba4deb6f319c23360bb0a,020000002228928742a247a9b3112a61144319bee3012f26fcf0538f8d0000000000000026edd9f3f9e22199b55c499a29131a3da1dfd5a40d3042f6ede4f6b77159719a38945c508bdb051a0f6bc951
199771,00000000000000511369134a264032426514e6637d9070ba81993a6d2be3b37b,01000000581f7ab5e015d60b7fdb266f15f8802796c488b8a96d67a5f0030000000000005c8c7bbf38324f2e4eec74067a48b81d18695ff27a5ef96ae80ea7076bb63b66cbdc5b508bdb051a4bfd9c61
199616,0000000000000146e75d7aa6286f1e178e4e4ff31e02be4809d91b6bafb3ff95,02000000feab91e19850ee1ff22e09d5a0a53cca569de1394ac769819c0200000000000091926ab7d405e2d640c4bd369aaf931a04f2e46e22f4f9be06a16e213d18aa69458a5a508bdb051a6afc5e9f
199604,000000000000059e65d63a1f0fe0320199fdfcb1433557703d2820c52d685196,0100000030d79f3071064afb32da886b410045a36fa4f8068449a87abd01000000000000f0db35c078fe31169737a20b50fae14a85f222c7b17160df16d117377652f6fd70675a508bdb051abe03e115
199592,00000000000003df5a8d285f479fd7d32842761bd62cb13b398ee9e055c94876,010000002da5b394478048b1b2e3f4e3e729e578ee3ff4554d5bbf96e3040000000000004c7371cccc5c8ee7177954e0162554798b23b66f3db6bbab2bea7e2d5802f802f0565a508bdb051a8c4c1d35
199559,00000000000001eaae5a798fda46fe690b04e47354de329c16f0181c6b6c8900,0200000044e63636de791d2e9f02afca8fa7639f1a319199f0332c7a63010000000000004e302b948c459c3a4d79fe32ba14fde1bb89f88c6da20d85ed0fb94b2ef7ac4620095a50383a061ac7aeca4f
199530,00000000000000521504ea00eeeb139cf46c2479bf143245a13b3c62dfba3582,020000009796d25053c63fe2041b2c2b65ca1f9856335133c894e3f336020000000000002e5abf04d8af8fa40e081e2c2c42145b0ccf206372c2fd251176ab42dfac4794169e5950383a061a2ca35760
199519,00000000000004c2b59b259ea04516929c6176fa565beebe3ad7d6f6bb09f94e,0200000023518b3845e1a166df485bb1765f5a6b49940a1657e959db9304000000000000c75d2361098e46d8570d6a83d4d7561d56eac2caa6310540f911adc6450d71ad68905950383a061a3716b77c
199502,000000000000045d9e6f2d4d38d46fd7186c5259fb44b2161bdc573c9413fc9d,
199485,00000000000004c11ed8a0d127d49bd0f1b2c631f33537fb1e1cfe921e587f33,01000000733f920ac48c7bba4a048157566d5ceeaffedaeaf254508f5e04000000000000cbfaea96e0cfeaa37fa6046284a45e6137e16ed88c0522982ddf5d07c93ef91564565950383a061a4767fa4a
199439,00000000000000f98b1c8154ca53b6a7ab2a48967af2bb66bbd0adf2403b14c8,020000003ecceb9ac37126f03bd84ce4cd50a5f75cba0760412dc897d4020000000000005b2062a52ddb0c06b2aa313c04a37b31a9f0101330dd8693a3e66db18dedc41e09df5850383a061afc84848c
199388,000000000000053a5baaf81703569bd7357208e36e3b3427c0a9d90faf0bf6c7,010000006bbf48edd776a4eff188f72498c8dc24f0eec0b21559c65866050000000000001ac0b5f2dc6036fa23f5ff078a0d77623a3313c53b10de054708b226aaf5cecbd8735850383a061a31f96acc
199126,00000000000001940876d93b2c8c636ff9eca069dffff98d7440a05577f6b366,01000000648e87d85d1ad6bf916b0a74fba4d979f11ab13fb24fbc7198010000000000004c776f3a503cfc6ad0781dbbfe7e1d35912654e816c8273002017862d02539515a775650383a061ab25753e8
198944,000000000000004e408c92a1f9eb26dc89d88e62691261c1042ae29713994fc7,0100000084cad1651adeb3cba3e5855faeb2173af54ec2741a0552c84805000000000000e6f203f10b7a725b56fab78b73adbf8cb4f35fb8a88b233eac933abf9ce5f694caeb5450383a061abda3f2c6
198785,00000000000003ef2714ce6b665433062f71459727afd1691d04dbd453f15cb9,01000000a851e610611dc5c5f49055e142f96d31e8377a8c8a5b0af0eb010000000000001e9711b91bccb5818cf666e33b1cf5af8b5233e15f903f678322f0ade0c90dadf0785350383a061a25be0ca1
198778,000000000000025a25dbc063bbf2345037d5042c67df64d97baf0a1d0629bbf7,01000000a9ebb25bf18b78562e7872359ee9d76c0baa8c9a92694ff83d02000000000000bfb088515737e680ce3a433f43fddec538a41675340ec2627966a225fc1f4d63e8645350383a061a912a7bbc
198696,00000000000003326f6176e9ed390ef961db97d74a4492f63d78265be1b8df99,010000009410565828434c1b4f13bbf8af1520839f956dc1d4902741c702000000000000f37e7072299615ad9b0a34ec2020dfc98ece50e812f904b7418bc9b189a2562eeeb55250383a061a685d9f99
198616,000000000000019342e3ad9793099bcfcda29fdd33b43dd7a3772e7be846ea05,0100000017dec501a9805151a3fb82c7330b95ce5c3288a992bba98ff603000000000000f6d7cb62b74aec29157a2f021c812f8432568a36bc673edd3253cc668ff89ac6a91b5250383a061a03fd5893
198594,00000000000000a17daafc8c0cd82866a6d2f6240ad81669d96ba01e79f27670,010000006aa3a94670c853467a8b585b324620bc64e4a84ca15ffa238204000000000000ff2860de9fd8f4620a931323a000bf3d7e89e6b0df37a873af66ee84e46694aaadee5150383a061a06f8fc24
198368,00000000000000c9993d9f5bd4e5623162002a0224330c88e4fde07aa7e1fbf4,010000001e8075b91479797519a4195cfc95ae1f16142684927eea6ef6020000000000005338f3b48f7aea0f223b3ecd1d1bc2d2614b7f19dc535a2ad40ec71889c570a456d04f50383a061ab27878d6
198359,00000000000000963ccf1b79a3bb6f1b23247f6865aa2526a89adbd60c2dfa3c,01000000ae9c93e032f5fe9df775db79e4a9f05aacefd06db39f1426200100000000000079968b66fefb9d5a521a47fd50c1e6beb89c33c644cc6d8f722b5411519a1fedadba4f50383a061a0e8687cd
198356,000000000000047fbca1992ef9183b1ffb2a43e25fc94a418a632d2099eec4ff,0200000044a04cf57463eee4c03cf375abe9879089fb92ea80ae780892050000000000001eb2d9b070495fae916da948e7717a10df72152308de08ff12c79f0d302acdb58eb34f50383a061af899e2aa
198346,0000000000000565c285782f804fab8d5d768c2b329dcf102e5969c7cc32966f,02000000edd998c548bda6aa96dbe5a978f643f7e1d664dd2239546ecc01000000000000ff5a8f40cad4bce9e42be8d1264273bda1835ae544caa8c4e0def82fa626fbf6439f4f50383a061a41ade5b8
198185,00000000000004cebf39729f7b50a565f08f55afb6cfe66d66b3bc2a1c73ae27,010000009bb8537bd91089e7d6da75fc743b30b342197ffa5fe881660501000000000000e1ac1283f22de342fcc820934d013357ee189e49c96c9a1f1921044c4fdf0d7af8394e50383a061a6aab271f
198090,0000000000000426a26c0a6764fa63e2fe21e22786a79ae77c24f670661580bf,010000001993d7a8ab582d8a7eabe6b11de461f4aa4ab74889c378152d00000000000000fed10331c8883cee6816230d0101c74b9d469a55c772c56823f7debb8fd24b59f8674d50383a061a390c142e
198085,0000000000000600c45a2c0eab5e72939a45160c941d5658937a75f048dcef15,01000000a254e43361c7a24b8e84c99da7e785c64381c691419a03e6db0300000000000074a2a09e87fc2099971c17b53fd74768f757793f88aadb3e0327b8089834bd5e31564d50383a061a2846fe17
198073,00000000000003c18d31b38be3bc04633dd4d327eadd04583dc8da8e80b6f6c9,01000000215c271587d9ab76f3d41c0d49855735e148e22f05d9e8f641010000000000006d43e1a88f6e46595ee60fca42b1eb33ff678a4d730e5c740128bbea76f9ab31582b4d50383a061ae6d63a64
197905,000000000000007656e94b548e5038a4642b518c1d088f12bf370acc25653e34,01000000f1405a1db09d191701a39250f2b5e290cc9d906b24a702b39d0000000000000048df7d6aeca04adad96852218a3f85f1ac573073bbc23db73202bef60a07fe46d1c84b50383a061ae0ef41e6
197893,000000000000015bd72818e86faa72e75acc3d2e42a93af680acb4bddb2aeeec,02000000ca15cca10908365917bb926632d4ed30dee2efc6cd68a16aa00000000000000089cfb048d99b0db43f2674f4013a4440036515eb47f21bdb4a6d24d79892cc4fd5a14b50383a061a09547f07
197883,000000000000011e6d02f6063d4a797ce42fe1f97ecf3dd640b8145f12c2304d,020000005a7371583e7793a9d8e719a6586fb9c092ccd1b4935a42b765000000000000006243836741520333a1083c2dddf0904cf36ce705e0175df25aa7d13fb40f5041b2954b50383a061a3b092f03
197841,00000000000004c4c29ac7b8bdc487bfab8e39f58073390b57e539e830c184bf,010000008b55da6f148675af9267d60b0ac04e68174d94bf154625c788010000000000004176632a3207832dfd230fd536131ceaea9235a98ceff4029347fc6a9e78c25724324b50383a061af71d12f0
197795,00000000000003fca1f109158adbd935bca8ade19a77673380082e5698af43bd,010000004ed32f3ca71d3e1b43ff27514e75032edf708364b758d6357905000000000000366431810a6c1d6400785f715b190f2a77d452f365b441a596a3f41f64da7fc8cbc54a50383a061a5fcf8d84
197681,0000000000000028f5097e0f82f3a99943d8fe5dd0735351a0612d60ffb90c4c,01000000f678bd9dab8543bbb4bb92fa88c571a64123c30da17baa692d05000000000000d297fd1ea8afdfda7c990b1c8923c6eeb8669c5531268be5aa1764f662bb7f81b2ca4950383a061a03a54d6f
197675,00000000000001b15828aa35d0b9feb2a8fdaa9becc591b87958033a1313d03c,02000000a7d2c38c0885c3b2d24c4c7886224c4df1a2d1bbff5d0cdd0d060000000000001b9d288a7fb37c4184c57028211d8f3275dbbd04a0da286256b5e9964079dc8152b84950383a061a8e71a2b0
197604,00000000000004e4807e7f1d6b324a287879390f8af404160ccd16f09d1d683d,020000008c2a07e2e5f4c85a00bc0bc9ce9b7b9627ef91441f27d87cd9010000000000006173c2043b2f97242272b6908c8f94ccba58789e43a405c3829c97194d3aaa1b7d3a4950383a061a0a8e9bdc
197576,000000000000023eef94c03a705521a96f6575fbe5f80ceb46b629e5e5b9e2a3,01000000e87d61f75bdcc91c9e1a24e3ab8b318a034f1384eb4b89bbe905000000000000a55c633deaadbadb67511b58f9a27383fd05e0c86eaf4f18476eb542ca24bff2b1fd4850383a061a90ffe0a6
197452,0000000000000472b8e7a91b65a08bcef2b22c308a7a4e4fc69470ae50f53ab2,010000002b096523ffb3da1ab26dc9976ae61b2e1216f7cccb7b6d956500000000000000a172c2be23b42bbc273f3e3753f3c3336274e1974ae03f3c5cd036b039e22f10fe074850bedf061abd40fbb2
197380,00000000000003ee2806650f26e90b1f66aa83e84e3eead30838e1287ada828b,010000007e6618cdf98716dfc472b0726783079708ec3b624bddcfa3a80000000000000051757154f2fcd567debce2d2768d6741aa0bb8408d194ec1ba71b7dec10ace0851924750bedf061a1ea345f3
197345,00000000000000fca612a30e21ea4dac7bae080be8951489d561897e4100f466,010000009dcded150dcc76f1a240bd1a6f98ed24d38319c9b9a1c73bb70400000000000081106ba45fd908dca52bfb36104ada681359da97de2b7cd5709ea59d3b1989dc15474750bedf061ab3ce7a71
197236,0000000000000302497efa8b3b6f7d8e2bd54931ef43cf26f594f3bbc64caf82,02000000c853945639fd357c86967f99ba75fd7841bd450c1c05cc72c704000000000000c65c54b117c7aa9b7db8ce20c834db1f88bc655ecccfe6890bba07ddd540a9ba32824650bedf061aee3e845d
197021,00000000000003589304493de3bb3e36abe66342b3c8997eb6fcf25710079ab3,020000002bf712f93ee4cbb65766c802b09a36814eac85b09a17925d9f010000000000009324a636d9b13fa14fb9f1f904d2bef10ae79c1fdfbe81f7aeea54066a00eca35d934450bedf061ac1216cee
197014,000000000000029b13c4860e09b4968920e2806391a75c0bebb0c74f7fef2066,01000000a4de6986c08536b4d5d8ba09aa08d55864a25c6582eb692e09010000000000007a42366e913285c3ae2fb0bf66ac07e1e94799dc4f89c43ee85e58faf625c870bf884450bedf061aa3a222bb
196905,00000000000002fb58003e262bad99c702017f9cf737bc000269da6a931d560f,0100000070cce9dc06dd282e1a252bc23dc4e69693434f4cf907a3c53d02000000000000e801b1c4ff658e24f1af83c3a3d8279470b7220529865a28c6fd6659b3ef7d32e8b84350bedf061a11a7397e
196795,00000000000001bb712adbf9ef64262e5d04a64cb21cd12678b5d7ed2b875248,01000000f78bf41be97affdcfd1bc536ef258f1cf75faa370072a093a405000000000000ac1ba088f79ffeb22e5b200c1d4cb2e4bc7036acfb03db75b2e25822ef7e14f043d34250bedf061a427a02f8
196745,000000000000038be931c32eeab96a8d6e3064fe843b3da115a7709b88b38f54,010000005ef6bd3af59d7c03bfb53c6361b073b7362a23429ed8237bb102000000000000d28c115bd5e98c5243d8308971bed960d3754d8eb35c73c2405083b39faf4df7e4584250bedf061a4da9baf0
196699,00000000000005b71d5366f00abc42fbf555d1be267a61ecf99951403ba53d10,01000000da3c5d9aa1d7d974b83562eec2c5b6b2e5ab89c4fde4d645820600000000000009649131e57452c2587fea7abdc705b496f8855d392083605969447952c214ddcfef4150bedf061a286d3c24
196689,0000000000000483f3f3132969c3f98911b35fcff4e69eff9ee3498027d484f5,01000000b42d6c13df582cb3fa44cbd5f86d237389664d7617a489a92a040000000000006ff891eafa531bdda1aabb5e120e012dbb94a33c82d5b35097d7cf08af524bd3a8e34150bedf061abaf2e7b1
196528,0000000000000192b49202bbf16230fabbe1a4b619bf39cbce31a5ae3bcae57a,01000000d5a03b7b444decb3f023486db72e06c1f636dc5d5d890ef35c0200000000000092a66151df8e238b6f88f687238719d5ba561f0daa3f7050ea57a9c6df72e5f39f894050bedf061a5d74df74
196515,0000000000000435ae17346d4b179ae21943e85c0bf5052547e41f96bb471b39,0100000017fa87c7c991a8b8ed7fcd116f57db85e3e77813f75c8a3c1101000000000000cb6671ae2affc15efb79d732e546895583eed6b9680002d6136a8c8fe8b128f2186a4050bedf061a535d1f54
196502,000000000000062cb12a6d01e55fb093dd484b2372160ee7d82205a0aade5d23,01000000e861f1a6e5fd10c85b06fa7a22df6cd41742945dbd77061fb105000000000000de7a266f986e39c3980da7681a7f8de0846acf16d9420faca05f2a0421660657fa3a4050bedf061a43b8c50d
196482,000000000000031d080e0e20ca136ebbd3c47254636a9394346fe44e939e3115,01000000fd5728eef1c3481cf4a60e045f6867351db27fd9c5a0922eca02000000000000f1b34a77a56104e85ac2bc66859014647a9aba51addb35647c9b7ac9fa89d63ab2094050bedf061a7cad6d08
196237,00000000000002d013772df0aa1226f36f6ee6f1f3109e68909166fd2229fd43,010000005582bdda824ea29299da84109b4138e7be008be43b20316d2d06000000000000104f36e6b608b21ecfe360b73fef918617cfb98cd9b77209b011ccef4fb1efa933053e50bedf061a3b249e02
196185,0000000000000537aa89cc883eb3fa003610714e828dda0eb9fd413de50785b4,01000000467243256a2258edf039b10ef1ee738ccc058bf71dc5163cc2040000000000008c221b91f2024e09f7c4bc16b7ce28985abd2688f9ab9b115fc0db4cbf8e2d1b95943d50bedf061a2367eeba
196164,00000000000003d9a0d0a91dd7b0ead2655826dc630d9cc03b38b3dd48bfb622,010000005a8e74f62d6c950ec85bc55a50473001a006ee12cd81d4693500000000000000ebb202162689c4dfb43c8f62862b7980a27bbf14506a3adb2524eb9c7e59ea5bca6e3d50bedf061a80dceac7
196159,0000000000000230d7752e864af9d6bcea393ca02ccc9589cf51d18976f4f430,01000000a5014594a2707d48cff2e263235bbf551493c6979bdf23fed103000000000000c1a4c4b8c332cdf429272d93a58ff9b8931e3e55e4dd6ed825c908a8e028423fd9633d50bedf061a6525bdbf
196078,00000000000002e942241c8674ce3c9fb247f1ce10b19eaa4c69e3df01eaac35,010000003736cefae89b98c73ab7287eb13211e118c08a8552522cbe9e060000000000001e418765f79b9f5f417ea6d5be46ab609def3bff5d608c592c4305d86794f31635b83c50bedf061a665bd1f9
196039,0000000000000522f2f8343426b9d91d14b604d99ddfada5a1e5424246cce4db,01000000f7ad4946d370a32b6c45572a36ea3ac2c3df03abb9656bd89905000000000000811d0e30fcbf1cf4531191b905fa7f509740e0dd0debc2f844d18a73cd8a753aa1603c50bedf061aa7c90a12
195772,000000000000027f57b86241c1d76e6c3f01c30ca3dc7c59e911cd13d48b1cd6,010000007c105d1fd587556baf7788be73c0ed29cdd6f9e50d000ad367010000000000005c2287747501d20d31b9a729b3c15154e4a39d19ac25fd4cfff40a8ff37be24d6d123a50bedf061af42c4534
195731,000000000000039db13e01ef0f58aa7b67177780a46fc657a515d9aecce13011,01000000f32bd917913d6cd8623f04121a3de66eb7c3d9114dcaf1bb0906000000000000b83341222932c96b032745dc39a80bc7e718aa1f6ea3d68c834d942e35dbbf9fa2bd3950bedf061a0ce1b0f1
195709,00000000000000e4d55eee7697d5ddafdf787cf066312d790f9f7dda6b487f9e,01000000f7c30aa904fd724e27b155dd85fdca84bcce0f5b6f2793faf4000000000000006d2564f72aeb2b790aeea6bf78c10688ad6baa37f4466993dbb3cf3706de6bbee59c3950bedf061af88e57fc
195615,00000000000001cb113967602a2a2cd1ff4272ca767a886bb972c413886b67e6,01000000c3dc6cde7e1a19ffbbf5c462af878c6fc59fe05e37a021d73301000000000000d2c713fdeb727a07cffffa22903661cec6ebf0db2beebd5f2afe575d2ab91ef027dd3850bedf061afe5179a7
195553,00000000000001f674e0dc6218e165404cb56023de2626a8a85b6aade2d24805,
195551,00000000000003313ba40d3ae0ae3874d32031ffa5dbe823889246c553281c02,010000003abcd992fba5b7459562801d8ceccf32436677ab0857b1e0e10300000000000074116b45ebaedca0ceaf982e004cfef88f61f62b46b769e66d21471a211ac981fd2b38505ea8071a41668ae6
195528,00000000000004a5e9a164ff96c1537b8284ecbfe86c386b202f4deb46a7ec44,01000000a3970ee8931f275968540ac8f284b029a884e98b3378554ca301000000000000bae5e1255fddbd637a3eeffa9ffe2969d46e73b4e268c9ce4d06d4db61771078a7f537505ea8071a97da6a52
195511,0000000000000685c58da7e07dba666791a0df2b0b30e863e5a8541ebe1ce3f2,01000000f678c1130447151b98a7ac09db860d2249d920b1eac5855205070000000000000cdb75eda33958b9bf01022d1e4263338abef4daacb470d2a6771b8a51a9f4359ad037505ea8071a1cdf4712
195471,000000000000044e0fa40b26bdc65563fd5ee536a310f7b91286077fc3514fdd,01000000ff2f453b0ec8764840dfaabc109a84913a784893a579c4688b00000000000000ac60a58cd4f3d95570cf1a679d6494c5d1a98b0da0d08dc6eb2b7dfed25b7365827637505ea8071a368a6636
195467,000000000000040c5f3eff9da97188abb2f5f691b442d6352ffdf9d1db399618,01000000ca29f6d482173d63b9f69123e02c1f584f28c83f6a13e1a48807000000000000ff6f230a4fb02aaedde58a543e884e3acef77ead8290693dad34755463c94430146a37505ea8071aa33ebf27
195464,00000000000001100dc20a1bbc60cf8a96fed867b1c4a54329c5842503a303a5,01000000d13b00bb6e9e8f8d6819ce61f5cfc5929f1d82e49e8830a5ad06000000000000ff0d3096e1ee691d2041b2c831f466684efe2a301ae543fe33c80d033b061e2eb76137505ea8071a04fd0fc7
195363,00000000000002eedae7b57b3c7329a7f9a441abcb7c7f146ac46251a1b16dee,010000003d4d005b8f51f64cab148619eead459fa510ff634e546225af010000000000003b55ffc5ec759c74cada311afb23c05a0b1dc771006ecd4165e4bd5afed0296f388d36505ea8071a98eba7de
195043,0000000000000314d4e6bc2b23dbd7a1115afaf50464d98c00b75b120b8832f1,0100000075d3e0d0636f14737f3e0f07b8691c0d15b8ef239fe32b67d7050000000000003ffade830bd335e8cb85d49c081c1c4c8ebcdda11d8840ee4c0f535bc0c709e3fbdf33505ea8071a16344253
195011,00000000000005eee26d5313ac960172e9c305028871b4f7a7a4ce995eef8034,01000000e468887e8d86fd2ebdbed34b0f23e6bcd65ccc45bf31eda7ce010000000000002fe9143afaf6e5809634b4bea1dfd069ccf87299d03f10fd5a8816d7e33045c05ba333505ea8071a23368c6f
194936,00000000000000b2e5f350fe558a86a8e34797bfd43a116bbc64adb66d9e87a1,010000004da242073a5a564c2f7ea4708be57186faab0b66a77524c154000000000000001c75f27df2ea17c2576731d83126243620ddc6012c259795e380aa3f56be0819800933505ea8071abc4aff44
194901,00000000000003ed2374c63bb5525781512b725f0a3abec636ad902a36d12df9,01000000405f8dc67ed70f4a697a5d15e1de8619bdf1bcd3168319e48a04000000000000cb6188fd56855a42568e1f00ea91f5d29866f4d100cfc3c77acfc8935e935e4b44d332505ea8071a21ea0747
194900,000000000000048ae4198316d3bcf1bd1986dee1155d7a694a0fd77ec68d5f40,01000000ecf817d94aa72e13a516ddeead67bdaba77a7fc344e7b43f3304000000000000691f3f67104683c17dbede65ae768ddc97ffe60bb9612edf431f9614cdbd0878dfd232505ea8071a27088267
194891,00000000000004d374ef1da3d8ac9610a6c7605d982175524ac47420d06c46c3,
194730,00000000000001d55cc58524966d923892009353241a08bc03235bd289418c1a,010000008f19e7f5fecee537da90b0372e5fb4a8d43b2877acc98b2e25030000000000006f554365dfce028b24dc0e894ff639424c442097afd2cd330ca58ba310b82c65d88931505ea8071aef924cef
194643,000000000000078648357a81237417a590adde484282101e323baf8e9d2b475b,010000000ec6a5cae8b8c906368437902de7046fbdef95c1af416a7022030000000000006c6c6cffb5b28ea9acc3c79b079648bedcac202afc8dab21a20fce2b6f288c6bf90a31505ea8071a5e018f50
194641,00000000000005557ec4c7303b501012add3d34819cf9d09a0fe50350696b42d,01000000c112b875ab3529d0ea156f90b4ee9096a4c63e2459afc22cec01000000000000505088af80b3eef9ccfb808deb85f4e877e9f8744e5bcd561d4bbf1f3daa9211400931505ea8071a691f925b
194496,000000000000027449767e5cb6c61321f9873fa0eb535a25da0a4c63c67125be,0100000049f3d1dc671de2e5cb79132da5e2567d671921906cd096ff8302000000000000dd97d58646305e91ff1ec28b467d7c5954ef13d2d38fe0bf3caac46ab0bd425b0bcd2f505ea8071ae00e91c2
194455,00000000000001e0a449c61f38fc456e9bfb7b607a883c314e6f7b9331c2cdea,01000000982ec495d61b600315c505e28831d4e11bd6be044f76ea20050400000000000035140dd21f101caeda21069e83d2cd70e20da714625586eb0d53589d842f0b50b46f2f505ea8071a949a868d
194406,0000000000000145e4053924aeb86a168ec407edb43f3fdf75da607599019a90,0100000032661fe5f75c52550257b35357648d7b1b2dc035eb5451482801000000000000eae37d5323e8cb0c6a27737dbfdbf6c0a59d54cefa52b1c05635760599a1d250ed022f505ea8071a02599301
194385,00000000000005028867b9ab272f5014a04db51c091ef7f4230a72687f74e805,01000000e4586a9e10e1be0a36c881f852fd3da6b3ee21898ca2d2cd9d03000000000000c81b7ec8fb061d674c0e53f4615878323a1bbcfbdbfb22aef5aa395293c7606184ce2e505ea8071a150ca9b6
194381,000000000000041072034e183b4950799f4c90fc791e153f6aca6dba300d64a6,010000001788c820ac304d4543ea36ced00727c13af08fa46c220b651c03000000000000c697894fe43df1b42ef8b3bd0f3b854ccd26a56b80b2003fb5fd1c74c67cab508fc82e505ea8071a2e977018
194366,00000000000002fdf4c90894cc2a3ccb24c0a113dcd1fea23777d8da28f53e91,010000006175135cb2af8a4516dfc1fa3761ba10dbd2452e67fc0fee9b0400000000000097fea8f17dc2bad719ee8ab1c7122c979d053a81a8f71b35e7fa85d593c8308ed89c2e505ea8071a3101a0ce
194357,000000000000051943026edc880f79f5059ea2b1b6181b6942fa448c7b17e3a3,0100000017f1d9032a620251e7ba35294cdec90424d6de0762f73ab77a060000000000003bb48dd4bc104f300b900d91b5193e73f99b0befee238314474b4d5d0c1e0879227e2e505ea8071abb8cc448
194327,000000000000019094601420bb007bc0b71cf25d9ea1739d529d4bf1fa50cddd,01000000d8a104c23fc9b0b5699581d34e32b6eafa17ff2d2f3eac62db00000000000000699ee8b743912698488efcb62097666a06853d52d6ef057b9c415b7928e790bd72342e505ea8071a6438778b
194325,000000000000001af52ae1eaa7217ddbf4f1728154a0e7b05f6e4d5b40c668d4,01000000fede0bd0c3f5c8ac1aee71b23b1f33204e7d0bd249182e0f950200000000000032478d0c7155d0c1dd36580a39a360c39ee861ea902dc8c32b399c350b4891026c302e505ea8071ae6e6c0a4
194293,000000000000042c64d845044063e1cfd3a41cbc1d582a99a9cff33c7dc2bbce,010000003e7b82fdf4261e571953d1603cc475329210c2efd59f2c041205000000000000e1c0b9a07586d743c7298aeb627782562d3dc966af10272d7b9c83f1c6e3c3aafdf32d505ea8071afd41b854
194230,000000000000074b1aa3d543ad16c1a3bf179d569acb1b06cf33871ad5231fc2,010000005c36704a822634ad6c03b9fa70cf416a8ec77ff410b04e7166020000000000005b1da4a8711d852c6b6be1ae1f47bab797edbc5b877b88d38e42dc26cffd572f0a502d505ea8071ae538ff7d
194229,0000000000000261ad67509dab9966b14ad00d5d5d1d263be12a24d99a336c09,010000004a160b0cc075fa550195df6bc9a1b2539668819e3e808ff0a8020000000000008762388168c16f5db6b92831b93f26bf8a4f0a72955cd00590107c2f6993b66439502d505ea8071a66c8b626
194166,0000000000000555059de2d773e33e6e08d820b18acc5f00f0499178e8dccc24,010000001d6adc0ebd134a385759da6b75baa441a9a5fbd79f22e40c10040000000000000b9a3e6f29ee974abd54a0b89f35b57872cf24cf6526f12343fd134c6b343ab10dc62c505ea8071ae6ea2e97
194159,00000000000003d4327559a60558be5b7fba29ee8926af2798560f1f48ac19cc,01000000397219958ad041eba45ef7278f32dc960b19771d9aeb12cf6a0400000000000093d96473b5ba5871fffe9391953eea1b5c5eabe09653631f1b9c12e9e43cae3c1cb72c505ea8071a085f5b4b
194101,00000000000005444abf99c7682439411b31d0b8dc76b7be2681b4b2e63364f6,01000000fd707122fe21580fb1ec8671b40c5304dfce6b0e09f2486a6805000000000000cdcd8a2d23d360cb4f8cdd67c829c69db79ee8fa495494b7707e204e2a0ad4c88b3d2c505ea8071a2763a2b6
194089,000000000000046026ab02758e14098ec5a4402192e78a5a769f1570af13189d,010000003e1271971ae7a9fc5948772513216f81e68f01eec00a443bf501000000000000ee8e7fcc97458626d99a60182aaba3718f13d443d0eb15ad73cd35fe23257bdac3542c505ea8071ade0ebc4a
194065,000000000000048852d6e6a04f69df498726c4d5d54f07df1ecf42ee55d02fa3,010000008c8ccb3549d651de6541e257f9497485093af2e2f4a63d7ab105000000000000a701af37551de81e58b7b2bbb5b896188b65a870527cdfb94a9a7fc7837b07b67df02b505ea8071ae6f63e6e
194054,0000000000000127ed5fdda98117c6eb63105ad33054cc6dcbadf1cdca08b9af,01000000b8ca4637de901a2c3dcd7550149691998d80260a1f0b60b88b040000000000006f2676de43c06a9295fa75f1c50f0ac8ca8d35c7cbb0f55e7c349dddd77b5a77a0d72b505ea8071af36f4931
194020,0000000000000567840c52c64ee24da6b2ffb878112780fce04af9a84d5f73ca,01000000a6cf053a019d4dedd31a13ab0e6f20aa87421aa729c3a7a8080200000000000007e17386cf3eeaff98a9dcc4fd857d9c7be5004e8d79bc049526dff01a9ef245bba02b505ea8071a48b2f8e7
194000,00000000000004a335ec5a1c7075f6c1e3506db8f97778d8f10618c9871a6387,01000000fdaff39897ee49388fe3ff5e92b78535f6ec6247bde61ab15c070000000000009baf848113dbcd864c182c03b6aa53deaf78b7fd6c5e522f69e0c70531990e3a0a742b505ea8071a04729cce
193994,000000000000049375fbfcb9f3e1696ab4397c7ad07aff89b42e246fe7c918c0,010000000d3ba6ee677b7879579cc73d19ed862cbac0f056c02b7eada6070000000000003013609f8fdd6774c504815e33444cca73369c43f9d1023e91c4684a975a4bef8e6a2b505ea8071ae641b1cf
193977,00000000000001af87086d2f26ee967ae88389448859199741441d645e5c4aa0,0100000014d0b138c27b97368289e3a60defc695aa2f65bfa37f75bd0c01000000000000cf51c65f06fc463618dde60ca6e5aba22c677c7a63a8b66977569da4268790321d3d2b505ea8071a52bafd51
193975,000000000000046ca703968012200349abc33e1c8368a4473a1e52a90a79185e,010000000eefef074fa427e577c05aaa9b1d71fd938cb0c59726a08718070000000000009ed589f81f688bdf0cfde03d2ee3b4698a9fd68d164755130449fa5bf3c92b55c5372b505ea8071a877cd927
193956,000000000000042fef175f654f027651c3b462b5f85846289e447ddf68f8a8c9,010000001430752f67c71cc7ab86428f5bec463850f7dbebf42baa06f004000000000000fb89090f85dc9cc5d622bae95b000207edcd1f670cff5b7c55f9e96cbf8a5e99610f2b505ea8071a5366eb8d
193945,0000000000000422f7000961da2a3adca1d945e0ccac77126f591f31ab18db9f,010000004b36ce8cff533d69b213aeaaa10f815541fab8fb07bb041fd901000000000000685a61ae192c86eabea80bd45587c7c8ec8188b792ab4d9aa0513284e5e5695b34ff2a505ea8071a02f1318e
193932,00000000000005c51cdb28d91f34a59079abb3ccd65563ddd40e8488121a296f,010000008298efd2e4de2b0445bda8ce98562785946903c8328b05c46907000000000000d50d64ad8a88ef70275d9d586e61629977c5d711e1406b5684da34b850cf0827dfe12a505ea8071a5b756880
193653,00000000000006b5dc4e715dc0de37f87e582d573519f7967b134178fee1d29a,0100000099ce3fd1091e9ebc4a60a017aa607c9af041e5a6babb4a002e07000000000000401929f8379aa9e588a2b4ce8eababadef3d305886d3d3abbda65ae2c36a4f50ec9728505ea8071a48b06647
193606,00000000000003397d6a41469b499687b1bf879c6e62641d459c1398031c2139,
193592,00000000000003ecee28887516ee20ac2f9739994b4b0becc0817824fd3a7e01,010000000dce44c85efbda6612f0ac27ae9d965691085757838297e477040000000000008373966111c482128ccd86f8ff6300496c8a04b17de638b7ad0006c8ee183ee5901028505ea8071a800a67e0
193581,0000000000000204b59dc7e63fe37fec46e66f6b92cbbdeb8a97206002a0954c,0100000028f377c6ea49217f06ebddae992fd193618f7d033f980a8c1e00000000000000b96181f8017ee47b6bbcd0270956e9f78c72a186354797f450dbbe0fefef492764fb27505ea8071ab1239290
193565,0000000000000264185221cbf2899f1aa22c3a58fe4cbb4dbf7e695bc5850f65,01000000042d82d93ec07f08d2a8eb8430d375a0cc867ffb410920db33020000000000002030784caa581a06ac3f4bb0f9bdba062e2ed98febbae3d7ef3822c48415fffbfddb27505ea8071a6f599b13
193565,00000000000000573851caca7059360fbed4e18c9da1528480a6436f2b70650a,01000000042d82d93ec07f08d2a8eb8430d375a0cc867ffb410920db330200000000000059c87013294bedec2bdbc7eec5da6eedb48886da55e3716e7bd812a7fabb39e1d1db27505ea8071a4b933af4
193299,000000000000073ea26eee815a98f8d922e1e40e02f791caf67c509a87afea8c,010000000475a5664ca02c66b2b69d4c2d05e0e1cdb538606a1f63f00906000000000000e2a7bf16a0009f80b709bf549d9d3722d0cb0c9e86481693e2e757cdc484eb25bab72550c93c081af3074880
193296,00000000000006d9c44b522209bc5f4310256346e7b287aa98e00fd9c2e93d35,01000000221de7c2006fc6860905b9f47ca0eddf8fc4f176aecd98966802000000000000e6bcb3df8a0052a1fdf0b3cdb7bdc66a590469a345ce57b5cf31591f83b70ccde1ab2550c93c081a13f3d3df
193045,00000000000006239fbff6e032c357c60f179f734f1c7397b873272dbffde058,010000005779ce8ee207c2f48567ba370af8a2023ecec0b903c84fa07002000000000000fbf9ac327ffa7432822cdcd60c355bbaf98d99827549cf9182536cc72eca779e51b62350c93c081a37d7a0e9
192881,000000000000076ba2dac9632001741d42b4d8e8d7eb5f48fa424f006ea95906,01000000deb9a730674d2213045ddb83a6bf4fddf99b7fba0656fea22e05000000000000d293926e550940f00c0577aaddf7816890122579439c1090525231038ad4e10c976b2250c93c081a1c4afbc3
192712,00000000000006d517085cab69c8ba956d4b1e8c01f255541652f7b58973ab32,01000000b90bc3915846146818c33c6752b6b46de9cb21cc4a1376d9d4060000000000008aa76b67862c22dd1267a5a3bee072da1c03b524e9ce90447696f546c72a1b790cf32050c93c081a94e592bf
192649,00000000000004888e622f2aed1aae25b9628410c70aeb3dfc6cf74b0be0fb28,010000007ad6799134b85f6659dd183cb12e5c17f192c41b1de55472f403000000000000475e433e2a8867b60fc2de87226c5a64783411d183bc1c1b6466a17893d6d27a2d7e2050c93c081a3083c795
192629,000000000000044de882948000781d5d04810886fff7573b11740b0b4aa69609,
192627,00000000000000fcc81a620348c3a5b3d8964232f4c232a66032f4598ec988fb,010000000548b2770a50d8c289c4b2eb97c52c73bc65256a55f8492b6803000000000000644f2c294e4c7a71b71b485d7ff671ddc7670acc569e3aaf3a08064227af14e3337d2050c93c081ad2d6172a
192610,000000000000031b7334fd19b038f8407778c71f8285ac9fab64fe3e11dda779,010000004f70f25a786431c7db113fc270032996889028f5aa004c5f35000000000000000815403b443b68d445177ac6d7493851831f7457e22db769832ed0b2d11bf984d5182050c93c081a273fdb2b
192593,00000000000002ea87b4de6d292a2a4c7e0298d1432545d3d79c9ab9fc02c5bf,01000000a9a8efa53f79481f8708c52213a714309854debf569166e2dc000000000000004de2faa077e97d90609d3b05ee81fba7bc37e70204af121ccaf4b5ebdbab6c2a7cf11f50c93c081aa741069b
192511,0000000000000499d7de3b4726e7da5b3b7eb2bb6d1985cd2d3a55e0106f6ccb,010000002230c1fc253a1db62d8f28daa4b571f2374564e93784123d470400000000000022e28cb7cdb7c198b7b09a517d26f23d704796e2d5f679f9da01b4a83f246b650f2b1f50c93c081a36fa5ccf
192501,00000000000006d09c3f6763a2670630d02649282189224cc02701b5b56d02b8,01000000175d050204a056fd19e86fbe33cc7f69d32c78a88fb6de29f202000000000000fc4103ad8d6f3d901e6951292f033dc72a1f063c7b883ddb4d8c6db6584ebe9563181f50c93c081abf040863
192501,000000000000017a300121c3e43687c7e5b63d6105fc9f1bf961bbde2f6f8099,01000000175d050204a056fd19e86fbe33cc7f69d32c78a88fb6de29f202000000000000449fd026f4236b463915a5670539ebf1c969d6cc67c57ab35474cd6db3185b2deb181f50c93c081a0dcdffbb
192498,0000000000000105a2a6aa73a16548e7c478feb328412c3c8e568694bd230deb,01000000681e6249421dbab1f7a3d5a9c7806b00be996f9900461ea70603000000000000b6b285f301fb2dbc641a18fc49661b9bb518f6fb06f2552ed443f5c0788b955dd9151f50c93c081ac09adce2
192494,00000000000002746d4b486b96228ddefab0d985459d1cb19ab6e9addcf6de86,010000003cdb811fe4ae4725dfc8ec7747e51953318782e346c131bc9005000000000000826d2f6eeb0b49a88247872581e264adc85d3a9f0b3caf7a9024f9abeec912f4600c1f50c93c081a3f086be0
192443,00000000000007d44a39fd435bee507319adef7faf49a9ac89b1042f4150cc9e,0100000023b1a14632e123905e5ba053800981c5611f53d7b1a4963c9704000000000000cb5f8c2c12826ef93aa7e071f0bccbb7ccae195425dbb5ddd8587a07730aa87e6a7b1e50c93c081abf1dd605
192364,00000000000006ae76f7fede4329c24c7e86384f03054049d0c310e1aa0fdaae,01000000c83bf6658844dd1f354e77101b1cce40163076808cd1e38086010000000000001542a13bd9ecc512e897f5b8b1109fdccdd22f161ec970fe6c1f229440c0875915d01d50c93c081a649c333a
192238,000000000000004059f375337bf03c8768e2cc61f50d2f16620b42c8f06e7edb,010000000804f31fb752487cb76781176f02a4884bff9a5b4b0c7d35aa04000000000000b394f639bd089ed94d093a60f25745fa82739fac379509faa754e2b91645ae2fc9c11c50c93c081a8dfce500
192132,0000000000000026b693372374f8d164f72cb47a66111dc94ea5ca4b8e008da4,01000000633742bb25e732c49cfd638fb15df56cee7701305506baeece01000000000000e890a26dbdd8ab9d89d459ff6ebfaa98cf1341c2cc4922683c81b5df27ad66dce9ce1b50c93c081af9ad608d
192119,000000000000062823533d01d996c82287692e9efde536c8a3d0d6b3e8ec0133,010000001160779d7f20adb8f5084f79a052e5b046f268b2f18ca887da05000000000000a207f2c4b414a85b05209fe2a718b0fcc993e0450417c00ee06a4c8053e7471f69bb1b50c93c081a2a511c3a
191931,00000000000001d9c7efc561de0398c82684de343b65069041bdabd1166cd94e,010000006f3f0ff0f79ca38631e744c7cfb7563bcd0ffb5bdab1ea7b5b020000000000006289a60d94090d0121f95a00b359a6103c80772c851a468cf2d8e801b373cac007431a50c93c081a48f88441
191925,00000000000007ed9501ba3d7d553bb0c2d637273e0807262751c9244250669d,0100000009acc1af987dbf92d146c20fd1f1b6e68c5b2ed0c4368dcf2e0200000000000079db09addf92f4e718857fe9c18af5221cbb34f36f9769f1596a90c672cf092429341a50c93c081a34811157
191883,00000000000006e3e3cb43f3398ca140ee0826f38a77fd56325d7585267bf3cc,01000000b8dc29fb9e30177790a2a6d80058434022b47d8159ba1560cb04000000000000d912cd7aaf1a16d2cd84f0a275dffc08a660473ff8e9bf3cde574483f8d528a3dcdd1950c93c081ab3cd2792
191829,0000000000000242f4d6bdf8a6c471e85a2bd57dfb82127c4e93ecbd60ea6be2,010000002e9bdcbee9027ece8ff7fd30510a87e25f6ba828921bf220870000000000000073d1ee859f99eb2c201882851219c7be747ddb28c4063b15a068576fc73307482a511950c93c081a9238c6a3
191810,000000000000073335b2c6ccdfeff59658a1714b6c6de3eadf9ee3954aad0562,01000000d425cb2cf1039b51330e904d0737dec10734e8ce41f1c31b6f050000000000007f7df3ff1ad13c052da1fde8212b2ca47ca13c5d4fdf162a6e1a0c5968081dcb04371950c93c081ac92b7ed6
191647,0000000000000518556ef1730bf19d5c7ab69f0239e13c292effbea86086ca61,0100000088ad01dba377e0bcb33b6c8778daf14d940ecf729c1165a61c04000000000000af04851bd2f37078b471dbfcde6eed9e922c8063b7c7c7f2e4cfb1ea768015cc8b831750c93c081a41ebca84
191637,00000000000003daaed8ba7c4a7bb5c87581ae71ba21e8b44526cec41fe97b0f,01000000f240e89490181a69ad55947884d7e16b344e7eada08afd801f0200000000000082c6ce6e368c222c6954a52400a30642327a7bed2bcf0d8ca37ce6e4e172886f23691750c93c081a89e8d22f
191630,000000000000035f3158a01a3487a9626db572a5eab68d53f206d1dca83ba124,0100000053d17a6be82e08325882bd26b167e7c0d279909c48f0c3629d03000000000000c774666c36988ea3e41da71c6ff30ea0ad463592bc98877cc51b2f49cfb4978548611750c93c081a6db4476a
191523,000000000000002e6da7992635ab0fb4cb8265090a3e257c9cf778ef3cf788c6,
191494,0000000000000459051a7fc02509df441ff88b4f7cf628bd23a5cefe37136999,010000008bbb1803de34cbe9bc02bee483f933cf855fa78144672b192705000000000000c7bf6e90d9ba88dcc974c4f20249821b1272daf3f00a3276b281bb0649b200c1ff3316502efd081ad6983ad3
191377,000000000000045c2dc5b17e7aa1e690839e13a2c89a76a762b58eff58720ec5,01000000b941ea1d3c91a11efb0fe3d94aa094ffd96452e66fe19e26ba000000000000002f333fcbf6e27d14f86f6d9b22eb937ed9c065317ab750ef08fe66604a785715ef7015502efd081a3c25a55d
191317,00000000000003414b1a742396f2092c564ab5c062fa85b7a0913f8ce57fa2fd,010000007c68f4dead4ab6f0922fc41402734ba7d97bedb8a2e934ba8b0500000000000015a9938716d3ca7cb9ec93a44c7a0747fb1f38347871ae35733cdcfc0db600d2ef0615502efd081a050512c4
191307,00000000000008d0e8d48ad4668d3bce7f5486cd344c0fc945f7590500bd8c2a,01000000643b205f89c105eb1a424e382899f55e20b80cc490558fc9d401000000000000f75b68b37dde46a2876727700eef3f47771619319a884b310cd53d192a57f70d12ed14502efd081a77a12144
191065,0000000000000755aac0e63fed9addd80f8dbec5c1a83b2812c53633bf9dbe9d,01000000df747e324554ab5c63ca9500ebbdc5e93da34f4931f419c25303000000000000ac74f61ac240bae8836975ccd5e5ac85bf1dea0cf531a68a3fd93f265ad15b5b60d712502efd081a60d56ee8
191013,00000000000000c43dff5269442b02562168d3f18fca0a36294612d235326a6b,01000000c4a187512008dceda69ce770317d5d70c73e2946fe33eec78c040000000000009b1b8949c98d9122ece5ebeae67ec405765254e03690bf89dd8da9db508881490c7f12502efd081abd4477d3
190883,000000000000043500e1aa846c4adfd7da3e9737bbaf19ea2e113b819145c63d,01000000a79febe52126f0656048fed98273ddda2dbfc8fe3282453ee900000000000000d21c4cb62d03924d4d7c052fd6c7f73380999ef9d2412513181d25fe6d0f4b2d606111502efd081aa7acf3bd
190715,00000000000003b348e09caa2306e061771305be2903120477d69fcc5e677047,01000000c2ea764119807916a69831d13140f02bb869304670b2154c2703000000000000a87876c7f281ca9d2addba8dde55f143540f502b3bf88be1d112faa68c8ea708e72910502efd081a4470ffe1
190611,000000000000023d4293f434a240fe325933842ecf3112c70b48e1102d5bf216,
190380,0000000000000868531789283ba2f0f7af4a09ef4c6107014a2863e00aece247,0100000048492e1c607ada25cd3cdabace82cfa2f8126119a7f8d6ed21080000000000000c0b59bf171f1fd41ccebd55a7207e09fedc6cfa146571a58700df544007f464d0510d502efd081a429dadcf
190254,00000000000007985745bfd2946485535951f513a880682f5f315a2f451d64b7,010000003f6db13ef633bbe3580ea1eb7eb4fb5b7aeaf1fdc0a13b34bf050000000000001b60a099505940bd437ecfdf19ea211c6f195e8a140168ba1569adf512b56191a03b0c502efd081a0bbc67d2
190173,000000000000056478e4c063c42904eec9f4be954373cb55b54afba9556a9e72,01000000d1fbba57c4398016f4a15a098abd90266f388da9f89a9789ee06000000000000a87b20023747fe6fa9b40c99727cfbc02068df5dd508eaf400018a3f99966d32a07c0b502efd081a3eae4abf
190148,00000000000007658fc995756fe0c8aa898e554e6bee130110b69e67730828dd,0100000010756c71e9eddad4d91913540b2f16748e74d0c143a0b0d45302000000000000a95fda9aee2ca92323134ba39f79eccbd36162a7df7d5cd993b3dac7662579a8e7430b502efd081a384d883a
190107,00000000000003ab65065e4767d2f0726838136e33653e2d94f9b43053a0f635,01000000727f6edc4e25b50171be62abcb5fc94da6beaf4ed1ea16f7da050000000000007d427c519ce63ad9bdec5e94730baa050fb4f5b7173dac3697e913ee33b877129cd00a502efd081a80ea2f2a
190031,00000000000004e7b80a983007ef14ba5cef033c044f1b49271c10fbb2caa26e,01000000239ed38d41a0b6a5174568ed3c7381c5ee9860adc1fe734f58060000000000005ad59282912f263593070d8cf245f17f0fd1180cb3199b74bfb388f7e8733f3d12450a502efd081a12718c22
190029,00000000000000663f4bfd0aa48295b2ef3971e14f98333c2d68ecf61d6bbda3,01000000df7a59cc541ca891a3670a975c4e93c7e7bad8bb9fe6276ec60400000000000053ef8bb010726fe3c057874b76d1b880d502a0b9cdf511d422926b6c7f5f7679b6310a502efd081acda75f2c
189970,0000000000000788119b2d8047dae6812af60306d8a7a2447013fe34aa2de9f1,010000000f8dca05a356c9f42675a29f8e679a645a301fe8395050040a08000000000000eea0f4fba798d3a050ae5535a6f1b6e19fa13ca0325915566b64116331b408af88a109502efd081a52036234
189970,0000000000000608dc82bf5216f38b0a13c38d09243cb9ff28baf7ebaa139716,010000000f8dca05a356c9f42675a29f8e679a645a301fe8395050040a08000000000000d20162f525855a5e608125e5f25d28f672f7f42b1fa842deaef64c39730dfacb51a109502efd081a18e95f0a
189932,00000000000005ad61aec6fdaee3627b20a3eb1d11937af4a78923e1cb4416cd,0100000013739664f19c2579e955ee2f67e11e8e2ac731714e027c812601000000000000265e3986cd1f283103c9e5dcf256b995e77cfa1668b5b33510508f8905b6dbd6794109502efd081a98fa9d68
189873,000000000000043fd2255b809ffa7e6c6ada382083ee2240ba0a0e3f787db547,01000000ef223ca84ec6e7e4d26b435953ae04cb2bda2ce667378be59b07000000000000a11e8d5f917784111c6988847fbc6609bdf4511f0177588daec81e1de443c2163cc108502efd081a7946eb6b
189861,0000000000000684080c3c2f4440122ff3179566ece729713cf07cf2340fc29d,01000000c896dd44dc9ff7184f8e2379afb9edc3ee06acd6fed7855986010000000000008fe844d9ed1b411c2c197ea14bead6b90251e43df2bf07df6a51ef6da22ceefe5ba408502efd081a6212407d
189852,00000000000006da2062b36ec42d3f9108a24b276614ff1d979d51447b1b8ef6,010000002de41b4aa02457bf348571568537ccacb8ce171b47097180910200000000000011eb13f1fc0944ad374ca841e9360a56cede1d0806768cd5f70ad2e7ce1d4d1f6d9308502efd081ad232af68
189847,000000000000083b28bf33640a98b7d83b125b107d192a8e12303588954bf325,01000000839c22648d10260efb117051e9db02326f8eff9e040e9c3de304000000000000a1af76cf26dbbbb85514c6ea3526923deb83cc18e32b90609b1cb9634a6e4dd2be8908502efd081afae7e96b
189819,000000000000071b4a4f45913579881a47d5e4cd190a99f54c758e52aeaccb75,010000009503fb4f5c6b7e4c923ef57242661e5ae3b7108e7660efb698020000000000006ef65541fc76ee0ef0cb1f86c7b8ed64d9de7603f9432991ad6d2ac832665a2d6a3308502efd081a701b8d2d
189589,00000000000000ebaf6edf7189636915858347b1c42ecfe18237fd4e2c19b919,01000000e34dfb89d51d1dd9d042df7e32848655aafacfaabc68df3bd604000000000000be71730c48187c06d86ef0ecb084852f6bccde79b4c9fefc8d511a99208e22cc2c2706502efd081a08e022b1
189548,00000000000004293d104ee0b151dda7e57b4e735dcf53b86b8beb1a828cf650,0100000030e3868bb6d6f7a3589c00216e477e1919a7b30651e0cdf85a070000000000001dfb84d18311b662acb269a7f8f06984c2be2cb066795078704c2a052fa7d91ac1c905502efd081a1bdc92fa
189534,00000000000007b5dad149586fff134725dfa0ccee612a110e1c60911b4d05fa,01000000ec08bdd39baff4db3bc8a5593ba04c188548eb5cf207991bcf050000000000004bb1a1085487cc8c4237e6d5ce75ee9395ab2f68ca729b2350c37083367277c378a405502efd081a2a2ec7b2
189519,0000000000000270c6b8654caff27060b63edc41eb97436d9f4c1b5ab5132ce5,0100000082ad54186019005f3e75343a2394272917aff4000dda2b0f6f07000000000000456446e17a117851012a2cb777f4ceef6a11b88de6080d09e075c4958487dbe9738f05502efd081ae068b8d6
189512,000000000000041ce4e36e47e79ec4b3aac48273c311ae1be702670a814dde3d,01000000dfcaa1e8b772491b55ad91d0589af4c6d4caf3c594298ad3cb0700000000000062ee19ac2d204c169fe7854acb913163f19e3a0965f86228cf70174e1abf0076be8705502efd081a4139a9c8
189422,0000000000000821766f122b6b0dc365df284b0cb7184b93ba1d60833727c8eb,01000000b38ef97ac131c576330ad826491fadd37b287ec64103a0c430080000000000007e7337e7edd50bbb7d8b3bd0f36981752e0bade6204e480e3dd06ced36990e9483d304503194091a0230edba
189413,000000000000048d2cbce56466b5bf42fa5ec95b42fe06b29a6c80e6dd84fd3e,01000000ab469971ab0618cbc606f01fabe34329937071f379d135c5a304000000000000d3aa79710212a2b86a1c2da56fc57db1227bce0c3e47c4463cf1229572856c4ff1cb04503194091a495618ca
189329,00000000000002857360d1e3c28a30ef4b35d5b6257c1e2792d00a981c1b4bcb,01000000bbf75609b103745fa488cab9f051629d75a301e0b7561ff06f07000000000000de50fe23024f22edb04b19cac513ec8b70d2a29e82c452ef08dd77917df43a97450404503194091ae994e66e
189219,00000000000008e079a5184ac45c2cec74bc89a8c53e00c2983cc76588ddff37,010000001dc56fe15629fe434f185f132484cd80ae5c74d7dd08118d84060000000000009dca5a8d641509e9e5ff49ff49bc77d9eccbc5f6847a00fda1ea303a189ec6b0401603503194091a3a9740c0
189201,0000000000000694b2e83758669de370a114a69accba88bf3e9a9636c50944de,0100000072b902fcd4965d8050b76a5ed74d5b24bdf69df6039903f8e808000000000000afeea4ef6f2d6facd663f1e4913e623b1c9ea904a1373d5ecf42a55233eb4d39a0e502503194091a742bd0e2
189198,00000000000000e60f2c1783d9844b2a3d95858f829675ebadc2b0fd3cf37474,01000000e97afe4d55581b22f1a918b05581ccaacfd11c84ac0bccfda808000000000000e83b786a35de6a2802c3e1fc1340930eb0f8f858b3e9895266608b264b64ffd0efd902503194091a0dcd1aab
189189,00000000000006bdebb4200d5024edeab4389f0a2b40152676e1935c86057195,01000000dc549c00c362dbd57b67fe3313406ceda2b41214b3ab08a50604000000000000f76ac96a913c353a22098852d338967df7bf6a01da5b9f80ced0d390dea3c741cfc302503194091a3964e56a
189189,0000000000000376ca90cdb12ca3f991dec0038da833f4801a5c29d599212152,01000000dc549c00c362dbd57b67fe3313406ceda2b41214b3ab08a506040000000000009e1e09f8df70306dfdedb69d0c791877c6677762b5caad42e8dc72383f649172d4c302503194091af3cee72d
188971,00000000000006475d934756b1607d65d1107b98ed6fbac88b4dfd59c90960b6,01000000a8ceaba75a6cd0ad7a8ca25a16b59c0db5b8e874c330defee504000000000000058948adc44e51028fe6bd0eb438e6cc1f9693cbc7f42f193c5f418d667501deabee00503194091a0de056a2
188966,0000000000000271becf28a72c48cc170842c7d24160a3e2539e35a2170ab119,010000001bc120b341caaaa84c6510150222fdbc22f901b00859c06124060000000000002c2136292eacd48c118e9e2a9ed747189ecdb946f7b9bbfa5a8fdf1ce7f73cb9f4e500503194091a2a493341
188955,00000000000000e2e2b90ea01b63702ad3d1043ce9e5ba1a8e53d8878f119f56,010000003c7e13ebee7168c66508d04cadc7da18c7a7fdff1e1ea3ca9201000000000000474d3ae8f68bee0dac2a31d99227b93ad0949b704cf098600ff4e08d73ee211f2ad700503194091a98d399f1
188898,00000000000000b4ba906a9be51989a18bdd60b10058ec78c9b0f3829690a583,01000000225bb767501128f58ee161a381e84b8350a3e2bddb95c81f2402000000000000f357f4a418520dd5c11bbf6496a00634391339bef144ea19d5a02c1f409b3a46b04200503194091a15801863
188728,00000000000007655a479f9c8e7656088f6306a751de0c01467d243d92c07dfa,01000000160dfe294d68f27b5812b219320cce2389ff1938175003ad770400000000000078c44f62613c1dc23654d1e12eee249d9dd9f717688324cdec3ac7b8fede327318ecfe4f3194091a1c1b60ff
188682,00000000000007213dc31ee173d8b4e0de3812f5802f27f9a077715e668d6b05,010000006fef0b44d173ca6cac76da8a1321c9937102f192adb1737a1d0100000000000041044bbe1f3229e8f83a58aa0b0653a5650265d48a84cadcb65fdbdcfd14ead9df85fe4f3194091a5061f4ac
188625,0000000000000834c968d07ae6276b795ae42e40cde0527d78802b0964fa5cac,01000000130febdb3ba73618de2f2c3d19bda7f84bc310f3e85c52824e0700000000000097efdf0e86f79aa8163833f143c5a6cfbfd90a171f7f5760b20fdacd4fcd07cd7703fe4f3194091a1a187bb9
188520,0000000000000150cb65322057768d4ec8cf0f9605b40d1bef96f2e2eca34e53,010000009ab7b29ab4d29cb66895fd8bdae9316f35259703210b96177c06000000000000c6f38819cb2763791f2b09377e158189a30d7e6a5d060565ad234aa0a45084aca2edfc4f3194091a69314529
188485,0000000000000895d5c8bac28eba7ec30d392a285d7b037bfd3fa90ff2ba90a3,01000000e3c507615dbce7244d39b4374fcb3b34aeaaa16b43cbe1ffd601000000000000da5eb36b15ce81c2fc539cbbdb9c049dc347e9ed705200ea91cf4ec286783db7ff97fc4f3194091a50244793
188347,00000000000006fe9a4f523e27a137cf0ffbda26a5dc088291162fbba334c949,0100000070f77141b0303a256ca9df1d165369ca0f8291415ba605282109000000000000d0f9f198b4378cc209cb29b5f2e63f20be8445114e97e2d32839cad772b21ebee86afb4f3194091a7a2b81d8
188321,000000000000072fe234222cc9ad6f06e25695cf963e822757305facf1f0e8c4,01000000427e4cb36abb71ca61da47eceb7a483273f64d0375137c61d200000000000000400085ad26adb61af2e08a47bcd382bae4c6583988647db974747d94732b6ff1cd35fb4f3194091a30ce976a
188197,00000000000006daeaba2536f96022e2d4800f41ecd46cddb9271ddc91298c0b,010000004d6b14829da01e2395653fcafbbf32771680c7f0701d3fa3cb01000000000000e018fbd354340608bf9cd8327e10852b6f9f91f672dcb736cc4e899609993ba24537fa4f3194091afd687eb8
188129,000000000000094c815d8bc76385734bab6a16747d29edd4c80a1c65d896c95d,01000000f94ac4f49379bcd0b78fad8be387d9150404df7aeea540b62100000000000000e6c52c818e782a51e60584159ed53b97186fa3f8f1cb693657bcdcd70c53e2b330a7f94f3194091a762a9e8f
188016,000000000000088f440f6916183aa4350ceae85facfb725fbc35328cc16f616b,01000000c043f91d32be691a61dfd4fa1a28f5205b7feab59b166c063e030000000000004384c9c1b74edb5476132b9e3a9f040c74181eb2f9de307b2f35a63cf55f6ec154acf84f3194091a7681f064
187991,00000000000007ea4e8d9d07a827809cff75ce50b55d6a78969f30a2111338e1,01000000c61a1ead8a4431087880bb095239f9a7408d9d2f82351eb3b9000000000000000ae0eba10a5a25633f222fd49ce287c701ec3fd3c2f46ae258f8ce0c275b03eb9573f84f3194091a10e8e16e
187989,0000000000000909b8f0f118909d5da5db7e03fc520e34f2255a0863743d00c3,01000000bd72d41ae25f36c92bd311d0dc8ce027e08be5e28545f31ed3080000000000002d6794f155eb776e0a002e1372ff800b7c1d3bd6d4af22683305cd5614eadd9ee16df84f3194091a07227dc1
187884,000000000000093538acf4e1b0ae0cdd3804558f00fb61762f16cd935f998a71,01000000a2bb3798e1ecbd085720a3c3f91e37977a710c33765280f41f0700000000000088f833adf54adb6df98abbe24ccc2d00986374cd2ff55c949ffa86f7dba96723e2aaf74f3194091a202ff08f
187874,00000000000003f912c43490ae735dbe685036cad69aad8008edf1b7bc94b733,010000005360c8ab75a7977870c4061972ad0e412bbde1fe7064684b1e07000000000000591ccbbd70ed53d04460a51298fa8253237f5cff424c6d161b2a39f489e9b2caad9af74f3194091aa9a20485
187866,000000000000066637d2a97a60b8fd097884d2ca0f3e1977dfd0507f6b06f2a3,0100000077f016b6b2c12821f3eedd527c56cd319f9ca083ad4b686389060000000000003285990b7612ee5958aa7e02ec208056f3114bca2d41a776a45dcf7ec65faf583977f74f3194091afaf2d710
187826,0000000000000351313ab889fbf2caadcdb7211e40c02ad5af5c69edff4ea557,010000002b391ec75f4e2790cd30435f457c8d45b445781ece40fdd90003000000000000e7ccd70c48260b834c71e77a90991902d328449e5a8be9be1a448566e70fac12122df74f3194091a1a9050a8
187783,00000000000008f4bdc82991a6a6e53cf9ae21008e67c234232a23b0b8ee69cf,010000002d79915deecd9b047eec5c94c55d34d37c9e06f7cb09f88cc106000000000000478cb49f8cd8ab46c6cf292bad151cbec72e40d2576f30e13fa5d4d1deedb29d76d9f64f3194091a658bf631
187643,0000000000000364b01b072b30fea016388261a177abc33069e04a8fd13b78f7,0100000013dce65dc699870fcac379cc316cdf9ebcf6158fcc6c30543a08000000000000001fc466e1aea48ffb7804a1df3536496d638351738b8651a7cec008462e4ce4e891f54f3194091a7595a7a4
187637,00000000000004cebf2bb7d719ffede9c8c370c8e1219dbb65c867d8a30a5504,010000001164d556b549595faa43c1214899eea04529866008648b469f0800000000000046a4f67201ef49ba987db0a827c09f8970f43ac10cc797d38ea248bd7c91f9731080f54f3194091a0b082445
187601,0000000000000437fcb875e192991cec67aa4d7c53bacfe129ad4293b6354b52,010000000f226c598b71c20cf17d0ae6da2f0494a82027489ab0a05595000000000000001c3f1acf301eda9d7ee0ad5a0307fb6fa1a220f6bb90f7139503ae4a154c83824a25f54f3194091a030246b0
187598,00000000000005fafc11f8a3a72aa0cacdf169d0f2e72e1617088671b80019d4,010000000d99006a1566c31fbffe60bca533f5321a11d3e8c2c82ccc8f02000000000000a60be690201c5e44f0040a1a7dd78559f63a9b50ce29cfb5d306506a80ed42c01f23f54f3194091a9bb6f5a3
187485,00000000000001bab405c73053c83b47b521b78eab00574a32c166a9a33ae0b6,01000000519cbcefeebed92d72b8b70b5a5f4c76d737cc381821a223ce03000000000000affd3b9b5e7371d5d9384887f1fb5b4969997f35a7fc98ada0b257162cd9df026d27f44f8ab7091a284b676b
187452,0000000000000995627a52c5ea0372d926539a615c972a80455eeffce444f6af,01000000a69d82dd3776815213cf8978ba1b644bc06d1322d7f79f8d8100000000000000c86ee918d7c7bd0d251a77f34072d5543c9d9265243bd0a7cc7add1445098efc3ccff34f8ab7091a45f3049b
187424,000000000000062e716df9c8cdf957febbdea631999dcb60872efe2c2db36e6c,01000000b72d2e66f115b05d77e7f1943aae146a0022ccc95ccdfd26be020000000000000dc4095edd31fbb9523a8c5b26fc9753b8bfcc8ec4cc593677bddc1be48646dede94f34f8ab7091a19c4c657
187211,000000000000060f18b18878a182ad79d6f4bae227faa29ecedb686f019ff2f5,01000000e89d37cb3dac8cca9864fa458714813f3335c8789a19b536bf00000000000000bcb7713817bdc75c3ebbef3a2e4e6d6c5f9b1af8de449cf3db049dddd07a1958bbb7f14f8ab7091a134f352e
187124,000000000000044ece54df02e34be36c9cd43c9ff425fad97c31b6fca7a68e1b,0100000003017059ce29e53dfe8951d89773b4ee6ec3f0dfb43293aa5b050000000000009f526fc615cdcc751d3fb145878f0e4e38d4987d8fad07829f885e7ba2273e6dfc13f14f8ab7091a059433c8
186972,00000000000007f67a21dcae1d7b3f8a889c1f77f392c9313c136b42663551cf,01000000dd7d485b53366256fdf818c451234e430a94f8ff9c138a490006000000000000cb9bc5fba64fada006ef885acb7d4ad27363734b0bfe094a548ffcb5d14cc2a841a5ef4f8ab7091ac320e54a
186875,00000000000005cd84b33b3bc7e340ba45048a4a4e507201772e2ccc461569ea,01000000eec5df5da54c64a96bdb3e8f5d308959c233d47242e7f3b36401000000000000187fff39ffe05579fb620acc671c49f50ec42fbb3a71c0dc1ecade1b2deededcacc1ee4f8ab7091a546666e1
186845,00000000000006a97568bf367e8de9679011a6304b63894ce18916e59a311273,01000000cbb0ed0a22c2674f2edef5776362eb564e7e8c9ed9a18f2a39030000000000005b37f027da916b29359b66e8a763030714117b6af5ca054f9a57e017e97f037c2967ee4f8ab7091a08fb0d4a
186723,00000000000000e47abfd1391d1feb1f4b7aede82dc0b48304edd6473820e2bb,
186594,00000000000008c016cc7174cb9b09615278c6f9151ffc135a6c5dbda1878ecd,01000000a11679a72f79b5b489d3c1077aa444f0606f5afbe4e71b28ab01000000000000d490390da77830f86b8ed03c924394fb8f444976d1f0e8c79f6d051d3dfedaeb8a0bec4f8ab7091a4d568999
186575,00000000000005aa80c693dfe9b8efe09489b3dfe0699f1c49f7562b5a0af382,01000000898f594bcf2a7aad8f84a55fef02e16f54572f32e8c8bafab301000000000000b4672beba59dce2a189c42aade4972af2e8a15abe01fa10e496e38014e23e944d7deeb4f8ab7091a585a482c
186561,0000000000000688d3eab15c93c501bcb45f8fb554e9502866a3a60ae6cdc49f,01000000b94b6b52cfb4085a28c38f5ee2e46f2793d55f2446c467f3a40200000000000079787d2d5ec6f55512ee2a1852e8b7cc3ef821c08f99fe11528278807cc4305a59c4eb4f8ab7091a2d821024
186560,0000000000000208442f654ec478efb4e8478c7810e961708e996ef5e8e0d74e,0100000099af0ccabc74f00071e6beddb6361e8b33fdd7a3a1a80530430100000000000056c53e62a50314757da9b7e9e246ccac62338cd0b0488a9bb7e07e30d40c997289baeb4f8ab7091a1e338885
186488,000000000000073d267872e261bce965223ae17228a69a7fe986c81b1d57973e,0100000038a306f453613bb62ced9ef8be43cf7669f1f71ffd702b1b5d02000000000000091a0b190718f76ec238e170b9770d5f10bbc261c2400112a4c6b9d89d1aa70a1814eb4f8ab7091a0b3f5e56
186419,00000000000004e2458fe715cafc3e64f03f02f2ae9d26e8e4f831011819a00e,01000000df9a5bacf3a5bf7f9f0263908261aeb3ceada71673027b640006000000000000eac19090a8a40fc84206388a00e36116acb057aab6cafabf1bdeaba354136aaf3382ea4f8ab7091a4c2a584c
186368,0000000000000373172d109b3629d78d99df7ef1dd9cb36b8504877761c26016,01000000616009613c942cdb74d46e088c455c3eea39b516ac117587f90300000000000031b3c276a93c1f7b6c33a16f7ce3dad5de807430a65c458ede95416c9ae63677741aea4f8ab7091a20683f26
186335,000000000000012753addf98077bd5a9563f6a5d84112977e2a339806420aa5b,01000000c1cf289a835c02c0c44590fc366f74b2c6b925087d8f70cde5060000000000009bca762fb667f41c56abbb2e9e96994a0b366e4f20dc2ce7c1b2653cc5c018d555d7e94f8ab7091a1a557113
186294,00000000000001352fb5d9f3934bf95d0238ec8b1a6ba25d30a3c183e30e1f70,01000000ee9f1e8948eb8485b6928a326dfb1cb45c335eeeecbe1a974c01000000000000aa994ee6d55921506ab88693499043e243aa53dc29f3cb6a09f3d14cf8c20ff16563e94f8ab7091a08f51d1a
186185,0000000000000593565e45443384fd8b6b5982a34cb1a3326955cf5603ae3030,01000000ad64a14d2034d628a34f0a81276233c791ff03438e197be55b020000000000002b0d522d29989f1b8858bbce9275350ade0b27863fac3e3bd9e3c538762d9082d676e84f8ab7091a3f185aa8
186173,00000000000004f388be493ab27c15e446adef0e34da8e6d0a9412231228f463,01000000bb5a3f79ca22f6aeb5b382ef006091a45e72b46737e9e81dfb07000000000000467e66b16248dcb8aeda143a5be41362cfc9a83227bd2e114331ddea1be996bac252e84f8ab7091a4ec3691c
186114,0000000000000045a740ec861c08d4f9cbbd8c96c9f0f4cde3af002c0a15dba0,01000000d7439ff6e6c768137df0466f42a3e7e90bc223bba869235aba000000000000005a3a18aba5369f7fd5a06b4e0c3075616f32776020139f78fcf4159ece3aab60a57ce84f8ab7091abaab0309
186114,0000000000000024ff1f77082b14b782b96ce2390d287b890e05a9087bd34a29,01000000d7439ff6e6c768137df0466f42a3e7e90bc223bba869235aba0000000000000062577ae733ef77424d1e1fd9cbd7f52dde350bad35a98c544f996df0c563969ade3fe84f8ab7091a6e68013f
186110,000000000000012fe2652842e3c6f8d1b6b1ac26ce42c23fd909adad79de5371,01000000e5ea65ec91092ac3a2fe042154ea6f9198c4c81c7a29daa61808000000000000d4cdad14d3dcdc81d7f2ad103f4171bd1b2c63aac7dc3f900199ab573723b5be33dae74f8ab7091ac25e7cb6
186059,000000000000055c9d0ec106d8bad843c8977daa59e7db327e389a08d1f51cb5,010000004f33671d149303d047d1a6b8f8709c852e27dbf8b5bac33e3406000000000000a4729fd1bc83d871b122008d5cb17594a4b165e34469db86f2636aa05d36388dd373e74f8ab7091a4f4ee3cf
185965,0000000000000782028e6daa6e6a979de3e99420d93eb45cf7104666affeb45d,010000003ef975e260fba4a56d07de3021eeaf9c817b840cdea1f5d9590100000000000078db00d996d25eaeb90a6e01215b2fea17c3328d1f1450f93e67994ae8b9a9105e77e64f8ab7091a2ef91e49
185891,000000000000024287811f3979c34b1bc45df06184d276c8998647f46920bae3,010000003d437799b1a61ce2226ab74a0051ba0dcc97541abbac8732220600000000000034bf2629170749f0738ea6fa00ca5e8f537a16cd4fd895566081b0c6eae14bf2aee3e54f8ab7091a54270ee1
185884,000000000000091777eb76fd6aa78fcb142b5906c19087000bf22013523ccd14,010000008f62d986cc6507d99bbfa11612b904e7f87de4dda95cfd1f4d02000000000000424e72dd5c8c99c68366d75a2874f160d72c8ece2cc4f29c1aeb78b56058733e00d4e54f8ab7091a04e14623
185882,000000000000074c99c9fa3d54cff901e8ea5abe4eeb3da3ce0bc1ce5b38affe,010000004bcb1a03de719c57733ae525c0863e7d926efcf0188f3c01bb07000000000000eb7ae66e6daeed24cad7b746a3dd4dafc777e7145b230d58b22421285464e787e8c8e54f8ab7091a272afd22
185830,00000000000008b62b1f140dc1eecafc5ffd5c70a533a7105c12c8c43164141d,01000000a24c86fb79165cf6baf6238f4c1090b2266cc58dfeeec721c9020000000000005648eabe93813291d999b84d738f57c9130656c588e8fc6ef6b4f47e8789f0717168e54f8ab7091afc6128ac
185817,00000000000002eb34976fa4b0ecdad0492158a76fd3cbd431090a71a8495446,0100000096fc8da57edb4c3d5b398df820190858d6e219f6f4d470b8a703000000000000a4bd209b5008e7514df8ef715db54fd19442a4f74258722ec37949b0005adf1d3846e54f8ab7091a608ca3b3
185797,00000000000003b2ccacc405c8b3ea31ca4562a6d00240aa44fdb9a650a862f0,01000000c971d1406dd0184d025613abd1811270ecf880c71b0a9434940300000000000087c1194e6c0d10d7a084e09e29f70778c7012ffe0d1702cfd4bd4b1c85a202b70719e54f8ab7091a1f7c7656
185775,000000000000039b4863f3a4f45c47d0bd21a1d77fea7efabd77fde910e514dc,01000000a0d1d4def3c140480250914c9d0846fa8f6e5c9308f199c9e004000000000000dee0d3404ab78e873bedcc4773f6c973d1b82f6ea7776040c5b7c8adf646ccc911f3e44f8ab7091a5fb97826
185753,00000000000002a48d19543ce2abc45fddcea5c1db9948d35cf443b264cb6f61,01000000d907ed960205fa34dcda13204c45bbeb3ba432a1f29f37b8e30400000000000008af9ebaa37291f2529ad7270a84b2aa4ddf6daa50d6c527136977cc28f28bfab4bee44f8ab7091a9edf73e3
185659,0000000000000119be56ffcc0d21168b9a1e523ad591b15deaa5e4ed0282084f,0100000076f4d951a285647796671bb40de27d77a6aa4e2548ce0117fb02000000000000deea8aeaf6f05eb88d8d7a67e956eb01f9932d4bacc1f6af2bc2e31512e6e32895eae34f8ab7091a5eac857e
185394,000000000000078ac8f824b655ce3652f18a43512de5dc735a313dbfc7403c58,010000000d87a2135b9e70deba1771b1956d78462f795d4778f9bb02a10800000000000037f41521335a225dee9e9b26b14b68bc6f31df223aa84a9ff1d35352dab1f566a156e14fd6980a1a430a5a3a
185354,00000000000004255c458067a058e3dd3cbc5b67d6ba545db83d0e669f016101,01000000c963e5b7b44b5442b043634cbf0ddf3bd9f788d7009711f17b0600000000000092177284e990b43a8a2d138302c654cf0e3cb869821a91e20e9cb61beebffd56f3d1e04fd6980a1a1b9d1193
185346,0000000000000a83e5f52e8983f5a730ed3ff007ae5a500181b3f87374bfcb5e,01000000e2154d43d0430da3582f5ef012427214e4d89d109f66bec03100000000000000222763ac403f18fc088612654422ee7f2282065c1b423b42b7a1a2d09eeb218f61bce04fd6980a1a9497d0e0
185317,000000000000040b54a7d36102384832240cb48e3c46e4528aabb2094a04b54f,01000000b530fed984d8ebb3cbe8425d1f7323d649aae35cb14345224e0800000000000018920d0b9f8fc1232779b40ff5ce9e273756149b83a48b940659fe0ab81700179267e04fd6980a1ad10d66cf
185276,0000000000000840fa27d0f115d28ec6bacbf7ffb9da38144438e5770bf0c524,010000009b9605de83f77f5d4f0af2222e6ea4bbd059023cea3211f201020000000000004878e8ac414f22d187647127b3654dbf423b0d228a8a4aca58cdd6d2cc2941d5f123e04fd6980a1a6314f09e
185272,00000000000000f4297ef766411f4b89fbc0921d373187ee4ef4be1a320f322f,01000000b7e8d321d1d827e6c29f2bc4f8e32bf0ccaa53cc728a82e14a07000000000000ad060fedc3518f035d6be67d6976c83912fd846ce8fd76f91d90a288b1875842ca1be04fd6980a1ac6c971b1
185247,00000000000009496f532c3302795122ee32ef67959725fa03038ef389f27da7,010000006dfb9047d9dd3c6610f70ab00aeee1e8636d0be44c6f2f001307000000000000343479e5f57a7c59fc85fd59b700a664ccb69f28a7ba61f4ed482061018ea42231f1df4fd6980a1a4be70bcd
185188,00000000000008dc0a7c261043414151ee10861b841f2095f31de12a802972f5,0100000013b13170ae20360ae9ce7e48515dbd510ca94424f4734d406b0400000000000029baa5781ac25f824c68a3cf8d75c82582c483896d19beeb74cba1b3f9cf08d3f89ddf4fd6980a1a7c4eb166
185186,000000000000009b9eee223716436ece35021d1c7a2e4eacc0f528632b7539ca,01000000a793ef6505c1845963ce8838771326fd2664e0139b4c63202e02000000000000ade8732b2b6bd28b97ad28da91591a4b5a5e4e374959d146986983dfebf5760b8b9cdf4fd6980a1a78d22f20
185082,00000000000007ad8d68f07a5aadd21a0e8876fd4daaf971720f1ba1f1846675,01000000ec541e8d04da9c504afd6f31d4a95e8718ae0ecaaaa1c696330300000000000083c5760f471acfc46989233ffb340c0ae648c289fa6911006e27db9927c9cdac13c9de4fd6980a1a949f279a
185059,00000000000009bd9a63daf56f71da2267b340383783146d794e6dacbfaee195,01000000e57596f0a37a7f4aadb2f9b23380040c8c17eee54a186889ff020000000000005173b3add19a4510e010f5448f03cda1f3b6aa4be923ade71a3b9c6a837913d84b92de4fd6980a1a18106ebb
185059,000000000000096846f33855f348db646cb0a2b5b5dab18ad23ef64f4f42f4ed,01000000e57596f0a37a7f4aadb2f9b23380040c8c17eee54a186889ff02000000000000cd9fa8d668a0e362b9607b21430f4145bc1987350666a942953564ea743ab67c0692de4fd6980a1a6e52dff9
185056,00000000000009e3b89614a325290a07466be7344d747ed81685fcc6d2122fd0,010000001742a0f51cffd31d11f465262fb594d6f2d1e63bdf634d35e20200000000000011042054d3d78e800ce967cd875dec723f56234f272bd58d232d91dbaa839280258ade4fd6980a1a13320e80
185006,000000000000039090ac8c535ec54219c0c9530f3b7e1ba9a2d0732aaaf5827f,01000000b63f8702edfdd438a72c1b7ec9263b3e7040e351420dfc320a080000000000005ae02e9dc22b9542582e235df8432d532d1b1fe4f9ffd283c292e807370ab50cfa14de4fd6980a1a0dae0205
184932,00000000000004a76fce2a2512b4c82efc6e87f1461520cc22fbb26f6c132ad9,01000000d1c37d92c3fc5a175b7fc2c71605cf253bb2e683d8b9aea797070000000000009b77957068da3ab07f5b2a05d7948e5a13ff1b0dc584c9a193d36401c5c56d45347bdd4fd6980a1a0ea138f7
184890,0000000000000087e7944217ef0cf437f6c7f374232742af77237393875ad6c6,0100000020ec4e5fb92192a4928e93c598e515c989a87a3e5f83baafa006000000000000dc884093706e23238cae52d401467655408156bd8e29eea27a4d41e45a81dd082332dd4fd6980a1a2ae46bba
184836,000000000000053d2cef80a0c301917a41f4176346968414d31e1f8a61b88300,0100000032c12f6b31c864e9d049ccbea7d761a9173d88ea0806347449080000000000007738a83cb1f56fd40f636cbaf38536827b303eeb6b7e20289912eb703882be3716bcdc4fd6980a1a2845cb91
184816,0000000000000173dacb512fa444063c221e7a1caf7bbbd67eb55f0e92b33f51,01000000b0a017e3c1e9c035a1624a9a3fff5269525e7ca901e974d5ce09000000000000ea097fd31e110f29c60e8b92fc51ff48f3f6ebc93fc8f6dc0c5a0f3d69d99ccd3d90dc4fd6980a1a87d937fd
184797,0000000000000183af71d07af7ac87f8f8d99cda7eecd3c57b13d2ed829beba0,010000008b411312c61dee77ba497ea5847547b275bb2e25ad820c6e87030000000000003cd8de7cb06e0d37cc868bfa2daeaec7ea5d470f291da22e2a49c508ad7d9dfd9b6ddc4fd6980a1a8189f456
184771,000000000000025c0813b34a11b6488b403586b3aafe3d121ddff17e1be3de15,01000000c939f3cf8d76fc9caaf9054d4e494a9d986d01b6a88296cf8700000000000000029e868b1c18fea9e816182eacc31631e2f0725510d2ab82bbe41ce7403f924b4530dc4fd6980a1ae644d2d1
184760,000000000000006b947177f05f87a767f5178c61aae0563d2505f883f42a6d47,01000000eff428c7442aab62a98cfffa627106992ceedc46cd8079e74b0100000000000033fc2b3026311bd3a3f2a55e7904d00b3cbaeda0c713ebf7108a93091ea22ec6e615dc4fd6980a1aead733e4
184758,00000000000004c2c453ff45ef2f19366a7bfc89211ae583c19e582c898dd0c6,01000000003c3a77dec48a52136a17319f25592ecf0b53ae001e7555ab04000000000000fbe1eb2ad66a53a25d1d49b5672a30472a88113335cef8603af6d078678f8473fc13dc4fd6980a1a68d73c47
184757,0000000000000556136b45aab2e8af650d592a59e497fac30ffb7c4a2c568231,010000003c23139404b977fe63851de4847f90514d34443c69047927f4020000000000007ae75ba970095e6bc184a5cc2ef5f65f2101001b1e976d71dc66039d9390029bcc12dc4fd6980a1a6c2fbee7
184679,0000000000000844b9da3e6e5b867ca3c080b5b440a756f9da4bac6d97ff8819,01000000093418be08e509044e1f2ebd640ba328a140f2dc6f0df58d2500000000000000c0922d156ffd1c1f6091f5f6f2020a65189fe6e77d44d72be084f4a893f537b56463db4fd6980a1abdbaf14d
184648,00000000000007a25bd25ab72cbcf007c1ab9321298c4312179897d50e4efe1d,010000008b27046f898103928fa7d12fd8408c25381bb428da17ef4258010000000000002bed8a6543a974488359a25f08f330fbacc1fc508f62b839205fde7d7f046b6c3f17db4fd6980a1a402cb38c
184627,000000000000063c78c19a2f0bce4b10394000248f85a34335490ac8b1507656,01000000b466205d5e67ed921234738c8da0c14e1a362c6387b53e028107000000000000d85a4002b7e4678afd36cc33a4e29e4eead1b21c60a51f3825b7a92976a0918e86fdda4fd6980a1af79579ef
184624,0000000000000854d8bfad42637b3bf72eb6779f2c8c89a794f29952a0c787e5,010000009460217c4b1733d529a1be411435d0f04b2b72f31f480e38e607000000000000ff31e1b7fcd2bfb4d8430fc0ef6fc99b5ca2465c0d7c3e5f804078029ac5f1c570f7da4fd6980a1a4e423017
184623,00000000000009bc6ecb39985be1a9633935d5b8d49fb256c113022c7a97cd63,01000000824310210dfbb02b858effb4df9cdaf6f07f1668cef4270b5602000000000000f98b641da8ca3a18a3383ad44b4152a87d43bdd167adb35f06fcf07a87add2267df7da4fd6980a1a35835bd6
184616,00000000000002b552393987df42a7f94a4353d864ce63067a82b1371e222da0,01000000ee930582bbf0d2de8f1f1c9bc2d169574b256502fc4b26305906000000000000299d7a09ec3320fae0ba3273a67536b6b13446b5d7582161064afb225136de23b2e2da4fd6980a1a0b8d7551
184613,00000000000009978c7e76d572eedfc3332a81e3292d0092dd3890aecec41768,01000000c4486994c4a3aa8fe96c8ef9fdaea0142052e88b3b468083e80000000000000005d9acc38f65c0de6cd5b5bcefe573a1e98d0c8c89bdf37ca0bf04069444432740d7da4fd6980a1a4936b846
184599,00000000000001afa9e1b1067b63fdad85f386a21c652c42c47c8d1eecab54d2,0100000085e33919147253c0ac27600071681f0224b10aacce2f9dae3809000000000000e9f815cc73a202c6fc740e598bd19bdadae73be7d6233a4601a386c36ce1247d38b9da4fd6980a1a352de71d
184577,0000000000000003f1297f00529c6b17ca5e341b8b5836261fb42d8984eae752,01000000bf55ffec2f17eb663a8852faa4a83a3959d06b7e5f26bc2d4108000000000000ec18540a280a05c971fd35ce9d710a790cf5a3b88962fa86becfaa87253b6fe35685da4fd6980a1ae02f2f8f
184522,00000000000006843c118826e450f798bc4017d926d16516c5e43c421143ad9e,01000000f2f6dc17bf4af4498aad304655cacdd3383ab51643b25c0be200000000000000fd3142a93d0d98d33b69e03eee9577d996ad89adc77a6b257558defc79461c1ed61dda4fd6980a1ab0ded06b
184503,0000000000000151a08521abd7d1fbcfe4395f4d1ff8f9158c9fdc40545c7acf,0100000023d2d36a7ade416c93f2879233a10c13515ddd4f754caf744f06000000000000865d68fd294ac66e0e0103ff6caaa8d11747a92e216ee0bd1a45a61fe8f8357366ead94fd6980a1ae5e02869
184486,00000000000008cb2d8f09a4e75934ffe81ca7c2dcb5d4e86a709664c47a8370,0100000047bbe175d9829fc4a95a1b023f641005b1e60c33fb63bccd2300000000000000e2640b70e1a0f4202a681eb3114ac8e53cb8fb47dce41abcb82893c829fdf7e845ced94fd6980a1a0e4b4b40
184429,00000000000008eee0e2ef2cc36aea84c27305b642b9e3def8a7e7af6d565080,010000008d1ae971e4259e2b145c883a7105c1e8880665aa54aebcbf540900000000000090de69b7040a6b32685ff4dc0b586f418081d81a30c2a104ba505ce925f1c4c7c64ad94fd6980a1ac0b35b28
184429,000000000000024881e515c5ad7e7e13fb03df566968762a0e8c093d99aa1573,010000008d1ae971e4259e2b145c883a7105c1e8880665aa54aebcbf5409000000000000d0f26b72f01e5e7eda4acc590a64e4ca4cf038e0d9bbbe7a04eaf8edda4b5a392b4bd94fd6980a1ae016d7a8
184422,0000000000000047dafdd94e6d6118eb3fd6598a41a20076542b936071bcf3b6,01000000a22da4f651aa1f87182c7c6342cda7c753db78a4c68c86d28d0000000000000072fda074b35d6be28cb402f5dedcc1a627998c88fad6f33bbfa1a27c678b1b1fe139d94fd6980a1a681685bf
184398,00000000000005b6148b77e858a2ddea6f7461781d2a56ba29a1b4c347b64a3b,0100000074fccf5da5e8057f846ac70169e84a7024ec53c9a195b9ee8a0700000000000049008816b5e11eb1ffbbd705efe0f5abe42cb14b8ba7a65a73794573420d1ba1b9f5d84fd6980a1a20c4cbe2
184390,0000000000000821e2d2978a634e3996f76729f69bdedab4636743c7fcb4820e,01000000dea7783a348e75eb18261aaf7eb947d2c0d9822f4c54a7644207000000000000cd7f6106fa9b9ac64c25593dc57d29ff8f49bcc41358f11179e579f23cea72b845e4d84fd6980a1a0e6ee91f
184387,00000000000004866d71b5201010ff53b2e99a7385247b2aa96a6c2116ca1be8,010000007146a24e17a06da5bbfbb48a18d390e77741d073dd94022b7f0000000000000083152422d29fa05d33e9c832b39537f84fdadb4d938e76e42f790c039aeb400ed0dfd84fd6980a1a1efeb6a3
184387,0000000000000038a9e7d63ca00122cb7770bcede1e684561200f99a89f2024a,010000007146a24e17a06da5bbfbb48a18d390e77741d073dd94022b7f000000000000002be45944a318a3d8a9c7f87bd18e91ccef6d86fa0917bfd51eeae82c0988f29465dfd84fd6980a1a39d5334c
184332,000000000000072dd4403403af72c93c6cd26a54fccd06b33d1b803bc70dd0a8,010000008fa7f36e905a3bff0720cff6893fe13c53932d553c57e6e8a401000000000000eb122c37aa50e6abc838462182903487dcb5d13d80e9a54ed8ce451e4d764d134a67d84fd6980a1a039183d5
184329,000000000000030200a49fd70bcc4bb988fc1dd380ae02dc5a37bd8e455fb85e,010000003eec8d88184a695c673627eff47a5baa1d185e8e3ae17fd4f0010000000000004d0c81531b730f4efab8d10526c4868782881cef650b1da6003c670ca126d025e463d84fd6980a1a265790d9
184266,000000000000022dfc2e02018687c68f9e21eaaa18925ef5f3508534ea7a9f0c,010000008e81527cf17727f89545bef1e28aeeb28deb3e184dded8026e05000000000000bc762ef2e3ab4aa4034cd8a6b69976fce563af29814236ac8949d1608cd599c791e7d74fd6980a1acbf64542
184259,00000000000001b031763aa01c46bfa2430b63224d9a92b5e672d23ad7a2ca25,0100000022dabc9e17e77b37c21d7e2df2385a83260389d58d28d986f103000000000000a1d3a956d18d246e422a7332ef8a8ab36c9165296ebdd92c14133233b4c8279e1aced74fd6980a1a11f3ccbf
184215,00000000000009367d99a0082d3be4d463d96b649260d4fa1672d92e5519d841,01000000072228869eccd9aeca8b5ddec4bd7f2a6374aaa68aeb852ee006000000000000b09d6f89fdcc4531f80537cf4504aca2b4baf442fd74c437aacaba73382cb6651879d74fd6980a1a8a8b54b9
184181,00000000000007497d5204e4b0fa5669aa93bdf4d2619b74fa2a5472db9c5f90,010000000f44cce8e61f59d05aedcff49f0df0b4a98a0685299fdb0746000000000000007e2815f4f1fc0c3d4333f783b56ed0a998221f9681034fa260764843997ee3d05c2bd74fd6980a1a1efef9e8
184144,000000000000044af68ab08bc24220b5f6edcbf76bba6cc66f4f25b878b9cb32,010000003f7fcf10390b440da492eb138034000adc30af078e9749165302000000000000def3617e6f165df1d6bf681d0dd60d02609667451895f663f231554a950194115ed5d64fd6980a1a214aee6e
183985,00000000000005785e7263b412557e32819e22c291c3d43c463824b5d03050c9,0100000073a777051ac0b63c929e7ac23f27b93eeb71ea4222177cb39b050000000000000043c8f67385ccf5c870ee1ec1c896ecef72ce3861dd65446b0a4e762bb580d11155d54fd6980a1a80578d71
183984,00000000000002f3994173592ea811f64d14c590bb51fd2692be7e3f546c1556,
183983,000000000000070e4ba29eae36c324fbb96c043b060ab721aaacd537fe8db62d,010000000541bb55433406b12787fde22484907c92ed38d3f06874280903000000000000c4ef0d21561cc5bd10cac3263aff4d25196a146e5aa1d36f8b312d47e7d2b14d844ed54fd6980a1a8d6da3d5
183905,00000000000005e152e1a8dffc208ed3ed56915a2a5d00cc9670103bd1ab251a,01000000ed29f92d697f99961b5ee6469e538d184325618ab6741249630700000000000077ee430ceae7fd469a229f5498badd43457f213d07fa8f21defc493e211173a811bbd44fd6980a1a28791648
183875,0000000000000255d8c59a58d5e44eb593f91c95fe49a72b02f988d7630d9de3,010000006e9257f5d1c18eb76ef5776a444703d6c794dea543e0adfdad09000000000000919963d633504228c7839e44d7463571780b95f0b445ae025006d28ece9f0f96f182d44fd6980a1a814822e5
183874,00000000000009adfdade043a5de94c7d60347446a77f56eb78ec1d1f557926e,0100000098d7c53ebac2c808aa9c346b59847d01fc93a6d1682de755ae000000000000006cacd7484631ebf4f67222672564c5f43d7eee99e97b4f8b0790a37b120768898d80d44fd6980a1a39613c69
183871,00000000000009bdcf0fc23c149d1dff37eddc321242fc5acf7f9b6102515c98,01000000d988bf2f08e86f7a0b979ac6269c481b0869ff8aee532ec093080000000000002a704337773d242b9d43e1ab599b9ca174aea5cb98c79468fa04fc0ff8f8edc9df76d44fd6980a1a380f43d2
183853,0000000000000a4f08169783c70233c1181150cdc212e140b353f602da3286cd,0100000043b977f73814426d1d7985911b485f9e958003bb8091fc26e906000000000000c9f454ec4e404bcbfe1b3d537de75716f76738cb2ab4d65215477ebf02cab93a145cd44fd6980a1a0897cdc4
183844,000000000000085a529c3619beab6c618d69c15774b3cdb6c6201334806a8c4e,0100000054b9add07b69d76d3f2599ed5060c28f2de99672977d57b84506000000000000e1993cc23714f85a4a3fcc7fc483cb4640dcb849aec6ce2e45b2330b4ca4f2de6542d44fd6980a1a3a48af19
183764,00000000000006b42e4d13d50dacc3347d87d0393a08c970db868efa274165ff,0100000092b39b06a42edab21e899b43fc90e3069187b963c845f7e91d05000000000000d4accea8affd2f957dea9742e0d4aed7d988fe4fe8867af3d386a834254f7ecfa5a6d34fd6980a1a60728de2
183740,000000000000012683d859fa7085c0b6a1cda5e51ebe2952966a1bf245e4b421,010000007c3e1986a7648c587d43eed4070be6eb05388745fd51682e8e0a0000000000009ee1b198f9c3d61319d6fc7fa9ebe8a1507c55dec4ef5398499191028690c737b366d34fd6980a1a2eb75094
183727,00000000000002bb3fc8e86f46d6cf62ddf7aa2a967467ac84d1782cf30b71df,01000000aa811cedb55864198c5375c0dc08af38028756283fd17f5a6308000000000000d3decfb6d5c1397441b930c46a8c06c058ec56cffbae773738f54e48fe65b2d3e444d34fd6980a1a630f932b
183565,000000000000041d007d54209eb1915216bbc7f3cc16e6a7c3f13306dbcb7cd8,01000000f48ed61c30b4ae9a2bfd4ea40c977e4a0894a44332e6d0bc89060000000000000fd1392a14813d4963e2b0ffc718917746c6139cda849a7c5344c5e73466fe3e6cfad14fd6980a1a262f8972
183519,00000000000001ee3150675b7e3d99bb985915cfc915355461e55b4b56dbbac8,0100000087a9f1b2f287f70fdb9ffd11d39fb640b4dc1093b448f7aed702000000000000a242982679837e30ee26234074d38a6da2faf5ecac4945188487293c0a90114c2b93d14fd6980a1a89c4cbb2
183500,0000000000000a5cc17b602c8b232e5a8e76b6baa7ea54473326f74597d9a656,01000000ac5ab39d36b5aff9ffe1a06584bf8d856da60bc66d2607d7b50000000000000007aed5d4175901bfdf66e43208d053d3a712644ad0ae3f91e47eac4a60a38b4f885fd14fd6980a1a77f29ea5
183446,000000000000087bcd6df6aa427ce7a73361acb215769538bf9b16016a219fe9,01000000867242f244e285cf1fe72b85a95b114d7d64f53e871722e439070000000000004609050a464d16f24d88fe27716551609687f9abd6bd8ad90c515522c6b14750d7fad04f5f8b0a1a78976a7b
183405,00000000000005c88c4c9270c74cbb3dbf50484728b5b141fd8a75705f9b33b5,010000004b68dd108e3d5feab620f42f7c341573cea3e2206f78b3a63b080000000000001e5322823dde6bf1aafccd5323b5f00809ea66939f8f190f94ebf0ade1ae8c15028bd04f5f8b0a1a58aa68bf
183376,000000000000051b0475e422dfea2290c294da3e898f5aa2dc25bb4ea33ee813,010000002703f244801bff0f3b5fb97c6434b22b081f280aecb57e770b0600000000000061d995e213b2a2090a8b9237769ebdc3166df6b18905294fe3ecedf8ceccdb708539d04f5f8b0a1a0ac65ddf
183283,00000000000009a39ddb8da640a4aec609ed0e1412037af3f0f15212dbb13f07,01000000d5a0ecec1e6842d578a904d6aa90b87c2f2b936b22f364826402000000000000ea5b66c6b9dbefba343b48959027d8aeebc84b1f422b2d5f638b7070008482de3c52cf4f5f8b0a1a61e9e65f
183267,000000000000085548bd3087b65e421fdb3ac548f524f0f7b788f6329c3af78a,01000000776d4dbc8e8f7d5a24da0321aad586cdb7b6d1220138b7655400000000000000cec336869eb61de295d9352977cb72b0f2205216502f95298c4706e81137d189ab37cf4f5f8b0a1ae0894326
183193,0000000000000707dfea425b291d2676f9570d244ece4dcf21c0fca02ea7054a,01000000985d96925808ec54896e2c29d52b095ce4ef61b62dd566ac3d0a00000000000032022c29408f5de5ed21ced42c03381809f0aa6ecb246daaeb1b22e5adbbed258398ce4f5f8b0a1a095d3c0a
183098,000000000000033284811469451c4581ba085932df52440de2955b62c6344a0f,01000000398b159f224b0f93bc67c407adfe96fe41532b5919d592913a03000000000000cb8a2726879126536dfd4153e3331b67f204a091cf19b300b2f3a17742052ecd4fcccd4f5f8b0a1a6e272806
183088,000000000000001003e4edee91fb4c919489d9941f702366938c16870f1a4ffa,0100000047c365e617cd0a08635a0cfa64b13262686c01f054453e9c5a01000000000000c1e70791779d774f269258e6ce7dac4e59cb62bd8e472d64715dc9cdf60a3fd029b6cd4f5f8b0a1a139dafba
183043,00000000000002bf473ed051aff1d970a07ec32051a34f9b9f184111545fea00,01000000a7a753a36d9dc04ac0691af6ed3e47b21bf019dee0488c3ed002000000000000668debc9802078d59f49450b46df82fa0d2b1a88d758b113037e1880317e7264733ecd4f5f8b0a1a881b5c1b
182997,00000000000008e7f65ce77dc399eb5dd01ad5afa6f037af79a7a0103b0d5ca4,0100000098c6e9634ef952cca85c2545503fdaa1ee42023f337340096e00000000000000b89707b637cab407258c37f084bb7872ffb4527b6bb514c40a60274ee530666431d8cc4f5f8b0a1acc233c7d
182979,00000000000005d1dc04fea95fffed06434899df143557cc8b198fedcf921c9e,01000000f5681d2fada42ff1e1f24f879ba84b5e37ea086be40b0e390a000000000000009d54775e099e6d8f2b92d97cf74a3a43cca425308550f60160b9722da24a99c2cea9cc4f5f8b0a1aa2ea0f91
182973,0000000000000a371cca7620ade5d24fd13fb11c58e9a51a70444e0208a297ca,01000000037c3c8620e4f1f010cc1444a6fbdec2e883ffb3554ca70baf03000000000000847f2c6388c50699b42030e91715eef735c460c336555577acca4926d47118e19e9bcc4f5f8b0a1af415e3d7
182865,000000000000056b9927de2a79893fb11803bbb24bfcc0db15156445748d3db0,010000001761c9966ead0b0a6aa1a9e940bf0e9b5664935b10fe98235f03000000000000fc19cb52d4136d772555febe3309e20a81a806893c2b0df715763fb141db7dcbeab9cb4f5f8b0a1a9a180c96
182705,0000000000000796a98140a5d2c3ad4e61c623966c2d07a8e49d9046fca03348,01000000f6a646c816eda2f4f134956001dc305b08d29e057ddaf3911209000000000000f99f292ce271be16d1a5fd84b75129829b70c7b692e359b96f0d5d76a6a74f12455eca4f5f8b0a1a509f7a89
182687,00000000000002cf7ea6652f18b07544b26388e7c32a5c62bb806b4770f8aa21,010000001ea77037f906f72111eca3a6e9b7b1a1a7797fe28ac0ab79af04000000000000e59af82ede28de2f378b48bb4f6a593b677075587de86e93c3f87219cfbac391813bca4f5f8b0a1a30e4a55b
182671,0000000000000a840c96d0bd6555aa98a18fd380873ed1192db59f3ea6cc71b3,0100000068ae85b2fd4f3124a09a013d54198ace9780258e452f1b3dba040000000000007ef65762e5a9d5564e851f361ee948edaac7a0d8f2aeee1aec8aec0aec389a4e661bca4f5f8b0a1a540d70fb
182639,0000000000000632d1ba5d4a046ba477e18e3a179c486a5f82e04235b1f379b5,010000006061a2d20f7482d18adc4b8093041933e7ecb7c0f661cf02510600000000000058d1453220f8b4d812f8c3a0cdcf317f607bea12330a4d91d082f3972249e5c573d9c94f5f8b0a1a7f57f49c
182623,000000000000045dcb6c563473b49226e2c51ce05db3b264074a3da962f55b1a,01000000c2a02b8987173485cdbe6d778b8c1090b538fc2a07335c02a104000000000000b0229faa3f4a3006271e5ad4a458483c6fec5685cc91d05d242c13850eed11b180b9c94f5f8b0a1af602b577
182591,000000000000045b001e5b0c168fa907c28f566d9f3a10086945acbf95ae9437,01000000337b6dd63ade2a3ad2024bfc09bee28e6abdd360e10ff92de0040000000000009fdbb907da6b9099ba4d5a4a0fd96429d677138dd89db417912be83e79f107086d63c94f5f8b0a1a24f7e0cc
182551,00000000000001e03694205be12797f9f17980a8eca23f2b9e81d2ac38334d68,01000000e5718ca339134abf36586f7b88f73d09b6d9072eaa4381c8e6050000000000005f403058e91170f216c9e1d6b55da1a70f81c86835a368fda85f6dbea1ef10dc2a1bc94f5f8b0a1a073c1bb5
182496,00000000000008a463121332afaf5d5560f7476281845fb2179e662036cf2716,01000000cea61234a9db3f1ea862c7d372c0e12ea0f5a01fea82c8d85801000000000000653090b466b057098ab0c7ab1d5c5b7e63250d7f396d372700ae68c9a62acfc3d9a7c84f5f8b0a1ae49f96ef
182419,0000000000000a62decbb559dec19f36720db3ba81083e5f32c55b078a03d790,0100000005546d902c51078429bba06caa83d7e1927110f8fa2185142600000000000000a328b5c8bdb49c570e11e29aa366df39f9c2b564aeeb85d83a18bbed61b5260070e9c74f5f8b0a1a1c9ae7a3
182391,00000000000001215c5a788fc5ab71c0f295382032361ae288efafa5106c5c78,01000000e2e725c12de68750ee6e963d07b494592ee8e117ef74a829140200000000000059f4427f9b7e3be989bc24b6f06751dd055a89483b8ad49acc125d797c89269b7aa3c74f5f8b0a1afd793997
182373,000000000000090fbdbdc4aa7f050918172fec5f828f69511340a33736388616,01000000d1d78bff94d64cf99ec19e9f183cd67c4e1f3a45ece0a71b8f090000000000007134ba790f0e26d838e88281f165e2af82b728528ff09acec005718dfb223fdc7765c74f5f8b0a1a01da158e
182321,000000000000018fa8ecc24b058c411601ff71a921a7a9f264175337ac21738c,010000005e6a5f85645cf10afa26380e4d97f5b2099ace3cd97570deeb07000000000000c160d64256ca807540c3924bda7b6541f9ecc6ebba4cc014b166c582150f7e1a9af5c64f5f8b0a1a697acdae
182301,000000000000084b57878e48359bde7fa4dd5edeaaa1898ef9b60c9eea7a0ca2,01000000e6d418b54e5be503d77d97d688b43f4cfc0f461d7480cdeae8090000000000003f53f882415bac167f4ea043e35fca83dab3cb0c3036da3a02740e392da5c2de9bd0c64f5f8b0a1af76ced54
182288,0000000000000296e5c11e865250bf3d1836ae6c7e1b0ec6dfacaf52a55056a9,010000002b61ce90361785583190f63db75735fe7962bf7d555ec4e8b000000000000000bcbab26312bf830e2355ba9c9f73817e5430609b38c04172cd5010a1f2ae16e766afc64f5f8b0a1a1200ed85
182262,00000000000001ab7cefdf8b67205115d04438bea24404f1d04db05c58edf412,01000000b0a19559457052ff0dadcdef38d9858be20f4d1dd3947e744e06000000000000b4a9560b2f13cc488792d2ceea2cb00da3e4259ac16d9e6034497b89ff505ec2db78c64f5f8b0a1a6d3e64ce
182227,0000000000000591d1f48b50680422756845da951ff85d5d1c724a970f5a66b2,0100000006cf69fbe07910b1cbca937f3ede5539f8f40b827b10f82eab020000000000002682da844c92f837a9d4d15bdb78f8e1d69b271e43fd5a4d38adceefe5fb6bde682fc64f5f8b0a1a05e8db18
182210,0000000000000659d369e5f9ab78a13def832fec9a6a3c56097f9596aaa0ad69,01000000df32f2721bb50be52eb253c3dc8fe30bdd82aee231a05ee31500000000000000bbdb1ee2dae1f898e8245c133c5edd4bf07bc7b9a3452238e2874468f927fa1b04fac54f5f8b0a1a42f6ec4d
182181,00000000000002e576a12760a01f50a85c1c2260e5ee80a4fae87f078874c070,01000000ea8cfe2120a8a8e0381a5892741b457a4e340b6c8b0cbed077050000000000008c0eca9929d7e682b51b61dc2e14a61730ee02f5d3baebe85c75382c327dc7ecd49ac54f5f8b0a1a7040dcd4
182153,000000000000068690ec030cf3e603ff2aaa63337f6cfd8c1555e472c8088ac0,010000004a11ab3b7ff5f575710f73ca158db55a6c4c4e4a832d46bb0e0400000000000008cf18870675af408662a7b090b52462e1d474f08deb49c9ad418a8f801e7d01c24ac54f5f8b0a1ac9da0ce0
181922,00000000000009d23c67e5f7b8a7fa0ae7422b01b228e01000b070287de06445,0100000089dd3d4c027fdc77baf49acd3d5412196665cac1b4d604ca5a0500000000000038a9edb94845a07165c0cdcaee9ab147f70ac0b793c7b599fb2855787cb958e4070dc34f5f8b0a1a8a8cb79d
181892,0000000000000302d388f6c204e4a01c7515a041e823396a27e09d8f73d6fcfc,01000000ee09379c13834de61602ac43468b83c520e8c2aeebc6e45b8708000000000000a2e7abd008740e977e06617ca6981c4c7f88dfed6a1d330250845dd258b88dd06fc1c24f5f8b0a1a3d62ba65
181864,00000000000008f768a2d460398108897d26ec3f99d9017463162116e720a5f4,01000000fcd15ff16e6ff374f3333c68899fb7db7ee1d6313f9ccc763b000000000000004c9a0a5ae1e644188cb56935eb770f8e96b7e014a55a0f1c906cfd82f3b57d82f187c24f5f8b0a1a5f087b5b
181764,00000000000004456001a6410944c5ba5233cbc12324073b3be24bd6360c3ba5,01000000c92d18ef8ed985ceb387049b6cf90f73c8d1363bae309e9fe5010000000000002d3c77fe0f3927534e7b842829d56970c001f608d51267c03f8cec80ae51f5592da3c14f5f8b0a1af09510a1
181673,0000000000000967aa03f1de74772042e48f65a8404ea6c9b4e80dddc4a64830,01000000bf665ea4d0f3c1b986cf0be6d2f1427b1504c4c7bfb2d2427208000000000000cda6d55d4f2474a939bdc17a1fa5cd0c989fc71e7e13550cb06a8f1938b710fc62f5c04f5f8b0a1a118ab334
181621,0000000000000005498466bce4bfd661fdde9e501260c447d7703c804c23027b,01000000b1563741b199a4b48c4d8cb2931cbea8f39f903bbe7cbfb4b6010000000000001cad64080e54a3fd10a60d9aba4ed75ac8c20c5cf3187ad6ac257093cd8544d53f66c04f5f8b0a1a5446f79e
181618,00000000000000e41edb1cec40aa546c6e9195df6e9a91f50f2ce99d2fa46c18,010000002478af9107e7a723c1b71a8719a17bbc30be0ee6120db349f007000000000000acbce7d35b95a81e917ec08d4b7ba25d130c3820f1872390d63a8d83ee906ba2b264c04f5f8b0a1a38902f9b
181591,000000000000088e172f20407440c555442dc01ee5140ca03aa583645e54c721,01000000f75e0d1977c4c4daf3913f9e8c569c227956473ca7a89a905407000000000000f4c35ccaefbeb5c89c1f1fa238990c80d541f0c18ba6fe0f504f95c23abeff9f4a1dc04f5f8b0a1a8f916c5e
181513,000000000000030c2bfedb65e7180c72af17802045f2e52207c58e9ac30faaf4,01000000646cb021d684a79771cfb45b92dff849ace2ac8d866f2ed9420600000000000033feae41c77cd2269b670be00c132dc2cbf924f57e3f3d066c8be40163302aa86245bf4f5f8b0a1a364035ad
181510,000000000000067f1ba9414ee63fcbdb4944e94898bec441288f8a6e264cf964,01000000fbefb4e4c3b9615d7f8d820497ccbc6d051f407323360d35c1010000000000008465d29a05b97d3d99aa66b3174e795fb414bf2655b760ed0225bf908b6e346d933fbf4f5f8b0a1a4eef7a52
181510,000000000000039bf3deb088140cb2270e7833daf57f1e05cfcff7adadacef20,01000000fbefb4e4c3b9615d7f8d820497ccbc6d051f407323360d35c101000000000000912c47d0033cba0fdd42520d14d90b39c91fd0790b400c7c17d97ac5bd7e312ea83fbf4f5f8b0a1abf5c0da6
181492,00000000000001a8ef912df01104fbaf49a658405c1203aaba9670e1e5e43fe6,0100000072876ed914a3bd73e7a39ef36c9fa989648003ea239727e127010000000000002202d399662eed598cf2f859fa95c4a06489375594bce9331efa27057f66d591fe0ebf4f5f8b0a1a8e2a33a9
181481,00000000000002e0dd9b9bfbdfb6205c7eb03ecdb4151444704438ef20b020ad,01000000a0057365a1c9b0153ee5d7229cf5b60f30da5eb92a347d0d30010000000000009326688f8437946bf396b0879f45e1450d6881d8a023015a29799452be0c941f7cefbe4f5f8b0a1a2515349e
181440,0000000000000a682e05aaff9ddc54feed3ae140333987d9bd3a40e9d185d4ec,01000000b807c2dec8b735f71bba13196f69dc26d2c75ea831862bd7b4040000000000003bf1ef287d5eec3252474139deb0935864ed6194e5d74a3e08b1c42df653d0d35712d84f5f8b0a1a020bbb45
181420,00000000000008813a31a3c118741cc9cf07c818329ab03945dc2e7bf9e388df,0100000019f834f6326ca807dbda00ba10b5c0e9391597f5ffef8deba600000000000000327776b10603d6d904b543179b761f2db85acdbe8c5a6068445e986d442e9d95c63dbe4f02ae091a75b21f59
181303,0000000000000714bd0928574756375666e59a100af196c3a3b16e06c257cf00,01000000669cafe94418b3db7da09134a62b42f1980cf50a2a3855080d00000000000000eb85ad24d088fdf56f442ab2a3b0f0d4675b5d676e8c9660b7d522f2098f8e930824bd4f02ae091a444a39ff
181265,00000000000003d2675dbe8e7d3c7f3a15b830824c4c02ee2153bc954853f4cd,01000000a2e65dbd4187ad0df80427775f634430d6ca4cd1bb1487505205000000000000f3136f9a3dd6309f42aaade7b7c16fbb69461f2df5304396f384abf168b2485411abbc4f02ae091a1bc0e1cd
181230,000000000000095c88044610e0657e780d52fbec02276f2364049d46d7e832eb,01000000bdf440871973f89e8aa5e9bd4b88cf358cfc93abb3611a7f5f08000000000000d61a18b5fe86f7ce4090268beb3c5776e563010c5e5648e5862834b289f327275959bc4f02ae091ab770abc0
181205,0000000000000663922e9f7164aa451b884a423eba5c8767232d494b17102555,0100000002628f3920a57ba210d98d278a15e18e3cd4198be453bf975404000000000000cb4c446e142d4b14bc3c58c822fa622be356873d79913a51c2d1b7eaf9651e357914bc4f02ae091a03c4768b
181088,0000000000000108b312d3e6cf7f6a45ee5a9130c52b2a286e4a360df7d6d8eb,01000000700fd5bdbeb3e6f9fc8dc1908717410026349fb722b5d46e9a01000000000000c65420f248bfbca8e03f1fc383118732513afc2bc7c1f1ce44ba8161c5d71d1922b6ba4f02ae091a656d2287
181003,000000000000030bb88d710d881e648f2f1cef1826e24302b16ee68938c45533,010000009f79fb5ba6b778470afd5f8f186d8cef9ed5eae43a9367501807000000000000be33660202b23a8fb98731e2eb7968033d511f08ceceb068f2cd94ff6349ed8684d5b94f02ae091af4a2ecd4
180971,00000000000008fde400b5e1dfa7d9990b5bdc87952a17bce808b00228d863dc,01000000ca45b67af2b5c091673291ef36b0928f4cf7492beb5496f9950200000000000054eb11fdc4c57df5dc56bc54c225bb4038e7b88bc17c844c7d5bccb8649cbcbbc781b94f02ae091adbe441c3
180914,00000000000002ef88e92350a1f7d790125ac34ab8041831fd4842dbfc9fc5b4,010000007706ab61ed240e75d1a137f16b9d0c51289bedced74ad50f800700000000000032ff9565a595c6a86afaa39a957ef26e91232e45a9bc56bb97f29de43ea5efa44609b94f02ae091a1aae54c2
180908,00000000000006b8842ab86034fe743c187543b00868a23bcc9a9e2034d0ea2f,0100000036d7d099dfe349763d66a3b97e541ba4048d204cb5aac4b18008000000000000d5c436254422f77470a20a6cee27587364ca16a8a2fb4b52baf3e4b98eaee7e657f1b84f02ae091a2ed38a80
180859,00000000000007aef19a865b7c68bb01169f7e7d8fc7e74b5847c3a97bf9063e,01000000482b3e88e48a01c4a6a0cd4034dab183e424952eed503dc8eb010000000000005e719b1f1ad4b4597421b47bd6f38cf1a099bf3eb7c8857206ed69832ed4945a1d77b84f02ae091a72dca46a
180852,0000000000000731a6aaf52d4aa7d1087a2bf87344ed356dd4e97fac4ad88ea5,01000000639c2fca27337a1ba7e951bb2e417793633519b0fd55c58e2c08000000000000c6230f260eaced010ae8dec2dd66dfa839abc6f0b4d61f8096310608e0f3798aad67b84f02ae091a0797c677
180851,0000000000000204aaba608f468a1ee7454f9e9014cba9b0779967e3dcece544,01000000f400fd68a606e3575db85637573cd773848c9b66c4127de05804000000000000a408d26247a3399ca516f51d321ba8385a87ca57e88078c17d60b6463a982046bf61b84f02ae091a453dc88a
180843,000000000000067848f7e39c46bf0ad8dad77e21edffb1445101deece973d9b0,0100000039fda3231a89abecac0696c1a44260253afade072d18ef94d104000000000000c5fe5f1aa83f4e433ac2c3c21631459f4e8dca9315fccbfd9498867ec7985e544950b84f02ae091afec93bc9
180805,00000000000008fb3fab4e7ccc0af45af59a5e2bcc4b12d171b682e676684306,
180804,000000000000024abcf33997a08f649b0591419a50728388e96e84bad5d28620,01000000cc7509ab95e6945d586b3c2c31ae9518364f76486e34f8a17602000000000000c8e814d012d8fc8490680a403b79521efa588612315506e59c2c998600cd5e20e1ffb74f02ae091a2dcf231d
180712,000000000000069653f2cf960d90729eb91b3d2e171bbae659388343094cde10,01000000930cba5bfd78941ae7f190141b0aa7acd67a963d472f009bc901000000000000684a89ecdaaa4c6e06cf5fecee7d06153eef04d081ff68f1235a92efb9cda2bd0f16b74f02ae091a18ceee45
180693,00000000000001405421d8a3ad73df2d30476ffa3cadc5040f9a514e2768a7d6,01000000e599173dfc81002c31e842a03a87db503197010a636f7dfb6407000000000000bd654c001e2c592c2ad2f3bc1f2e4dc5a2b80eac72d8d80087e435146187fc3971ecb64f02ae091a7de1edbc
180689,0000000000000181874b5e5d6e2fff0c9233b0df8fdfad37ea1fd1961d27a91e,010000003b6b50a53ecd4fb3572f2e402ead964d8adc9440448d7c958504000000000000906944f3bc15fb2d324d7ce6dab4319a8922b2072bbefdcbde0b44cd1885d526d3e6b64f02ae091a5677be9c
180687,00000000000005dd593db6382c5e5e948b2cb1f7398bc24d8c286599edd6e8d4,01000000271a4dbb886927a0014a29844ceb0a3d255bf62c1cbccd04f905000000000000c44547ac9fff1e54234b2abf388702155d76c112243a8d3b404dd8669a34d39e0ee5b64f02ae091adeadfc31
180656,00000000000007ffa3299332f977b7abe88dcfb39c35bddef9e0d438851111e9,010000008fce04eb1ad3b12baf76f29e10f7884749beaae9112fa7cecd08000000000000afb2686fa9dcbb0fbba53b3d573e5274afe61ddb328e6f650907ca2128c3bb2f04b3b64f02ae091a1ce993e4
180547,0000000000000892a3bdb01f8a6f17bc395f2c50b74ce44e227eee88be33f82e,010000005ea1a8e75ca9dbb91691209bc4d35d502b382312bc15709a370800000000000037696200f38eb5279d84fe1a2843cb8292d0f7be9ba319bcc3c99e2e16b772d3c0a2b54f02ae091a0f492abc
180515,0000000000000874c1fe2180e21acccd1cc7f3a2389967b46b667e749c543d5d,010000009dd4cf8fecba17e325bd255fe24749ae02bab9f6f075df2407010000000000004812eec05fdd824f34002ab6064623a81a3eb3a9107a75ddfc08e7a5e148420d5e5eb54f02ae091a0cd8c1f9
180334,00000000000005b2c608d2e7bd7651b1132afd1cab20061ecd92b814d7ae619a,010000006d9f839b338cd0a7fa1a7fc76adcc6cb2297ab2cc08d2e444401000000000000fc108871cef666768bdf21d65d87b2a2acae3474f664165c631840899354967fc35ab34f02ae091a40774836
180147,00000000000005d2a86dbe2491b86b0352878cbe0cfaa349e656cdfb1b84c6bb,01000000f7436120ae92e46f834f4703d771d16c8896562aef54bffdc1020000000000002db44fec846e620549135ade92549aa573019a2b65662fd086c5e37cf8dfb62e8360b14f02ae091a317e2bdc
180143,000000000000028cace042f7a0bb21d6892b2f102d579c6bb363e6e1c4c15c43,010000004797dcafba8d978763d01cb026c286874d731b990265e68f3607000000000000fbcc3250200ac28b0909880759b8b59b55b36b930607842241e37e92911a10855550b14f02ae091af163e164
180132,0000000000000485fccb98d1a72917b992776f7e551b05bca0016da3effb1a42,01000000b1268c6e3be0bbec5fdd134cf252a2eca9e029a4c61afcb7bf00000000000000f798bbf2389060600c3048630d740f410dc234b2190a84b179cc2d70270b4664ad36b14f02ae091a27e2aa54
180116,0000000000000824308450821e587b8f895f3df5e7ea9485e3cd17e7212b3789,0100000071165c70ba9cd6b218ae706c71aa3b26452797f688f8826e310900000000000029d0d562e8393752a958c13047406f5e728bca9558cd4dc05b919faac311c4aff11bb14f02ae091af09bfae1
180072,0000000000000597487c914c1768f9f93099bca1b6fb7190076b68bd5319a900,0100000002194336992d85bdf29a9f3c30471bf8ee2c4b7ae7ace6e92108000000000000f6c8a87e52f77d4a76355162d86bc2a919e1c92b326086c76d8f74d113bd294a70a4b04f02ae091a6ee5cd01
180070,00000000000001fd3ca69aaeddf31e82e1fa4d79c98a2f731faa8b6b645614f9,0100000091fb9a3be7ca8f6bd4aec21810018e737e207f64d1bfe58e6e0000000000000007acb1ac68032d642372067246ae3b604cb25641c2449ba6fa8c3880730df2de3aa3b04f02ae091a6d11412f
180013,000000000000068cc91c704e12031841f8579a572a0f46a7e528fff494166e73,010000003ed4889bca12f30e9aa5f9c79ffa8c297d3b3f2d1a21a4818605000000000000f75c760d70f6e8e8bf888436c816a885c119350faa844f599e0e573486ab8441041ab04f02ae091a10548887
179965,0000000000000002d1985f39155e0389d09b7db84e92520444a644fa3203738b,01000000cac4667fc68d898edd019e615a41b676f152d8c1b87ea6bac6080000000000003e457a69c19ffc580d2aca986d3f8175eab808d9e27d162039ed55ffcedab8d813acaf4f02ae091ae9018da4
179795,000000000000033377990ec760e273a135bc49712b974566bd5c318881ea95ab,
179791,0000000000000503777b3dd40362e61799668dd2e434659ff5f38b567c2c1960,010000002518abe8599ff5aea4a17ab5b13251a06fdcc75d84f1048fb903000000000000bb6c42a02fb43c406e374965e85c9c01612a727b6de7debeff146bffb4168e59a6ecad4f02ae091afd9f06d8
179752,000000000000078721453ba009d11d1f8e49d363f76795651d14b66e50dab51f,0100000016cd77129d212d668a8cf115c15f7f56267a74222284e7a9df0700000000000060feb0e5c68e3c67bf65957fec419049314c493793931f7815dbb008e87358919c88ad4f02ae091a23422352
179691,000000000000057f1c66253fe89f3deeec5a203d3deddf29d92ef8b77ffe9699,010000006be4b6e55a1eb2177edb7f28a3b57ad6de644aae48b58ac6d400000000000000f05ad4cdfd2b041824aa5d3a9a0cd2f0eb567aeb8e8ec4be159a1d54bed0655ef90bad4f02ae091a84b35da2
179641,0000000000000894953e2aa6fce46e116a6b7b9775ab0fe61380dcbbc09f4075,010000001fa8ac199da2cf32a8e26f931038471545eef863300af37dd10400000000000002f2d67a92b79c1cc6510a2e11f4caa676d6855be8d3e9d0f0fb61d9ef42d6d7f098ac4f02ae091ade71ff37
179640,00000000000004d17df30a3063f8ee4515473810936fe2a832cfa29d19aca81f,01000000ec9422c1a5ca5c70b725632d9cff6ef661c7e50ed53693a2e20600000000000046827d775744e20cbb3a268f4a5bb1a5d52de7e8ccdc8004318b107df74dd6e11c96ac4f02ae091a3705d54c
179638,0000000000000507f8178101a17c4cd3685c026d18ec25919b5f23abbf7fb088,010000002be24742cbf3e01429fb457ebf8c72268fd3279259bcae2ab10800000000000041ba97b8b794739eaa26615d267f9526883056ad9b664487bcc6f462f2192c7a368fac4f02ae091a4a7c8678
179636,0000000000000048235a62b4b7b0f35a7f207784c62486fe8eb2daebdd3bc049,01000000d506cf876f0d9dd72ed7dfffb2cf0b5542b750ae3775a1c1f006000000000000d06ca1e8f95b7f2faf57fd9331439410da2c034a4367a6617b202f8a3407e786ed86ac4f02ae091a152e276f
179628,0000000000000942f299e02f4c20a03dcbc1d7b557dbde7ee0bbb52461a150f3,01000000fa58c78e6246c0c0dbadc61f9eade2ea77ec07c1ba7c1398d901000000000000a4aeec398c42064164ad225a5200c206e87cd775f624b0b30bce844b3761caeb2369ac4f02ae091a05adcf9c
179626,00000000000000263b7209bc77a7e62c9b7aa87161b599997eb87c4ed098ae65,01000000d5bf4ac299ec8159051a14b2c5a22110991d1220c3a021090f07000000000000d5e723b010b5c929a0679306191e55edab47c3cde2518839813d7f25b2b18d865659ac4f02ae091a63766e5d
179486,00000000000007680fbfdd8a3e045f666ad6bfc5b808f876005574967a97d99d,0100000097edf4f05f60ab332a48daf685fe1e4100c6bdb20353b37fd1060000000000007c9833291ddb32a64b02e2427f1143294893db696dcd17f49b3caba175ceba4010f4aa4f02ae091a44092023
179486,00000000000000d68dda72337a528d824c7474a86fc41a8b8a3b024c211e5c1e,0100000097edf4f05f60ab332a48daf685fe1e4100c6bdb20353b37fd10600000000000038b4867b843b9e7bad5bd69465d73df9920b989ec82798b2a91ec36e2e0906b7e9f6aa4f02ae091aac13d208
179397,0000000000000258cc44163486b7eec27e65708a8c1ab3a09d33396a50c86952,01000000fb8d52cd936a7088b84e8fd1cefd9c2f2592dc9c379a6791d305000000000000f8eebc5bcef7fcfe486429fa6476b0a5640c3f4a8be37b4fc53d9275362609d5ab30aa4ff71e0b1add295ddf
179359,00000000000008fc405d0ff9fc4dec00ef9b0b1b8f85d7bffa1287d9d99d8bef,01000000e8e31e1800c1ae16b014228593f9f053c4cd1cdb5f8f46b98409000000000000969b5eede9d4d3a426a921e47da3c5e18285c758b75183e2bb844ed55163eab36be2a94ff71e0b1a34d860ad
179345,0000000000000372aaba5d49b80c28a50e0c78e889a565388f25612ce10d2c0e,010000008d37e44d42fa12063c02b7b2131a67bbbe1f3ded53f306a71e05000000000000726bb9b9a4383db9bb97ceb92cb63f2357d1f9204cabeedb7d8381c8bfd86313c6caa94ff71e0b1a42ebc075
179313,000000000000072e0b6fe8dd434edf900260f9f22d2807beadc1081ee08abcb5,01000000d9e2dc080041d193454bcdd8fc83e9abd4365b9697d38cd9a60a000000000000362cdb4647dde12409e003a8efd96cfb855725c2dc1279c6e92159f5eaa210e48777a94ff71e0b1a69c7d43d
179253,00000000000006f4017519eaf2ba8c7f87a3864e9cabdb0ee4ca0d1159d2dd09,01000000548714ed27ab597bff26bd29c9ca2b439e5618892a231b863602000000000000eeb916012d6c4dec03c42bd05f80312c11fa090c6003787aaa01ece32161547bed15a94ff71e0b1a48ffad01
179244,000000000000019ad564193df83a67b6ae07b45e20ce0462a4126793b88cee06,0100000023c3d716fdb0fdbc6b5df655e0000e7c5fe59f2981f4aecdaf0900000000000035f03fe2be68c8b2f6bb2e52f1fc2fbbda08b318e424af96db3f7ed12d10f1479007a94ff71e0b1a2e58175b
179158,000000000000074ad70fa42d7404ab1687c6927fc28d0f30bd254bb1d2e8c2c9,01000000da8f9ae6e09427de7f7ae9098e524331ebcc5f06a53454780103000000000000adb9d2fb957f0643b000766e676bd3b2b11427dcd87fb8923eaeab5574048161f469a84ff71e0b1a2f91e695
179144,00000000000005801565976b311b1bbe149fb390fae797f597a636a305d24a8f,01000000de18a493c00bffe207eb6e2da6a78580359e88093b96e665ce07000000000000b1a660b99f064493df74914c66d2726974935b97352ed9e625d9e141b1fed5bcfe48a84ff71e0b1a22d10377
179105,000000000000015e628594f22a190a6ec8ba9c7af57a2c549bd34edd58c76780,01000000474c03ed202edd3abb9bc07f1163cda2591eb5cc9343fb9c3a0a000000000000ab95547f8c648d8f12739ee786eb9d97be07727c7ca8b9e5a95170c2a4f54a304307a84ff71e0b1a0f2b2179
179061,000000000000025ca55cdfac11e41bfc9c8c66da2417ab65814c69338de43391,01000000bec1d0490a926adaf2d02c404c567a03dbf5b1c3e1542b1138080000000000005d990beb2976ec3e95f52961b6c4ccca709e585e6908a4e5dd107f34e9924946c8bca74ff71e0b1acd18d834
179052,00000000000000b2b0e9201fdff6646172d59d1fd42b1e7d0a2a492fa82869ce,010000007ebc8b552e5b5786c81120cc5f4742255419d9f334a6c73bc203000000000000c24e6fb315f4cc68eb895a3893b1a60942122b7300eaae5c28ae846def40db1ba6a8a74ff71e0b1ae1de9d2c
179047,0000000000000ab98c3485d3cb10b4558fc11bf7984c387918612051bc3be62d,010000008d338657c211a5e178370aff9d9ef6e22ed7a9a2ff6f489fa701000000000000356c8e271fda56ce611ad7cbdc6f448791b6d786fbb7c581c89ae379706526764697a74ff71e0b1a98f5a278
179029,00000000000004a1d0ae12b691d7d0cf00878e30fbef3890f2d421d0f6b2d9ba,01000000466f4330c11355b48f532b4941a9810eb19d6764c441f5670b0700000000000014acc99d66673aec73140d8dc56789814a4db2f32341afc4d4213c885e54ec418d6ca74ff71e0b1a2f71e61b
178858,0000000000000ad74184078c38e9aa6ddc6aa0b4836e68d464bebe13d58b2568,010000002296f898eefc6e9fed7ebd19f2d34c5ee6c03a0e7e98782bb907000000000000604c7ed274f16a4e624fe6445bed08b4c354744f4048eefd164267e74e1ed8f47c17a64ff71e0b1a08cb234d
178851,00000000000000bf4b29eb1b53ca31bba89dba30a5dc5adfe4f0d7423052fe43,01000000bcfd80cd8f2d8ca81192727607c37e5583654ee16813ab5e1d03000000000000ccbb47052e709b0521b60f40f3485c1c03b9d65282e03d42d3e002581aff8d3cfc0aa64ff71e0b1a96189981
178842,00000000000001409f470ad86fb9d6ae2f3199894b402009025747f9343d15d9,01000000aefd9106c2cd21b222336ed4260d770dd297f957fee82d2c730900000000000077e1643d7fcac9d3472fc7c673eadda9be2e9b7d37ddb632850f8ee7b5d89504a3f0a54ff71e0b1adceff0c9
178807,0000000000000a5a15e5475a70496116c1700e083c535b047b229bfc94ea39ff,01000000bb6d64788e254be2d22e4b1490c5169efe93744dd7d10cc40e010000000000003d33f05a72fb3c5bdc9a73b780aad36250ee5255c09544d288c9039ea10e939bc9a6a54ff71e0b1a5b8a65a5
178759,00000000000003da80943b0172cf295115e3fd7f1d2343e88efdba5b489db28f,010000006acc4ffe433c58d51423eeb06cde71a0799d931c1ab45ae60d01000000000000d212eadcdf2024d1417829b646198affb3cca41fd2e979f73296f68aaac536605758a54ff71e0b1a73d6b7f5
178739,000000000000057d7147f84f35efc3086e0ee2c74dabbe29a1c47db04728a8b2,01000000ec18b94eea71ed5c1ee820360fb0dfadb3cb0b1f1882feb02408000000000000c0e2f610c38a6464c5732cff346a023b8d455d6151743c9090092d3fd8f97ca39434a54ff71e0b1a9b0685d8
178608,0000000000000aa6efb7bf238abadad7672b16faa2df8d8f3c3c7a75120dc6ec,010000005ccaf2f2072abcf1176527b46b0643a63c26f4d01071756c5e0a00000000000037907f0634bddd0b71557a0835d76ba54379f5a811a5d4ae5afc4bcfe8cc19d2230ea44ff71e0b1adb842ae4
178530,00000000000008bb9af72053496263197842f0d8750231384988d8897d60eb70,01000000b28e452d1795e08c660fa145c62dc3cff51a1f4ba93d66f0a0010000000000000fe158f195c64c329c741b5f4cd6439b50a7c09f385e418c738841684d26fc678b66a34ff71e0b1ae03ef7c7
178529,000000000000046429f77e5da43df991873228bb9b933f8186b1c31c680e532e,0100000025a5b6f36d013f57a76576aedb0e8fc24ad36be45822e09e2402000000000000e4e9c949ba7619888a3a6b9b25a6cd965822abe0ef63ab32f67939c8a4828d53565ea34ff71e0b1a15e3aeef
178446,000000000000025f106292750b4d3c5813a56c8f31620a7393b59a444c67d966,010000008ef0ced20fff89bcb780f984325b13ed0b03dc2d5a379200280700000000000015d4baa403369ad389d60a6201d40543b472feecaef2fa7ee21eddb66f81a33394b9a24ff71e0b1a52aaf681
178361,0000000000000190ea84f39b5137d38e88dfacac69c3616a4f8115d9c0808035,010000005cb663db40c56476f96694823ff288fb7aa7eafe0189714d3c080000000000002e37ce3e3423027304a11d72a9e7cb44ea78c4737cd40da279336571e92bbd23830ba24ff71e0b1a6d0950d7
178293,000000000000074d756cb151e5b372686f3f6ab55d0e0d4a92b34c9bd339a05e,010000006f55a4fb6f5b629cc6c038c8d974666edfd51044aec16a556502000000000000feef126dc1603f4076c3c31d74ce538c785cba2d6b7ab67198dd8f5d4a985748d87aa14ff71e0b1ae0c240d8
178244,0000000000000165cdfe3fe1e990bbe572488cef95f05eec5a06729f0655482a,01000000647f8a70e044e0c928e8492657c86ea225c12d44febe92268207000000000000daf5bf80764877841509f564d5f7b3eb2cfd139110e9e6f806da4c119b45dcc0fb03a14ff71e0b1a1b76957d
178178,00000000000003a739a2160f61e1ad39984710c65d0202cec412ce6669b93998,0100000003b3a39de5e7cce3b332dbf23d37cba1dec06ee1dc97cb061f0900000000000088c07bb39a5e411700baa3314b4fe0644a75df8a346ff7cbfc65c5be291c0bd53b73a04ff71e0b1a2608f7c7
178120,000000000000044ae40e8427e0cda60220070ebaac9f60cd781cca792e4996eb,0100000066a2de1aa55d16844a47b8fc96346f756a79f76a96d3e946e4020000000000006bff0e5dcb7cd4f558764de2bd39c448b383bba6a0bf4018a7073aadc87cf907c504a04ff71e0b1a87b4cc53
177854,000000000000045b2195824567da6aa312adcae43744507ab79408bea6f94530,0100000092826eaf06901f3aca63768d684f00aa15e134c9696a7ded8200000000000000c898a0c9f7e987563710d73e468bf55864135a42dc9ce4adaa83349a03f7b6bd7df99d4ff71e0b1a6bc579cf
177788,00000000000006d883941598b21319df4d8eb555dfd7f5913a283a360b87b9a8,01000000d41924de419709aa039e267d806ee6ca0cffd46c37a2986cc407000000000000bec432b2ac5dc0f01d7a9a8ca48075a1463c5b84588786759f931935534f242ea27b9d4ff71e0b1a00c3d471
177588,000000000000040a96db5f81095145a7b5a00cf4d3a72c8c450da3a46360717c,01000000edfb9b2267ee8f7bfd4f25dd17356c54b09da417796de75e8201000000000000a38baf0c7fc275b7f525b6cd77a89f7bd53cbd40d994f9dca44042e062c46279f9f99b4ff71e0b1a9c80387e
177537,00000000000004d438829f7942a81de0ecb8e050b2bc4ac4de6c1ef403e7f6db,01000000ecd67d77e471e726f8b74f3fe6d570d2efcef7910d55bdae900100000000000026478fc239abe5f82377f3dfb1593db6f2e1ea7620df4bc51e834ca1696e300d067c9b4ff71e0b1a042470a9
177533,00000000000000da513d4a808b1b486bff6e9c0c90fe69c42e81eee985d3d3e2,0100000047995725a94bab29cc6b76d2a5f4851fb899bfbdf99a41475000000000000000564a74c9d2db28fd355d6845cddcb1d4d78d2cf3f570c60d6db6501c7a89f22616729b4ff71e0b1a22b91e2c
177415,0000000000000ac0301614be74c64adb297aa662bc5abf02dec37c0ff9cad84e,01000000701456beefb56e417bf44add262bbfdea8b2033686eb7d2531060000000000008d4845329f2b57b5f782944b65f57d39f005e5fe6c9aaaee07fc9235e6a27048895b9a4ff71e0b1a00c2b31f
177281,000000000000048928922adfecc9af081d3842b99b64bc8e8de12366cf3daa6d,01000000fc64e4b74830ae9b619e553e95a10d14a4fd2ba615674b910e0700000000000065beb3d9c3dc351ead6cb798890ca3dda4f86d0f8bcfc26caf420d0b93fa87c7de12994fe3a10a1a12d09244
177219,00000000000008661a50e54186670ede89cd11aec487c48aedd89d5568510419,01000000e4ef9fcacc466ba77d8b2c223b650831d2d781c7002e6e0df709000000000000b4c7bf9c928c5e24ef41432dfbe8978e21b429711da0f962a4e476f996d9d323cfc4984fe3a10a1a1ce220ec
177196,0000000000000747d19bfc2c6940f73170c1bf771f9657b8b02e4e5b8fe05e4f,01000000dd533736130dd62f64cde297d15f614a77b7619c5d61930294090000000000005f2c99c1b7a4e29640bdcfeb56ba35ce905cb383c6acabb351dfd33222a5f2416b6e984fe3a10a1abda7d78b
177115,00000000000005314de017d5722b568875a072cd920cef0c9cc61402e4e632b6,0100000003e2b66a766886273f391f969b7d103f7326d21bf87d5db90a03000000000000ae46236edd5e2a6dabbcf76a5c403d5b86e0b7b3de148c7d74ba5d2389725216e893974fe3a10a1a6e380a89
177014,00000000000002cf6d2dc75ed8316f9024b139cc9d876bf66fb0b06da0225994,010000005aba131c0fd9e19aeb21ea776771140803df57cfcc02024e89060000000000005462839adf9cfd2173d908ef59e3e1aa8e247f86de4eef3628eb407a9a43d27bc571964fe3a10a1a8024f0ea
176950,000000000000090927c82d14c1cecef2184898b34a2451f1dc7effb2db48b115,0100000030fc8a8752ff74c89ca0ddf08e9c36b64fef647abbecddf69b080000000000002a5bb387374d8fd841a42c36ef97ee689ae7314092c3cbe9abc7c163338433336cee954fe3a10a1a265c5cde
176894,000000000000043051d1c10ca40c4cd23d232bdfcbefd2dffa1aeec150a2c1aa,010000006430a9987b0aec0416cfad3bbca866af88291399ecad90416e0a0000000000005a7d51ae78355f138d814048f8958023cca9d5fb77b6f8681e45bc084c9ede829041954fe3a10a1a7710f179
176585,0000000000000a3bfd59ff262dfd7f4793a36e062f0b5b4e2a11ac5f50c1dbb1,01000000380cdb3020e6096d4d80b7b297a71c7350399051a11b645afc0400000000000066a8eb74175e6dd5327c599cf4dfd26191e4fc72b0a80058de617614a96b5f1efda7924fe3a10a1a179e990e
176515,00000000000002becb1a1a279dcdb408467cc90cd352dfa9b4d96b6551138d0f,01000000dccd3af923741fb02f4bcee51141b808669cd56e2756810a1d030000000000005fcec9d38b3ff1c101ac01745b1fffe35465f043879f3a5d01febad5ddb49beb53ef914fe3a10a1a03127f16
176493,00000000000009653a1c9f797b0e6d7e2c9f7055fce08bbd644cee1c1b65d699,0100000006b350442a5bab6b266f2650156444abcc91f1b82858fc46530100000000000068502f5e1d96b2e8eefe6d61ec8cec6e0fceffe7923796bf48dea43d69a6295900b9914fe3a10a1aafc5bded
176478,00000000000007ce347023beee47ce8d446edbe16b015152747a4c71bf69615c,010000009de647856e33c8b274a815daf319130796ce07446ed6c00a300400000000000049e72a877781794e960b9a4a7416aca243aa42cd2fe6659e6a8c5b2c5b38bb44d98d914fe3a10a1aa98b6685
176455,0000000000000258cac302abcd7627de375ccbb728741a547e767d9505e212cd,01000000c2491a4e497b0728d4ef9773c9ad1faa46e045d2313adbc6c905000000000000bdbca0ada07d677e436830d40992e0f7363406aa2e100ad5e8bad98c8fd6132f4d60914fe3a10a1a1541a97a
176451,000000000000079be93d65fb94aa0ffd74d4e9c854a48ec634a3198f2c9de71a,010000000da313766ad53826792a1fd3cf454414f283dd10638ca90c22080000000000005904e4d5a1d78df784d12b8b1cf3f72c32e2b994d37569a94a0c82b828e3899ed94e914fe3a10a1a0078cdf1
176432,0000000000000760d5e12948fa733be331f0c982596874eda13a31eb7094326a,010000001d97370c1591382c2316f6c8ef2dbea3a5543f10e343d489c4000000000000006604a02a92e7a2189d8a0e921b8412a29e141079c9bf08b30d24a8b1400af718b432914fe3a10a1a2eb7bf71
176237,00000000000009335e73569878dfba9988dbd30d30c51b7684728e34f2fced39,01000000b8371ee506ffa13e6b5d01da1d06ba41766c107cce2f52df8c010000000000003cb18becf0fda1aca1dfb47cf0b6f5b12f12fe008d58e142b39b478aff7f8dd243988f4fe3a10a1a44a238d0
176075,000000000000023806df33791c26d1bf118fad76dfcc8735a3c8d1572100aff6,010000001b30ee52058f663bcb05291bf0cc31563e7d0f890334f5a4d805000000000000f2b23d178b4feae9540ce817879d6013a036fcb794b9b8a81091355dc2bba95461ed8d4fe3a10a1a2edc39e0
175625,0000000000000838c6b22f711f02e2cd83a4ea1a8349e7d99d3470791d4d90b0,01000000945a4716591c5e3d558cab2b033767454def18b1078f09d80b09000000000000bae6ee5f7623af0b2c48244d6683c56b5ae9cd7308b75271f1581801b5d5940e7d62894fe3a10a1ae35b413f
175393,00000000000003b3ccb2f6ed2947986476fda0b31c434618aa7d5356417858e7,0100000035dd6ece7a2059ddfd2c073c123c81d78f2319d0f8c6f2af4f03000000000000a9d252bdeb405589e241e90c9ac423c13187b9a4a51f9be9083eeef055c4139cdf01874fe3a10a1a2b289849
175309,0000000000000a253ed2cd996a83da8a1db2ba7bf7f83e52923a4580c087694e,01000000306b19449989387f97e2dae1584ac72967ae6c92dd8c9ea8cc05000000000000fb980542fb561f9a8fc99f8d318b13116d441e876b9a8a80117392839a585e564334864f7e500a1a3cec705d
175189,00000000000007c8ce353e944532e6bc86df43b9688497805b64556921015aa3,0100000060f0f4b77cee79e80ef64335169b04a74cb4e07aea125e4c9904000000000000850454627367aff9af1ed7931e7884fd15f1da1c9a0be87e5250f071ee5fbff1f112854f7e500a1a1332888a
174987,000000000000079172d8f2038bca644fc63e713bf630d57692a14fba3b4b4837,01000000a3e33a03ac174d79a520130326bfb683028442eaf2ad0d62f7000000000000003a82b8d34cd1d4a02133fa9f0750476a4b3892aac210c762d96bfb8a46eaa3580247834f7e500a1a20b37e36
174823,00000000000007d2af49cf122f3b00ee6b18339adbbc1f9ba0af3a5aaff5dc6b,01000000febdd5b42702e5e6d0c9a0938a51351b4b368c4f3f8501e7a7050000000000001486a7fd0e6784768b705bc6748264574af2a509cd6ff30851bd6b324081eb6234d1814f7e500a1a1d7e5080
174805,00000000000005e21baf9e3c2d2e2710f0cfdbe23a9082fa53277edd81ad8872,01000000b958681bcaa7c63f033b09a11444d708f5ca5ba81578c6405d090000000000003232e6033455eceab00b9062a2e3c52016f48fbd6ff6558816bb4fd7210ad50ae5b1814f7e500a1a3b405e3d
174715,0000000000000898662b346abb834e7994f3a9fb833a9600d8ace2e4d3844018,010000007412b735cd717562433a8a6c5c6a064ef9fdf8c8da5d3814b008000000000000d0a78f587394f2a71d9145c3f46a5c5c125289adc35b8fa563abd64b8691d46e9ed6804f7e500a1a13700bf2
174614,0000000000000177eba5e3388a0ebce807de31ed4f2599609fb3a042632639a4,010000008ca29e5c18fb6bae7b17b04b46544e473e5063fb66ca027aa908000000000000c42bfef8b55406d790b3bf7f7a17475dbbfb34a3d0e5e9d57a326cbe6e3cee1e4fd37f4f7e500a1afcb797c7
174510,0000000000000457448f1874d53dee357c9812c793a1748ad5550fd879fba0d7,010000004e5395f6658680e4b6cf24bb1fc7fc5c5f6a9f4766a980845100000000000000877e0e060ca4bbf672a65a4159bed72519067b597c795136856293f7eab50f2cfdd27e4f7e500a1a784107ef
174365,000000000000038b995f71bdaa87ecba2ec639ff7735b6df1e8d165767d496ec,01000000e4c93625be3b8f242490890bfeff29496f9283a67c4c58599b09000000000000092952d9c102f625338b785f8ba09cb276d0f04d579a3c421899760ebc01679fed3c7d4f7e500a1af73e496a
174311,00000000000000ed044b438dee88fd77c61a6cf8dd397dcc54096d8ffc595b0a,01000000b95a42d2bc2a29de9b737caf7738d0e307e0350b1ee87f8ece000000000000009bd6a39782cb5804f4241f79ff99dfd847ed2e7b6d68892f0a01b244931ea65b0c9f7c4f7e500a1ae26f115b
174295,00000000000006f61c6f0fdc1da3111e2ca86872b22e7366904693040575e1d6,01000000fd59b3f2a92b284d869f0f9b920742d603922d02f107d1cb9b04000000000000570b2f5b6171d7c6b1e37921ca5ff7da58a7b3a66e829bdf296d882d951e9906ec677c4f7e500a1a4bd8bb9b
174291,00000000000006be2ad676aad3b5673d4ea83982ea7d0ff3c6b993fd963fd817,0100000021c3559f6df8666112c1532c81c44a29f59324b15ee321eaea070000000000005a12fc3e782de58f3d838f59d67fea03326508135e939a9b6c8349ae559b35ed985a7c4f7e500a1a57ca3d4d
174219,00000000000009548725a95acbe142f74be6c9ab970ebdcea63bd30542098413,010000005029e277e568ffb49fd6f5d8da2f075f6d0ccbb7064fb64339080000000000008730dfa74c7c95283678210016b8e953b8a8bac604913d1066e3467700e67dda61bb7b4f7e500a1a61bd844c
174104,000000000000046cbcea520b2ace03a38842d5dfc8a3a0c7d94dbbadf197554a,01000000a61986506d1eb5d90ed3c3f284d909e10da3e5e120569bff0a03000000000000fad1a832e258a72cef57fe0bf320178095db56563e2615223db0a1e4b95575f0d5ac7a4f7e500a1a0612406d
173891,00000000000002ee68de54e457e872b61d240eb86f23628a4e023b2c54f2df48,0100000078f4ff4a4d92c4b33d44659e874c1c8ceefb645fef3799c3f60700000000000091e315737bc35be87523793b2c3c24129e42cbd787e36cb36dfaebf7f1523285747c784f7e500a1a3d1e77d5
173829,0000000000000776527ec38509b02fa31d1929f84295bb6a6b72d4729f837fa4,010000009434c39ba6e0c77c6119b11e7ff78538120400e6de402a9fef0600000000000048845211db7df68cbb43cceec5f43a39579fa3016959b6f8a84e3860b22b1ca6dfe1774f7e500a1a9a775b59
173815,00000000000005c9e7fc2b4966ff08f42e5cd0a1baffc475938b074b4dac5b6d,0100000024d4dbb62799617304482fb3a5839c1f3f6496c1127e00f171020000000000004b42023d2c367ecb1da11d70f788d97db1d75faac1c364904fe663a70aa1b9bd11c3774f7e500a1a13e51fc3
173808,00000000000006c2f4e6302f08ab2ef175b187428e479ba958bd2bdd4e6c99b2,0100000075e4f9e54b802bd93167f948bb75921c82697da0340b09a8840300000000000086a2644135e5cc22e5c5cbbf94d117a874a44ac542d427013bd3696e87a6662646ab774f7e500a1adcfc312b
173780,00000000000008a17a319ffea9607b6bb8706c053e686fdfb77b22d550ed46ed,010000001925c19af7f1b081ed6c310eca7adeee33321bb7594c50390602000000000000e6c37f0d07399137c2b0228e6c907c010c59cf004a3d6135b124847f25d9978b8065774f7e500a1a2588ac3b
173714,000000000000083eccc78dd120b18490473a27e43c01e638c2312d1db53448c8,0100000097d5f1cf75bfea9a920bd9d593842617c9373b1531e9ba7dd707000000000000caaf56f5efa435df4c058df4eaea99cf2a8add429a8def34373c6d865ba055132eea764f7e500a1a193e917d
173693,00000000000003ce2c7d3a00f85052813e0eee410718d4d76c76760bb24b5636,01000000330b0125684ba21002a8264d523190ae08a475fb34e327ac3d03000000000000e974d455cec40958be5ed81da30438c935434d633d7f8d71a3249dea95200ba780bf764f7e500a1af68f2177
173692,000000000000033dac27e334fb75a408ae9031524d26a80210a24b6825010b33,01000000c2e91808a0c71bc68085c5dc0275468518ac352d0d66db712009000000000000c53c06a6adabef99a25aa4622bd975bc13fe741df5a119365754a8e08f864c6f2bbf764f7e500a1a745ada0a
173494,000000000000039c86ff2476848d60c09e621941b0856209b5c794a257492c6c,01000000cfce2d136997b2d71c34c43e02de5c992a3ca64dcc91b58595030000000000009c6d5f5482baab5968dcef4fcbe8f3a9cc2fb68140ccb79be08e1e2f66a194524313754f7e500a1ab3e7ecdf
173235,000000000000054aea67bf15b7e596d49e903da2014816178d01031d385a0183,01000000b0892fdb88f09530925e63e9b61315c64230838808bdef169600000000000000d6675c1569c7bf0f358109247552a0b9adf060606b73154f9c7f29d1d78346f202c2724f87320b1a16b373a5
173222,0000000000000407964d9dc1856f4a8073b83305a155ed8cf798630f5b75a24e,01000000bf989183eb41956995f388602fbe743078465f73641d9766d405000000000000a9adcf675d0f4cb839f189e4ca0502042cb5ae77d0948bdf42e8f68b3772a8ebf896724f87320b1a9612adf4
172828,0000000000000911213f993bb8e67ee0b0ac43f5fbcbdd4011b9a28dc769373e,01000000f3c910651bee32ec72e95b05a32b0f5c740ebe6c957b0e44d204000000000000d644ccf9982fb92036822d4d4c0f1ef035f24f3a86f88095976bfac164bc98adf23f6f4f87320b1a95624d08
172767,00000000000007fe6fe7c139c4aa351efb4116e836169bb38f3fea7eaf270cc7,01000000f386719b985e49404c3702e287f86207a8d4e72ebb00c83ccc09000000000000006150eab2b8d19d42740e65968fd261ad70dd83d6102c71042b436b3de1d51f19a86e4f87320b1a24f25522
172529,0000000000000b0986e374fe125f641811d59e8c69ab5a39f7e73f355069fa91,010000007c91974997a2d7b35d22b50e0f52db12e073e2a594daf15ab609000000000000ac1d1e7a6c4c98374ec640a25463cfb842262bebbd2ad1b98b31dee6af042dd3eff26c4f87320b1a822ee5db
172476,00000000000004737bb0c5aed4181fcda65c5177862817626edcb0d2c5d88784,010000006121873069eb07b916fd25a76590b8d975dd47d8dff3016a9404000000000000db0bf1dfd2f4b0c2a41a8612b75372fb673c2cdebd1b40ddd4ec79de002b53ae7b766c4f87320b1ad31414ab
172261,00000000000003c0e6366600fdfe2449e34012388195e54189af8a1003a28f07,01000000acd89b7d951241ae86f1d254d73fc910b44fa2852ac8512201080000000000006a72fad3d8fd3d4c3b40c5b508d0aaae6a3c4fb0ac81460c099d96d6253f93221c746a4f87320b1a44596e28
172221,00000000000008783a8f964121f87586c2dcf74c4c699f4de55555434043ff3d,010000008054df123fb956cb65a6235077ec027668faf682a91f4aaaeb06000000000000755e732d360ca0fd6497ea6bdef2d7c377d2de200b6b335284cfd0bbf1e773d7990d6a4f87320b1aa14fe9d4
172001,00000000000005967d3415adca0881346c67d26209e687305cf1538aba21c231,010000004c2d05d4c62299627cba4d2356e043d9d1a135be4e3a2ce83708000000000000b32188e4a1b40beb59f24562096ea5eee2b57a1baaf2b646f1591c0f7594de0a4647684f87320b1a2353da87
171906,0000000000000263feae36698a5b03cbbe0e587956f35692500de49ee42b2d6c,01000000d06438a947364fdb38f3a77f086efabd56bdb77386bece7fd500000000000000c80c616ffd0d5969f212f8a28c65577eba5651ee3cd892194d1cd6c05bb80587f76f674f87320b1a9c412f22
171893,00000000000004732d10947eebfd3e8ce19fec9c3944cda052167fd7dcf04823,01000000782415bb3f48054b5422d17e0191ab66291405763b2b9e1bb404000000000000c23e2fa719efe1c02da6e60fd7c16410d9f2d4e04877b23c4df7ba6eb82b072f4954674f87320b1a1eb120fd
171727,00000000000001233d4c0ee4853494f6a86c139c1809ac351a33f7ce4e32d519,010000006df2d7782a25748972b3802607867f72ca2f808e130b37539602000000000000dcecd96950c7555a63bcd8e3d7e261d1512df7b333ab908fdb34c4a90db19c8cf4e2654f87320b1a9a29f7e9
171557,0000000000000320a54e227a1b4828b5003bcb14cbd557035d894a5ac09c8dbc,01000000068eab63a1de15775d03b2dc995578b93864f8d559b2cf9cea050000000000007366a23bfedacb8168f36cd2a0f2532411d06b846daad294b6ccc1a27d8c37830f91644f87320b1afc995355
171554,0000000000000a801c26db2f242341a67e1c93b43f6d87a0541e6a848cbafdac,01000000e72630f5aea0d950181d68e8166478cc1f2a1083b87945fc2b000000000000002da1ea049847e7e945f4cf6a65ad5d14f181b805c9ea9b5c39277369e7e5fe35d488644f87320b1ac502c7d3
171186,00000000000004e56d5b4cbf969336e63006b2a7e76855d0050b30a44770537b,010000003d9247e5fa9f11cd171fad2ae05ecdfa5a05073d305fa48adb05000000000000dbf4203b3c46e7189a037964f6307f452a92384a75d32848aa055dfc72cf099ad323614f0c350b1ad3c7b8eb
171134,00000000000006670b0d3f3bd5a2edc76317c58868d95a5f8773caabcdfd65a6,01000000786d74a38898525cbd39a495c15e03df788b800b4835d3555e05000000000000279c5a9bca8cd1b77d7ca72de047d6e715232a557eb84fa6cc0dce98cf95ae46519f604f0c350b1aa3457acf
171133,000000000000055e55d335480b808b78df035ec195a439bd5c529888a3746d78,01000000d3faaa82c078c48af883d06931d177363aeeb8e58fc42db06a09000000000000041d2dd77a5e8893b78b3d5efa32f75617364660722e5cd2024554cd17de38f5cf9b604f0c350b1a3f875f18
171132,000000000000096ab02dc48fe5b8ee3a3677d13169d083f88ac478c082aafad3,01000000c378c215e0c9e1b20ad6baaf01fdc49831ce80805bef663cb409000000000000e82dbcc2308f02c87cee3e801c6be5e5163814eadff6ffb8b8d5ec4992f48f0f3f99604f0c350b1a54bd0d52
171073,000000000000049effe1dd1319e28af3dc4414380791e483ffd8ff9eda6d787b,0100000035cd059babba7128f68cc2d2afea278c80e24df2d2238f9ab80a0000000000009f95072be1a44c5d8a9411998e5fc1b4774a2f648ede58aa30814aa2039390d44805604f0c350b1a6bf569ab
171064,00000000000000089fceac7f25bd1a7552ddb65987289602f2c9b934cc75f027,010000007b6d79c67342f1e71e2542c47af5459110e7dfb831371d3d100a00000000000023df66a174f79872e80c7b3c40da6ba5427c57fa97a87abd5d0f72a5a1f9804da9f75f4f0c350b1a471b6b31
171025,0000000000000acf985adf173e21d0eb85d1453cfba10ad61f11e207ede31b7a,01000000cc51463f800194e6cecfc796a8c4fc9afef944ead4c7c98cdb00000000000000f756764f3c5fd76d26a3bd88f9252829b4bcf27bc133884109dac196ae72cd5b07ac5f4f0c350b1ad368d226
170752,000000000000085cb466583a6fad9ad25afd28328754ae39fee21e2b49cce250,01000000a3338275f94df3cef5e9df57f5b2ab406f8485b7744de3bdab0a00000000000046dfa5664fa0308ac629015dbb26c7e83252df939146b140ccabb9a0bf8b111ff3695d4f0c350b1aa73bb22b
170651,000000000000049ab0a6c0aa58d823cd2b342a95ebc5046ddfa024a3247c529e,01000000df4c80bf0be25c4953e582e5e75ab880d2108527eba08107dd05000000000000f9e72937c964209dd193da72d8ad4c64c05cee5cb174367f5fb0acdec39926dec9915c4f0c350b1a5adfd2fa
170282,00000000000001de9839f47c168aea114c9f852b65493ae5797108dd04688513,010000003cd3495e1df6a6999defa32eb46d179cbf191ce6c30d39ecf307000000000000fa22df2fd1843cb24ff5114c234a90379d33443fe9308726aba8292adff98cd43f7f594f0c350b1a21ffee71
170273,00000000000000718f6c88d73582f668650cb8ba1a35369880442c8df81b436c,01000000d4d0c65ed19dbc277956994c56c8641834f8830c7f234ebacd07000000000000349d579b2a01f08b3bd679402c9d501dd271e28ae2c6fa22b10d88c8e3115f6ba679594f0c350b1ad9921fd4
170259,00000000000004199ee59721387f9f05c21189ddc90cec22f2ae5b3e7738c0db,010000002cf7097634576eb75b2a4748973edd7aa6d1c7ba6e45d43deb08000000000000b2e08159195ad82b98b5be00a1922cecdf41dbafcbf0318825037f759b5886579b42594f0c350b1a25636a15
170137,00000000000008f21b8c263c73816ea47ca765892b1589e8b8cf52e75ae1a4cd,01000000e78452c6b04706c293ba17cf53ab6b272842be8a90034a2dba00000000000000333c5b10e2255aa745b582d68f75e04ae28c8757591dcfb58586bd46588b05192d38584f0c350b1a541cbb3e
170062,00000000000008b5157f5a25da27828ae03f395fdff4fe5b57d85fc8c599c270,01000000a0058a8dd0dfa963e9f1945bbd12483ebb3daa09e97c80375802000000000000be5722d338256a67eb2e36c1b1a508526674efdf9c335f52b404b30461733574dd4a5f4f0c350b1ab4936745
170062,00000000000006a94b1c86cb78dd4308a8ce7310993efe6586a4d89a2ec91328,0100000086f1d0b4f667f3a92a933aa6629bc38eeaa906aa9860d96a1c0300000000000003ce063a8031877b639370ab3180ebd7246bfd112d74bdf7b360754c1efbeeb140d3574f0c350b1a01b1e6af
170062,00000000000004351dda86c5a6d6fb855d04228988d5a3afa91d6249b6abf77d,0100000086f1d0b4f667f3a92a933aa6629bc38eeaa906aa9860d96a1c030000000000008ab2d37c52f627ff041179851cfd46bb2c3d3d804f32f9e0b1f14157352a3c96b892584f0c350b1acc3e564a
170061,000000000000031c6ad96098aa06a9ea8ec39b62a63a932aa9f367f6b4d0f186,010000009aa257c8c4ceb431978cef1624347d1df5b1aa3c4553a05e74030000000000000e9fa43c5b5dc8bf703fe9fa176af7f4e968d1895e11bf308faa0ccdd9e2b9d72893574f0c350b1a59dd6f2b
170061,000000000000025837807ce909aa3dbb3e4812bd5b94f1e963a9dfd08d8a05a0,01000000c013bb121cfeb11a11b9c89db4fb5a179cacd072c85188b36a000000000000005bc89c5fd0e0331f3a76a3d2ef8d2621f76c65a53cb36d29a700fc82af03bee4e2345f4f0c350b1a2ed65471
170060,000000000000054fff14aaf40a4b460de3ad4ab5560076574300a021c0f1a59f,01000000d62ad381b32886ece7e9b98a1d642aa578387fb92491f52bbd0300000000000035dd22c6d9e9d095746f7fa20a2b0b1136376c46859372c50288772f28b9e3b22633be4f0c350b1ad8d5382b
170060,00000000000003745ea053453caab1f51d7d342416ef8c9731b4cec4c857a29a,01000000d62ad381b32886ece7e9b98a1d642aa578387fb92491f52bbd03000000000000700e558615dfeaa65bcc740c3ae64bf4f421e97cd728aec946c6dce8d7e2d3f9a28f574f0c350b1a05ae9c00
170060,000000000000006ab38851c872d0ac9c175afbb49dc8b9111ab1fe1c12bb13c0,01000000d62ad381b32886ece7e9b98a1d642aa578387fb92491f52bbd03000000000000aafe0bba827647e9e6c9ab27099b2b71c71d8e956306be61a889eea600b84198c3815d4f0c350b1a3db0fb34
170050,000000000000039d0a3929b2778f6bc94030d6c23d859eb67678ec79f5313f8e,01000000b3b061d5bc712a80489b188a52dbfb836c3d4b1f9cdaf0bc96020000000000008835517c5163c7b07516429ae3611909309f769c6474f23e8a7f09b9826d041fc381574f0c350b1a1fc2d37e
169971,0000000000000186e841316b9feec4a420f6aa988dbddcc2b34da8f78d3d5664,01000000af8227140c4a6b131467c8e3e70e4e3eb08a2804667728b749060000000000001e306d01561148884e14a4e8aef4f1e0517774b070924167999aca140dbe1e45d6d7564f0c350b1a44e7867f
169954,00000000000005bd12d113d6d02adbfddf7bc3d07eeff69352479de7a0639e5f,01000000be15706af623521275ec1c4cfb1e0c4852f3d2214c547600300500000000000082308b5183950510e4577c02f028983518da5d3e19071849af5b4a0f300bbec6e3a9564f0c350b1a0e948886
169789,00000000000007e998421a30620fe47d9526677f005552c32d2e4152c2995371,01000000481d84317a1f8a256d089b27b0f1cafb278df5eafe0b16be6102000000000000212ae84204f5b35480d12196bf9f3e7c76a3d7576ccb8a879e76f659d6eee1134b20554f0c350b1a4e06fba9
169517,00000000000009feb9a65225db8f94e9479e75f91059838054c4cc242f473625,0100000022c41a594529cced4080c90c7cdc2d07b3c824a6be623a14a109000000000000b9b6897c8d4d20002b6460f218564b7bbd931dcd3294c54323414aafcae2cbc08077524f0c350b1a1ad62890
169409,00000000000006a2a14d65bae5260932af1c313bfd286347006adaae460296c9,01000000ac9111f690b177dd977f4c7cf69b8825f145a12ce6e7340125070000000000001e86cf592372355186cfcd9a64caf0f56d00ee537b4a1aecb861c26d5a1cf2b37a42514f0c350b1ab8e38292
169396,0000000000000a1c1dbc1b616841e59f31ee30647e19a603a4676126864ff962,0100000055c7ddcccc493eb55fde9b3b8ce33d7c2fd470bb644e0a2ca4070000000000001db57b935b9345c6a66bc12a913966438baea2087dfd2719ebbe0f75000b64e5a61b514f0c350b1a969425e5
169340,00000000000006e0ab0b04c5264ec3c964560f1dcb121e8d3497868518d61007,0100000087f9b8beb2563b18b18454e320ce8d92ad3eb6cce1fba7be9a0900000000000026991fdbc9c2fa4b39b725a3fe7997ecbb22d8e8b21c5d233261d7136466a9615c7a504f9c300c1acfe2d6dd
169311,0000000000000a225dad7bffbe6faefccb5b9c191285f9788c26a4b3db827fd8,01000000f88011becb473662571d3988b0b8a01a66fce9749074aef53408000000000000ac5ef8e2e4e5bc9a742dcb2d7744da01928695596e0206c49aaa10118ebe087dc53f504f9c300c1a1d438b12
168920,000000000000037616387fa2ce0b942c2344d9a350d4a8bf71d843042f21c05e,0100000045d650a5a51201f51ffef378f3e409846a074221574367f957050000000000007bc340b8c139474589b91e8f84f237d62cc2efa29c1f02d21168316ad9c4fac7291f4d4f9c300c1a06aeba57
168912,00000000000007d093f13f043f20b0af3d84b3bed52fea8f37da34303671ee3c,0100000000c7cfea535e48f01a0f4b8b494efad3388e26fe5523ed0c600a000000000000dc5254d18190b08a9cb7bc5bc027d3fc37dd018250502da0669d60ebaca6b46b5a134d4f9c300c1a341ee220
168819,00000000000007e21b58a79da35ee52d1c340cbb124b189820bcee9c54cf504e,010000002d90a3f2b30108db7ffcc2da74a8cd67cc17a923126a18415c0500000000000001fbbf84340fc99001a9bce7d8f256d15a9cb2466040c996fa383cb614029f09e34a4c4f9c300c1a17b39084
168771,0000000000000bcd907a1e0a1a62dc572bb794d7c8c41dcf715142e562363d41,01000000fc849e0d8c726de0792f9f9c83dd67fd15e7e397f37b3c8a30050000000000005d0d94b4c777a478188268d446f3ef2e3339214c0fae8cce6b1489449736d45203d34b4f9c300c1aeb9d8fd7
168754,000000000000043300e45c7079fa130b5caeeaad582c8b2372536cd444824595,0100000087dd59b378194a22efca96e8fff3b523a8bc98daa1b07cca7b0b0000000000001fade644d89b6ed02f8e4aaae41d8716f23e548596442f8cf79fc2b2bbbf08ef41ba4b4f9c300c1abcf158cd
168737,00000000000008907e2cd8794422c9c3151398a3d338ebe3a7f834cd1ff60edf,010000002e58209d35f34683486d304ec910b1985361f18cbafd4e341e08000000000000a6da1d204431becd431a2e1049040c4f66f4d4f8d8ce0e87dcc27c4f815e7accd68b4b4f9c300c1a74ad6bd9
168697,00000000000009ad9f3bb941e151700d2ac56626f892c86729b9813fb86312a8,01000000571f33d33aa6007def47cecbc88637c643a6a5073376a4ad2f040000000000002a925746b4051f2d312efcb327a1385e0d6805c62fd0de20717f3981b96dffd06c314b4f9c300c1a1e762d5f
168249,000000000000025c9ffc383413aa1f9bad72232abe0dd8315ca4802cb44e1826,01000000c6c70c9d9ee6ce2cdc95ec7ba47be73eba3882193098ade8a1020000000000005e4e396d74113dbf944cd176729948e8f26f3cc2a4c4105b214c73fd0d41846e9c90474f9c300c1a4f750c79
168059,0000000000000b8fcfdbd8a70848e720492989464c6dc0d1d9c012b93c910515,01000000e9027c6f7a674e7da4057038c73585705c5f0f2c27476d252b020000000000003f6c9eb3488d3cc03180050a75bd0cee73c8fac309bf46f84b51a09fa4e906c9f2d5454f9c300c1a09f68ea9
167881,00000000000006c889c4aa89efa19cbafa055d1c24ffd2e4f3c5d0c1de0a48c4,010000006f7e056c39363567c874bf25fc3e992f91e10e8f0b1cb867e1000000000000009ea7a9f435ee6243948114165ad452ee1026bab660045a5b981fef65f2b640808e6e444f9c300c1ad87fc6f7
167863,00000000000008ce62560ec18fc5432bd8e7810811cca7578c390d54277920b3,010000005c8349c95200246852347bebeb319152bae52c8fee9b9aa19d0b0000000000006fe393e33005e8a419663943ecb8aacb4f9e6251b5dca5269b8a4e90a18f1ba5bb41444f9c300c1a7c77736f
167823,00000000000000ed66edd18a308487901a2f95dba9d3f7a65e4321b345898fbb,0100000051af40ae250d70f02f626863312547abc52002a5f76efd84950700000000000063a8be538447924af1d016d0e981d83c649c0ee609e7fc2fea90615b01b46db9fae9434f9c300c1a2c54cad1
167742,0000000000000685275697d11c869d2b71e4cf62cb651763530dc653f79092a1,010000002c0501a4ade83c7d3928375eaf8d31f6fa1eea2cd7904ebd3302000000000000532e858eccff4a431ea7b540dc123ba5f3b5559401ad6956ff795ca1b2ec567eb121434f9c300c1ab3fa4b19
167620,00000000000007f12c1d4d6dfc22a180e861d26b9f0de8cbef54927bb4ad13ce,010000007660735172c906d14c31fa45ab8355695b7f294fcbcff61243070000000000008a0fda0235afdd938ae009752825e4d0890ee0c78bd8057189c22192d128d2ee8bd6414f9c300c1a8449fea4
167591,0000000000000aca6a570788a5abc121b36c6bfa2c4c45308d0dde9915459dcf,010000000082db3648c845928b2428a9968ac01172230bbb8fc57be8960b00000000000062823219d3ab61563335ff862ec7a1aff5dcfd7357f185632dd31cee69e40aaf559c414f9c300c1a1dfed1f3
167588,0000000000000644cb9425d23d06e2db5c6adeddbb12ecaa4c42c26a053e2c44,01000000bd1f408f70ef815ecc8f3a2271f252ec206747a2f5bd7a5b3503000000000000eb00e30984039dc61eb57193b300a3f4b6fa3d8f711262d02b11fa67bff0d65cb792414f9c300c1a7f2e19f8
167535,0000000000000c06420a5f9e586f057fb622aad59288734e213b8e1f2f3f33bd,0100000062a518261576ef4d01ce604098c8a99809ad5d3cdbcd1df9c40a000000000000f9783fab32633b0b0d329d6b0b61c7431c152bb72fb6971fa42e8fbdd59d68e68321414f9c300c1ab7d9ff7b
167283,000000000000079f7e918f3fba8f758383e1061c5d4eb8b3742612dedc23c00e,010000006da6acacd9f69b39c22e715a2c9e3d6e4004b8b026c519ee3d00000000000000964d4f9eaf457864feacbd48b82ae68815b263f8251e6366780f34bccaa28bfe94343f4f0b290c1a0ab9a9e3
167277,000000000000000c850b18c751d2d2cf9349f53d94dca53b8c7af8b30fa6ed8f,010000001f41d2268bfed2dfb92a76b1f886cf8a11b589478e3f1e940c05000000000000a0d0fbf53ea9f9d39024a3e615b7586044146f902a3f41097b664a07425afec148203f4f0b290c1a07d1d541
167044,000000000000047232c65cc905fc5038f3d04639e7339453bc7aed5ebc0fd1a5,0100000047c98d734ad8144cc2ccfe17776699b57f0298449d0c2e9b7d00000000000000b9fa668ec42d5fcd5d895be4fd811ddcedba7ac31091baf45448248a7cc6f8c3cb003d4f0b290c1a5c8f4699
167041,00000000000005f103560a0c3d7b7978d63762e2a7e79877c8531642edcd7935,01000000dff45669e04e37bc58bdf60daf1be793bbd7a11b234f638d130a0000000000002965a37e6573f9827d87a04745f959070afec35c4c46d9c6b3ebf4f3f4a2526d48f93c4f0b290c1a2712941f
166995,000000000000036c3e668b46b38a4aa25c53e4f313a50a52ec8713dc7cb0a9c5,01000000058e679748bb8f3c4cc7c486a79fc56cf98dee2a02873ce5ef09000000000000c33acdc12c254e03a0c3fa44286a22d9811a13eed7d321be4e8898251e1b6cbbc6873c4f0b290c1a56fe68a1
166890,000000000000032bcff32b408bdc97928a74202b085c1a6130bf7f2b8a33a8d0,01000000a2860379f3f7db7a7bdcc16ae8bbd51b99124307354c46a63c0b000000000000c9565bd5b5637a56f3ce2a6dece142d494297a47853ce0d6f90b4c8da6b81b469e9d3b4f0b290c1a9b83b8dc
166868,00000000000000828a0f68452b5c83cf3eb0767e46505648cd22f9f5785f5bb9,0100000069ae9894f67815fbbae0a61e591613ae3153514f5628f8242f020000000000007919d942c963c26c90647a9d8faf854c68b8271e9813028de3d5f59e1aa97ec4d4683b4f0b290c1ad5439777
166739,0000000000000884fede1677ccb7354fa2bce0aa58061c8547d408fb813c91c8,010000002f9482ab2fcd23692d7f06623d31ed867244405bad630b01880a00000000000077549c4a0dec078e7ec475b11a61b1de843866630dfe7143725e0acb9590c2dbb9143a4f0b290c1a44ad8b89
166723,00000000000009d2d2beec83799ec504c429af1ccfa9eb11f802ec4091e383da,01000000ee702b6e5ef1dc65a5fdaa39dfd280831fa52dba374272db5500000000000000a2dcbfc2ee360f1f7aa7c5565589587129762fad166e5ae8dbd51f0c6f72a1ff84f2394f0b290c1a88748afc
166722,00000000000002fdeb31e5af8ea481eda192185ddb47caa7673dae87966a8f57,010000002284ee86827413e943e09bfad3a2b5e7b32fbe968b7209b09d09000000000000a3b9bb35ba0c8fb8abf15a5278d38dc9fff56f6dce2f9db35684360bcd9756c211ec394f0b290c1a964ee6bf
166536,0000000000000827dc9caf90e3b49500572cbeed5a00225579c8deae374c6110,010000000980eef40acffec1f6a349a8acbd0c7d4399b1ade2eaede7d2020000000000004f6c588a193fb5ff9e8a3825b648f40ce239b50090914c8870e1e7e0c911541fc627384f0b290c1a05d6821d
166500,000000000000038e347b17693c6bfab4c258f1aca517775c530235bf2b2ec3b9,010000004c406e6b842bfdb9bd500c5e4cb900bd1b158b4c47cca4f5150600000000000023c158198385c056e5f1879ee920dc081049b4d204e6794fb429de17bfd3b25bfadf374f0b290c1a6f94a3f5
166460,00000000000007f0bffe58cb5516c0935cfaa008486057a5c6c27ca6449052bf,0100000031fb643d5635e3c528b312ef5721079264b4a4c37a221ca6f80b0000000000002b739a63f3d16f1a9d258609903d77a871ab8c8cc01da139f67ca5bb78d5dce9e481374f0b290c1ae00afe8f
166403,0000000000000b3e29d8c2df3e577c57dfabdd6852e131a21aa006b9d6e9e31c,01000000e315065856226af799370f12c209162ea46cc6b3375e8551270b0000000000001d1b6e249b19c6ca868e8ef200785d9c5fddaf6be14008630ec7fe052a1b8b11aa0d374f0b290c1a731c0af8
166356,00000000000009f92e3066d0af1f7739a7ad96f24be84961cfdd27a11300986e,01000000947551ccda31b72b4a847965d1f5d1228c28f25021b1f8294806000000000000920b1ec12fdefd1958f7886adff679471c17ef64e03e88ff2d12e44908f5113bd7ae364f0b290c1a17f46e87
166343,000000000000048bbf1d28adbd2a0b7058444619371afee50e6e9c2a1f9f9200,01000000ad01c945fb3a64889a94e7f3fb2f88fa9dc149bb31fa602d880400000000000021e3b1f41c2431a9a5648150d24556b54ba740027557a96e13067d4ed62d74f9a58f364f0b290c1a8fbc9ae2
166330,00000000000009f6be71358e04957821aa1239a318155b3cd444caefcb19107c,01000000297fa3a1fd3fe35ebd9ead333d1de1616e0921f4bc13f15cb6040000000000000b995aecc4ffc62c91e0b95699c3dd46ce905bc177068004e075e4f064034198446c364f0b290c1a9248e2dd
166256,00000000000006aa7dee2b35b8a153cba58d3537efb78a4b115b6be0ba9f5eec,01000000d03f6f8ef87ba6b7c64e54809a9724d341fa49688cf9b742480800000000000021637d1c29e5791bc1785a7efa78d6116880b0a4e08f2239ec829a7797bf893c05ca354f0b290c1a28da5264
166174,00000000000006c31a95779b46b5836f456034f3740e17df45894af5f08285ad,0100000012791a4751332305c9d717ad5353b3cd1249866847051662910600000000000013cfa8c7af62ff29ffc957e173f8a10644cf6ef4be145c13a3ba7104e7e80d9996f5344f0b290c1a000d9449
166024,00000000000000e5d04a73855f5355d4c499328c2749355e09aa515f2fba5080,01000000f0c1e75b11e09bcad18d07105fdb77ec9f2b03d875c4501a73000000000000007f3d9de5366bc035f1982ae9d59bd345d183df810ed2d3d2c80c2a4af64690cbe9a4334f0b290c1aee8d0f60
165967,00000000000002b01c89784f29a3f3d7fce9289b78681c375f3b11e5f933c799,01000000d2f486c5d3d74d6663c2ebb7ee583e38270e6b89bd7c043e4d050000000000001de97f7b69e7207b1fcc6ca919b549ebe31f395e2fdc999bda2b40a688962c893d0f334f0b290c1a46f315b1
165957,0000000000000966e20c43d6ff1e6c9fdbf7c777b1113a6a2799bd69e02cf6b0,01000000740ec980ab9d68a417360cdf4a54ccb9c5ca8a95b72011c48a03000000000000388f3501b1ca827a6f3b3ac7e8fa6591a94addd43a3a896a188802cc3a3b7ccd2dfd324f0b290c1a008668eb
165896,00000000000001c3505024be76175ca8d7bf7af3837fdf50c97bb6b51c811e2b,010000003a434a586d2b773fd9da990fecfb4a86c6704766e02cd5cc8f0600000000000003f603b820ba9747ebf1d8e14e827637f15543531d060608b391dc347d92eb1f9b64324f0b290c1a77aff55e
165781,00000000000003e0e1de5e64b6b4f86dd1315f22ea8f03eb75e4eb53f1a14faf,01000000fe66406ca12928b44493c7e6f7dcc4114306b3ca2a381eeb58040000000000006b97fe40ab8f80806e5d80617f4841dc7b275ba8906df1dddc83f8a4b6036973a54d314f0b290c1af61f081b
165778,000000000000019f7cc6c60275580dddb748b333a1cfc4dad7bdcb0924ed6afd,01000000cdcd52b5bc3b2706eb68668f444376bc97613a2032dbc3296109000000000000a0b7e6ac01fdb7b0df634605fa4b1c6dac05a48a8cb2dd4d93aac0650dc7016a8144314f0b290c1aaa5cb4a9
165696,0000000000000406d81a8c92fd5f46d7cbcc32c545764cbddc72cde242afcde5,01000000078233e117821e70d00c8c6162e4327f6e6b9883e5feb20f7d050000000000003b9dbee3a995dbffa1a551a0984e19b822b8532c21fd1f2fe6c1fd59c1037fd79e84304f0b290c1aa02fec57
165616,00000000000007bc788422db936261006dac506afdefcc8ee8623228dd089379,0100000035b2d417635bcc25b81f296b48303e2d8e8874366057c091a30a0000000000003fbcfde498976ef416b796d1c4cdcba64190c77ccb1468c28641e036bdf7e95d71bc2f4f0b290c1a992032de
165571,00000000000007f23ce5f6f9867eeb5812ce3fe26e9080b8f7b548f33a44cde6,01000000fe5d8b808c0b828392c42a27e400386e38b600f467b7ec90dc080000000000004200677fdc278cbee6599acb01d5bfa0f1575ed43c6766529f2d655d6851019a985e2f4f0b290c1add38a2f6
165566,00000000000004c54de4d2fb42d20d0810367519b456b544be766270d4c1601c,010000003de1d86e3c81e35c06900f9bbece7a368fc3f00ef4d26630f704000000000000baecdf5aa9e34cfbb0596b99102c6ca7cea52ec3a00d1719582af3f9365bbdad39562f4f0b290c1a6bc474bd
165530,000000000000063f9d12063fb14c0f1b053ddf32c3fc5b15b97db1505851a4e8,01000000288dc4e36126b1f07454e9f374cc91e66a4aaa28cd319d4a630a000000000000153d508b40fc9724e1da41206d0d72787a7cf57dce11ec789593bc45113fe984b0032f4f0b290c1ac0ca9427
165520,0000000000000a50f1de5eb6182778660266764e919b573c1ea8697fef0974cb,01000000946bfb90dce00b2dba4bc95619c45a3d8c6a7a740ba4f62a1900000000000000df46541d9b165bc450a05cb1d9487c0b4ef4fc1ac341e08a05e17c83914c69d2f8f12e4f0b290c1a35468c3f
165519,00000000000000192af6a40b747a6a8c3d5ac41956c94bba2d0be0dc90fb6b94,01000000ca806d0e8ff5387b4f7212f2ea915cae86ee583d1920866ca70000000000000058fd4f90aca8a612c49d969014dc8f1cf1298d354c362b5b8825c8ee1b9e569daef02e4f0b290c1a18bbb50e
165504,0000000000000a42ed48bc40723413c947c7a6d9312e20becf7fec3490d17987,01000000fd12b6de6ce65eb3b1e29995a8953ddc69af6560ee41f2a30807000000000000fcb495dd46f7e2a4c6c0610bd8b9d55fec41486064f01df8d5f75621a9d371439dc52e4f0b290c1abaeeddf0
165464,00000000000009df0e9f967c4ecf396cb21995f3db84c8e254c352c78a084868,010000001ff801c2bb379dccf978982ee82502ca46503ddc92f6cf510802000000000000a0f2861e56743715f8a24bb0ce86438053cd4949a5b97c03df38276a87a8dd900b612e4f0b290c1a2d8c49d7
165439,00000000000005c273a4f75f2c02ae54e0e6816096f33e1d9ef98bcb70391aa6,01000000e6da9a6919ae3f6575a026115fed0c4a2d527872feed569df70800000000000064c154b09237739d1c0a43e8ae8d709bb8c9b03a859f7ebe55a6eacd26969f650f2b2e4f0b290c1a58fee078
165402,00000000000000abbfd8fece6b5e740a528a4aabf349c0ba03e2cf318e30d265,01000000e61099fe6e4f27da73c6b6cadf3966f50955167ceff7ae450b000000000000004a8a7b5f24d9248c15093c5a16547794230e88c1a3985bd1018604e80fa6d51c0dd92d4f0b290c1a1ab98133
165374,000000000000021d091aa7b0ec4873ff705d346b1c9490b4405af7909d045f27,0100000015beaf549b4601da6aeae86c57890ec42a84859971152fcd7e01000000000000e137e2551b6d2e60a3c7df6722f79a9c063649d26ecd0a1832a6855a2d1d55f391892d4f0b290c1aa305825f
165333,000000000000031a6db0ef51b634a3b21c690661758c92707f9a87c433103b1c,01000000e94402cf278a053cf2ed05cec9b1320dc565cbdb92937a8002010000000000002c0499fd806c6876aa62f552c4f1d98163cd2c1bc325ebb1389ea44ca5d6543033402d4f0b290c1a93677409
165264,0000000000000b4fc28a511bc34d2cef9f5e72f02560435cae18e8df9e209a83,010000007af07c029ef505738052e3ba378e547f97b21a086c576e172205000000000000e7f639087dc7874339274cad8903e70ca5741981d4a4c3657363ac2df556e2fe91b22c4f3fd40c1a8187e875
165254,00000000000002251a002b4c4538c2ecfd1d0aa146e0c5e2992745c1a21fec63,01000000ae3733739496a78cf511eaad91fa85124feb7bd2f5a09afb8c0c000000000000786f259338418ef3f0e0a116b38587cc041abb984fc65039c6584a4f47ef98ccf1992c4f3fd40c1a1a47413c
165242,000000000000039df377de2b9857f100bfaebacaa5ca79cac43c0a2d60aa73ce,0100000000265f633f97635b602f3208a71c2e7ff99f114e2ff63739b9070000000000005f24bef91b930152e3038d3d395e5619653a2cdc68e0ad5071358fcd711b4cd3f87b2c4f3fd40c1a8c8d33f1
165238,0000000000000334354cac238da8087c74650ee7bfa4c017938627c4ae1d300b,01000000f514cccdf32a00c508348cf7a045b955a9d81af24b6050654b080000000000004511c3e9cb652f22ecd50bd3bb734cb64d3d8e32197623b317998380fec786f4c4722c4f3fd40c1a8552b4ab
165180,00000000000002ed94f3bc516560e924d82dd727bb056a0613d7cf9afebf0a37,0100000084f0d0abc614d89729bbf77fdffeb95c84f179b836b895f7c80a00000000000085f842c774d08fe2727b20293954b99fbcdb0875becff6083c9f825da5ff0ed9a9e82b4f3fd40c1a548fca5e
165178,00000000000002a8049bc5b2158b38648772b2d190eb3d8bf2d767ae453cf135,01000000d0e6eb8d2120b9bacadc277af11794ce4d1915cdbdbf0785880c0000000000002a3918e0e267fdce9f123c20c16bdf298fc6e167ce72ca383b5f60f465d6d82673e02b4f3fd40c1a0e8a46b7
165113,0000000000000080fd6c6dd4fba232d103a10624552318a59a69134a6494273d,010000003ce054941afcd032175182fe8315af8d3064ce21fe5e5984ff080000000000009cb63ec7cfa78adc8828d164652fb63d44a42dedcd349b43044372103803d9519f552b4f3fd40c1a571d754c
165105,0000000000000ba1d9381a089c1e3b25672c4651cb4fec76eff7efd2b22444cb,01000000a5f6c8348d174033945225435b0c625c36b19ebaa63ff0d87f0c0000000000006f08b4c16c83fd2da6bf24da8c4d15751f6292bb76e40fae69c796306c8cf65fae452b4f3fd40c1a824159f4
165096,0000000000000a798c817e2907930a32e130a8b2e9202055f4197169f5519817,010000001fb5ddaf30f270b79ee69f482f1b46350c253370fa61fbb980070000000000005cf7d520412ac958dffad8c867e131687f01c51e3c565f1baac49907c1448fe91b3a2b4f3fd40c1ab6862098
165075,000000000000044e7f3de658043bb74e68139def6312895d948dd41b21bc1241,01000000edf5328d60dce00632033d4a032cef42b4cfd53df8842e58a3080000000000009480dfadf315d316b4d6e724326a41b3cf534e352f2209f168929f4c6eff8304a91a2b4f3fd40c1a0f4c40c4
165066,0000000000000ca23951784e20a54714a85c42f30fa504649aae0d0cea84ba83,010000008b651fb0df9f9b64c725902224205fa55112fa92f7232144c60200000000000004ca678e7ee6e2958c031e8b91e9315241cec4edfe78b1261e25f71e23772fadec092b4f3fd40c1aa8b66a9e
165045,000000000000040211b25f3ee5685551e52e1d5f54264988174290821137298f,01000000939cd5f0c17fbf7c071abb18cf2c465662037ff577501b7d6e03000000000000608544803e5e96ec4fa46f734c677fb7a1d69e6f78ac581bac600ca9eed6c016d4d52a4f3fd40c1ab11f43fe
164974,000000000000080b927bbf3169b1c33be2f04d53a471da6f559caf756b2526e1,010000001c576690c6b789e7d91be863844334adecc8a8d31dcc01ef2201000000000000cc295850f4d49358e70a44812c0673f429ad0b0b311d246f63b0b2c115421c5657542a4f3fd40c1a0571830a
164959,00000000000009c4893bdac7e77e5ad7f6b1908da1449e9cb8a98a5d02956693,01000000a154404b1b0840cc46f7286d31e7186b0bda752fff47edec9c0800000000000095c244afe3c531a30965f4056c62bb1e5d37502fc46ee20fb53683c00a1c340fd6342a4f3fd40c1a59691b82
164956,0000000000000136be7dc8f992676457f7ae3cd90f5ff08332cdcfdce613772b,0100000012dc427607f413c37ab6cf11da19ce643b270c0eec98ce02490b000000000000e0ad4c4d03dbdbce8041bd69828fd559ac0d80d8100be633c216dc8409e521307f272a4f3fd40c1aa8e5c2a3
164866,00000000000002c155fecf8d0db78b13cf263b5d3089d66efcb1cb920e76999a,010000000186ef1498716e64d13745bc296f98f5a6960846ff2a8c147201000000000000cc44656e6661ec1dace018f4e498e33088c4ad1ec8dabce67e2ca7f4193536f6554a294f3fd40c1a18eaf65f
164752,0000000000000750c046f99797bc228be7de9b3b664bffec369568e2cb36f11d,010000000c567add602efda388fec8aa5a46a76095e30a042720ef98b5040000000000007ebceef4d70d35d4e26659b9a91e9ab6399144502e302974f6d7c3fb5e19b0f9433b284f3fd40c1a8660b73c
164750,0000000000000400ac0eb451f448a715acaea45b2f19cfa95d3c3df8fac0c9e0,01000000f9b04b41e662022afd7c1fa8716c841446ce57ef7be536267103000000000000cda4ee3902bdba8e198d53d6fb02879fd7ad5959d5af67f276242675d77f5bddd035284f3fd40c1a4787c90e
164622,00000000000008ea5c51c93823660ee151e043096d725405b076091cc16d15dd,0100000099816196e183bfd6918be135bfc3d957278cf40f0f944546310a000000000000aad21c8f5c897d7c6ccbb605238c97fe941f8f9b79bd0492b8ce5c04dc72d36e2422274f3fd40c1a07c66a9c
164604,0000000000000591aacdf0041e58e40ffd5cfd6ea762cd642327b54e13be769b,01000000e3c3914d64d16ba0c0fe768d22a1f0f26b0a4dd4efc9b9f7660b00000000000007168cdc96ae9fbb0d0ac0cd8f8b330e50fc18608d698827952f267995a98d8f44fd264f3fd40c1afdf19056
164574,0000000000000b79a36f3012ae4c804a4c435965988b84ae6f6a0730b509c45b,01000000483e86421f87752c7cc85959971ec8413bb2b13ce172c4d68005000000000000e71f6856da7f29f878e9aa2984169c1b3c468fda98ed1fa98ab5fa32d0ea0e728bbf264f3fd40c1afdce5edc
164414,00000000000009d50afb1f523e5e93bc172f79a1ff8594b4430b7cde4d1bc861,01000000e954d7f0778372f1bee593833c4575a7c1335caaa9488d8900050000000000001ee334a1229c2446b7dd5922d7fa794246972ab4f3d5607eed9b3c56be9534d25078254f3fd40c1a03922a21
164270,000000000000048dec3e4a1f8f8ab8f22c6fd0fd1f5ca36898961b06b70eae0b,01000000653c4909ac50e1b0509723d84b9d089a9e20bf148de695b4ca07000000000000ccdda188105f8abea689034a5262df9809ef262114bef78af38dc058326b02fc5b52244f3fd40c1aa73d45c2
164267,00000000000004b314be32898e5abf5aa928da89c8802e051b91c200d253c870,01000000cb9f23f523842e59b431fa39f90ec09de2f98354dfecf938df010000000000005085ae322173ae2553e42e24a8cde3ccf4e6c7e939d5af6df926c799ed9e0a2c6b4b244f3fd40c1a3b2b3465
164147,00000000000001ed4ce670fcce22309805dcfa6b6166e036d5f201cfee026854,0100000059de783b8a89b1bb2c17cf66d1b1bbed7cdab2688096f527a6090000000000000f862c3fe03463df441d41cca8f881d24a7289c9d017aad090b6a3e5c279849dc73c234f3fd40c1afc39b88d
164115,000000000000016f30b37a407e1861a54bba3f6617da453f8144c61de90a242a,01000000b26c3125e960f3eb5ad1e2d6974aee726790f6bde3309e8ab806000000000000ad13adc229b45061e4784e988441a4e1c07e082567e760c7021b9ada9e8293fc84ff224f3fd40c1ae7595dfc
164098,00000000000006a411fe14cd5967d2155c8e787b6dcd1cff426be94229c4a4f2,01000000da24e69a6157af7dc8319118fdb881c9c56d6edfc9d44a4dfa0a0000000000007d793e3a7ac11c3f9233409d96eb0649f8deaf6632b4429af2955a8dfdc3e111cdd5224f3fd40c1afa7a5cce
164071,00000000000008b11727a2ffa8ebfcab9c843bb28518a5a5f01ac1a03393ec22,01000000108f6ba7fd0a05624b90001fcaf4278455c24d1ac13f3c4dea06000000000000f5248a564a97f1f149f8eadd94babf4c2b4a157b5881bb74482a76c989601983019c224f3fd40c1ac492ee06
164032,000000000000031b86a32d857b1cfa41cfe6e18ede8fc667739a48a33edd9bba,010000006fd65424796935134f390feb97084791e882c695c5b2581f6803000000000000c01b0ed154840fdfd6b38e571cf764be6b5dcfcdbde2bb3e368530f894d1f2cfae27224f3fd40c1a047e60d6
163959,0000000000000011e1affb4a3d1331ef7e2e6b1a348af8f0090dab43d24854e4,01000000ee5cc8a239137a483b43faa863f943ab81e57137a9b9e7ddb50c0000000000006bdb51faa37216ffd33ce927d433e614ef50d3512753f47e6052aa2b528f0fb7e486214f3fd40c1a5bd708d5
163932,000000000000079ebc21cca8725d097815813ecb97fcae97de98392d23815ec2,0100000022c4d191cb62a88a18774a5759754284b27911af5a4d2ecb970c000000000000af873a90e2062941b1e7f8b472f3aad3cef342f5d210a8cdd007cfc5f0398af3da42214f3fd40c1a9749060b
163903,00000000000006b3cd5f2a8ef56330beee43f8cc879b68b6350c17b6c4de1647,01000000397944e85cb32e2ade0de49a7b9cd974324b7cdc62e2c3471d0600000000000002a2d7c5d81973c3df066c394e52f16196fa9fc8cc0833cc1597459a28db317acffb204f3fd40c1ac042e9fd
163751,0000000000000bf5c0c08832575e202dae3655eb337dea63eff822b62730d815,0100000020e8db9ab153745f6523162d40a093fea031cac4229902c8b5010000000000001da911273fe83a5078fa7d01cfb3e542ea68d03ea4106a4ec0017ecb4eeaa2e2528c1f4f3fd40c1aaf3fff73
163724,0000000000000003e9e2c076744ce83e81721cccf69eda801eb1ec78a0c903e7,01000000d7325a3a23721049878d0cefe33c9353321714fdea45577de0090000000000004dfe9f7261e6138edcf596fde23867d0a57700a571373234ca27e116c868ec3133521f4f3fd40c1a044c900e
163693,000000000000071ff141db2d0d83f7c524bf997b2b74ca5ee13c251cd8b50fc0,01000000b1e47de6f2772f71727de49ed20b77ef95c9542ee30787d9df07000000000000bc5ecd09b960be464ca13af806087215762c8dbaa16029f03a57ba24d86983c99e0f1f4f3fd40c1abb272208
163620,0000000000000405ceb934ec090b40a5cbac7b67b245704158de9660f36cd2fb,010000008b1c2018d52ee900e61cb27eadf6c6ade4603ab6e9d9d64d600300000000000010a6c0427c3a9ba81061a8dfa5a5cc3d182d4d27ff7cf678b90455c0d126d7d063651e4f3fd40c1aac794024
163609,0000000000000018feea6b268d1d77e29828dfaf68a1b0b7e7f132543c2231f9,01000000288b4c3ae4ed65404540d325990729332750605966b4efaed703000000000000a822f6eedb327f4e3e6e57b31637a97fc8899ae53fc851e05a51e2c6e68ea8ca24431e4f3fd40c1aef102cd4
163493,00000000000008398ffbd629a90209bd26b4f85894f8821b8d894df3e345c5c0,01000000357eca379aed3897260f6071863e95fc9ba80af02335c9ef0a0c0000000000002cfd22750a08682ce994adb284b462092e3f1e9f6837203eb4cea50c28f921b5943e1d4f3fd40c1aca821317
163462,00000000000002c39239b7c3b107f4e9142f568bb9d237391c7744b53c2f8525,0100000063b79a349f8839d025da77dd044b72f281d2df3c4a7e9a75a4020000000000002bc230167d5ec9f25ef51dc1cb5154b30c5215323b6b3ca9bbfe6a85dcaf400388f71c4f3fd40c1a4b6b3e3c
163395,000000000000017378dab1ddb185c8c50ac267b218b3b361d304d38102d0c6e0,0100000002bdf5f2ee31cdadb0155a5dc04ff33a56747a19c56727d51f0100000000000055139640740884ec88550f7c2bdcdd12cf51ad5f7250d6876f452167051b79a3d47d1c4f3fd40c1a0d7b4d3c
163360,000000000000034afab2feda8a0e28d3d194e9fcdd17d531795d2084a943374b,01000000b13d46ab096a9e202443e54c9eb809b570369ecf280573b7e9030000000000000c2f5ffc5a7a8817a991948681395768141ccaa122cc01d4603168d5e85c1f3f811c1c4f3fd40c1a92e6434a
163330,0000000000000c35348aef4e0850ac7e419b8166c8662b4a8b17e0fb2805ea1f,0100000025bb599cc8cc3b5e392bf50e913a45f712723519ba7df403f80b0000000000009bb6e8a77f36c58c2bebd0baedfbabcbdd93fbca110e156bbdca7d647d95525f7fd51b4f3fd40c1a76c139ac
163327,0000000000000be9d014466ddabc2ba3f8b673b61ff7b1e510a5cb1d59ad5b23,01000000993e6208c0d6210270ef3d5e8c25eb8d6cd8a719ce3565414401000000000000b00a74091a139b53c97dd47c706c4944a799a44c889a7737c8f31a1796ed7c72c9d11b4f3fd40c1a12833315
163326,0000000000000391c5e7307684d2e95f8eab514c7837146e615c8a9898ca2d1e,010000001cd33c76295f654acad0868825ad9c0e84a62fee792f9928c50b000000000000ec3a94733a0cd4c479c603a1d46a19f98a0a5531ef2d697d576da381f6e69dc970cd1b4f3fd40c1a1b03cdbe
163226,000000000000004bea0f213d7a35de50c18a865088c48d1b48fb61c5c02ec4fa,010000002b9c653dc1c4d1dc80df09f6f7907c2829375919509f134dce06000000000000f4d9e6ad46d7ef391b0a4b90f4cc491040060d29043a9c8d5c8a198add5cbed17bdf1a4fd7690d1a3f5aedce
163216,000000000000062f33167abc16d934a560399b08ceac90184482e70ce838b138,01000000bc55ab4c95eba36190acfc776f81b023c37511d09f4e1c854d050000000000000dffab2d946b2d95690803aa83274260fc348a384ee4d09e9d3d0dbf60ecafa804ce1a4fd7690d1a1a75c123
163148,0000000000000b005bce6a3a9c356e2f3c31234a407d412359ab86c05d10b165,010000002128dbe2275d781687e0c781f7aea33f1885ae96a251271ca90b00000000000060a4108ed79978fa459c4833fff514d5d3b40a2fa5babef27f4067fbe461d98c8b541a4fd7690d1ac9c8153e
163132,00000000000007ab9bcafa5a5305208216755b3c36a267c3b66b0174d98faef9,01000000ddb82a0acc1e227e23a5beccfb7f349ea64b5a75b54d54b69a030000000000008ae35696cb00f325ead62b98e377bdb2bd26e4ca7506c171788d4b69a0b075bb60391a4fd7690d1ad008a6fc
163060,0000000000000b0d3300b680fe724150cc49071a71110f9b6eb94631a8d3445e,01000000efcd55dc93489709cef1308cac2fff324742dc3d4e07f2d02002000000000000eff84a3a5362bd055df79c8eab533e8c54c6d8fb46d2438c71b7b532dfced88b6aa5194fd7690d1a5261540f
162831,00000000000009a42ab9a6c0f245b30bae4d96052b95ee7be2288971fced6afc,01000000956a8330fb76dadc2ecdcce1d0860eaee695aa8c0c05d8dc8700000000000000cdd3c1d42c629a62a336a02d25b442a613c92e477bc26674ee7bf13aec6b1d8b748a174fd7690d1a85d5f7f4
162804,00000000000006a257c72524a70d6aeb56c0f1c7216f04dc3f237c41ff96dea0,01000000d7b2891957331eec2143e9ca09bb67c38f7863bf384ec66a09080000000000004787df366e12451a2f285bf42cef3b374e8ed7a2c4585c6dab33d4429bb022aebe2b174fd7690d1af2b29e97
162752,00000000000001e7683bd230c9748890fa9149ba31cddfcdb1685787908fd5f5,01000000c3f6be5894f9b64037ac8571a78996713f0bab5bec0b9a05490800000000000032d9851db3f927cc775bd871cf491eaaae86a04e8aa568a56dde99ba7f7ee8e775ab164fd7690d1a95994c31
162580,0000000000000b285fa4f12b7617bed8cfb8cca03e2d5ee28b2f83f5b3a3cda5,0100000021ec054edaa1baecad886ee9e81b9dfb9583827105cba98bd500000000000000e5e4d397b1e505f8d594304fec56ddc459c664418b1a964b0b7ee2bb15d21d63ce1b154fd7690d1a7db4a497
162324,0000000000000aefe3441e03f11ba7d4057e8767d9255187eb8c7bf493aae906,01000000c9efb78961fd5e982d51c5be3779b5f8cb8785d5ad89f00e1e08000000000000e00e049247c2eddde162445036304140f0d940b05d2cb908958040a1503eda66a805134fd7690d1af3a7ddae
162257,00000000000000f1234497df40d233cb3503c2c94575a5e9e5608e9482fffeff,010000007bb5b414aaf3961bb9c5ea7f1a8d883c045ce41ad9c630f07b0000000000000022ac753641f0b716b19a63ac587872723e4868875fa7c89c393676b017ec4e796465124fd7690d1a877e08fc
162189,0000000000000a5ba0a0fde42ce75259a69c920968acd2514db63325e3bd8760,01000000121edbf886906e84af3b8b2b1015ba4381f32041700075165207000000000000293f8677190db77fd02c0538f83fc1ad2605e510b5816cd7e06b1373920cde0aa5d2114fd7690d1a93461078
162184,0000000000000459d7cde47677c0ee6e6ced9770b38b45cdb47261f331cdea01,0100000097abef06be005f80901d3414551f366c1c124d9a9a16af482406000000000000e0aacd69f7c4eef1a4b613af4cb5e056f28d21dba50900f27693a4ea16244747ffc3114fd7690d1aa1d8679d
162129,0000000000000773805745d21430d9df739e217d02244c7abcf801e7b076961d,01000000b48838b985f2664e090bbdf3e11a92632abac7470616af981d040000000000001761fd97411346a0df06950a5b98845f57012248057d670d222c0ac421315566744a114fd7690d1a401013fb
162012,000000000000026807a77b351e969c4c9ff1b95158c013214e05c3ac09ed623c,010000001ae193a3fc97a01de82885bf7f78f22851a965875172b4703707000000000000c8c6c8a64e557f53ea6505235f7cdead7af913a281035cbdc0d022c37286dfcbc14b104fd7690d1a451f77d5
161924,000000000000016e828da3cb6c451d204bb4f2215eb0e37e03e82e9bee68d992,010000000ca08ebb5f5df47e016fa9d0a890e4635ccbf378f919f2282e010000000000007a9927ca61022e964727a58fa6e16e3bf2a5a4f73c992361c7917dbc5d47f8098a6f0f4fd7690d1a6bef491e
161910,00000000000003c870ba69dcc86caf6387aa802e9ba0862d26a82b7bc503d210,0100000071dbdf2a6ff55e46d54b9e6894ab55d8050d12c526d025d9720a00000000000077bfa67a8bbc10905e9b5d16f4a256c6ce32586b5c23f3029382f1cb354d4f25763f0f4fd7690d1a06cf8c0e
161880,0000000000000223a6c6e074e399b2250bfd4a661281817af127268d88148d99,01000000d800cefafc89264860b3fde641fe015bae0422f34917c47b740400000000000022b404deb389d9d38ed164f1b144b57ce0a9631726da1b4cc92393cbfe5db66057f00e4fd7690d1a66f5800a
161771,000000000000021cd4ac470a5c1259d3eb9fe4be6e369582ecb558526554032d,010000000bf4961036e79c36aaa644689dc301a431614a536a3ddeff2b00000000000000e2ea643edffee9306dbe4ef17aed028212c6ace3055bc4faf724506dda23cd4a82210e4fd7690d1aee27d637
161761,000000000000060f6e4816a68a5654dfa9e6ed37b214853dea9fbf0b55eaf649,0100000046a20bbc9abfd88bc0c3803565706d91a2b08c1c0b14d4b8c409000000000000a96e4c80539e297bbf7bc3472daa135f73f69ebc94e9360e10bf97f2ec603c73b6100e4fd7690d1a7c4358b5
161673,000000000000031576ac64e6c3f16bbfc244675069e4ba0b80abc2867b394914,01000000eaaf85114c4ff397e1c7e9aca2c6cf1ec5e77deb51ca266fda01000000000000024af270ba0c32eee4ff3a5d0f3f116926828eb1906a412aa1673a2ecc4d2f090c580d4fd7690d1a115e6391
161669,000000000000070d5dec4dbb9984254ba851ac942e75b86fe9cd63305572c1e1,0100000066da0bea565426a737fa2f8afb65daa8df2d855b5930d5c9090500000000000020dd83ad1edeb77beb86ab7240dfa9404a6c8f083a1631cfeb3e7249c8d155fe5c4c0d4fd7690d1a237c3142
161617,0000000000000930e44847b14284c7a47ad981c09ac4746398aec3c9cd557fc4,01000000957a7845f087e0e2a36e527d795ef505d153b3a4698766456105000000000000581afd4a977b516cb5a3dabb8767fed050ace64cb607cd8e2d7beff01fd9e86d48d20c4fd7690d1a1093c979
161571,00000000000008486c9e6dd58671deeb16eefd1eeaabd6d8584899ad95ab3f21,010000008838955f0af13145c2a787255b0a70d311dd461c6b6ac628670b000000000000b3f2f9c7729f1620bb5310a30f56e819126aa9d80cc01dd2501a490b01ad173c12630c4fd7690d1a72b48fee
161324,000000000000068ea2e4d6942ac939ee9a2434194107afaaef752125bd036cab,01000000579fd2dacda38b42c0dd10c21728fe3e05e5b31dee5819fb340900000000000085b7333308617f39747b09fa65d75ce8833a64a85cf1ec93b20b183e7cc4b7e794430a4fd7690d1ad54f8b70
161233,0000000000000dda7817e375839269b1cd72a31ec92cbd32d088ed41ded4baa5,01000000e08ad11f4e54567b797293b7f0ee9d376ce594269364e7c044080000000000003a21124af4a0fea00ade6afed6673dd97ce295d605dc6286ad885989e3e4c005d889094fba760e1a7fd2feba
160975,00000000000003484662b8e13f0ce845926041524ac927d225672d823164a926,0100000098aff9da11c34b2dbf04d2b4b8261d4d41f58ef4604ac62a45070000000000006430f38a30c1eeb58f3ad54524a706b9052fadc7511642f412c07f677a0936e69a98074fba760e1a870be524
160948,00000000000008cfe36dd6a59385e5f85540025cf5b386cbc73b32f63daa1b77,010000001a06eb09dea25840d49e2fa7b5ea7082961edd8b93fd0b0bdb0200000000000033bfda14acefac57eb26d094dd69e9e46e9f6436bec3602b9d2e28428a12845a3a67074fba760e1ace8da145
160732,00000000000007faea25ea707fe00e2902d3d2d712ef2a8099e8da0574812dd0,010000005a3657c13cf37d49e6ccafad7de51f3654d0db63ca26122667060000000000002ef9a80f2ce85002bdebcb51ca504385f7626034676184b171f0d70127c25d86b1b1054fba760e1a090744a1
160696,000000000000046143716f267137c3378d69f16848babe998da18bfb9e63e589,010000002f84d43459b69e5c557aed3891927d66bb5d5f81aa09464c69070000000000000f3986bf39d9af6996f334e69795591f3be2377965a37d1a31c9503af6b520bd7560054fba760e1a16ed495d
160574,00000000000002c2d6713cccbf3b66b9c22f82861fbe953b6bfbd0bb96d0764c,01000000ecb9e673662737cd3db9d2add04e18caf7725cdb75520a914f07000000000000819c5ea4037b52457a03e44234080ffdb1352e72ebb3d678aa32847b0e42e021b133044fba760e1a95c58053
160453,000000000000038c5bd2159fdb8ca902e9981f4f976c3ba508b445826df31c64,010000009207d3fa6cecb2f73b97bd4070d0bd74f9c08b191bda28827f05000000000000afde6c37d1578d534ef177d20324c705a4cbc711bfc88e8fba5a519832cdbaf07732034fba760e1a0d842229
160409,0000000000000cdbaebc351f6f236507ad83c954ae4c86dcb427cdd087fa652b,01000000d6be1091856110c99679f6514d733a510572c3a8dff7eeb5900a000000000000dc06093ed14573007eca27f348e1688aedcdb1e70ee98f24c674a1a2418ab3f397d9024fba760e1a30216f27
160374,00000000000003aabedaeb30a94a3c2a4ba9a1437e9f170adc578114593108f9,0100000097c6975e30f107d5c47ca063d3d0768784cbd90e49b3514ab60800000000000048f4587d18ffa4a4643f1b3814ade8971a85b269951c23d166e3fbbdaeff0046358d024fba760e1a121ac99f
160330,000000000000048f8a5d0008cb675f800afc4ff024646956789d00ab86b08f93,01000000f80619aa654c62bb123898282e6110b666beb05a1f89e6d9e9060000000000006c2684f885e59e7d202e00cfeadc5263dc508f8bcc20f27c607e99a51216cbebbb26024fba760e1a8afa5c10
160027,0000000000000c638986ffd023f52be179b2a4b31903ee4b06ae20af228110c7,010000000bea1596477217844311822498afd6ceb480543728b83c5046000000000000007963cd2eb6ef5039cc02d239cab76cd9de452fe1b8412466d79f9e58a0a5c2ea5d89ff4eba760e1a19caa282
159989,00000000000008195979dbe0a81411545f774a9440da8969303c36b279812331,01000000604f9861215f639038ad6f2004dd11143d7e844296e03185d20900000000000092117781ba2ad2a5dcfe1044fd149e3bfc8b2d4215180d92af80432c660f4902d548ff4eba760e1a1ca4ee8c
159741,00000000000009c74ac94954cbbff14c696e32ccf6b1e30d504379c7a5b6b5ba,01000000df31d0c0ed611aa6c50128a257c354b6c70fa5500d740a17ac01000000000000ecc3ed6d904090c218ddd4d63053f6be82100661df317575accef9802daf85b6fcfafc4eba760e1a93d0e6cb
159727,000000000000045839d0f16f1e69acefcc7373aa4dac9a31813dd2a0c46e9825,0100000088c4d71af45ac86a9d699fe6fafb487c41ba5c03626a0b9a2f02000000000000fdfbf47d84fd8f4759b19655a368267d87f35cb86cdf4daa82867535fccf5ef300d3fc4eba760e1a00bd297d
159651,0000000000000057888abb81de9d620c0e95f1c4512cf00ac6161f2f2de60a50,010000006a1917901d690b2e57a66ccf991fcbc4a146144ee1f23405ba03000000000000b9a0919f72089d47ac035910d79d0b635a1e1bc8ac9f31cd3bd96f543532d72d5704fc4eba760e1a4c1ef37b
159400,0000000000000b45cd2e310be8dae43d751b60cc4782fee8c3993b162fcad1d6,010000003b83b169e300d9a9a6e15795aaaf8fae3ee965e49d332e43ca00000000000000ded2f5279e887f14a2f7d67bdc5c16c4af9a0100cba5a95440eb99685bb02fa7a1cdf94eba760e1a4013b6e8
159393,0000000000000b35c2c7e698f6666ccc71f865429446bf15520bafcd7fa2f706,01000000590a841f069d39eda85e75469304250f0ee409aa93b3fe3c030500000000000028c495669a9032576b70e5bdacb0adb2277a9db879bbf576f6d67c8f33fea092d9bcf94eba760e1ab39a59d3
157929,00000000000009becfdde8b8ca3d6f39c123c34b63c6d73f87a506cfa7afd8a5,010000004220f65fe9b36022750e5985919b8e73d8afbd7d81f2dc1f6a000000000000009e7a5e7f6f83fb9778a99049881abffac0683f77d643c40aeb80eb41eb78b7ae5a1aed4e68860e1aecf91f2c
157771,00000000000003b284040b7e40b573ef91695efe35cdbcc595eab9fabbac5242,010000007979d983ad7c72a78b3bd96de4e4cd64bf3bb8b7dd2ff5c4c606000000000000a1341cc92f0559b658a6f864c4e1e0f46b566034900db2522ea6e9a9cb739865f79eeb4e68860e1a9e997966
157679,0000000000000bcf81cea859bcfd6c35346d1ed123216a660d97e8349b5e2a0e,01000000c27f13d0b40ebdc3d42913fa443f7acf8246b5c155c9357eb70d0000000000005ddf2f326f28c659611716eb6f8a7adc9be30cbe029a42b7730125c9541f947fda9aea4e68860e1ae483a9d7
157644,000000000000015443e903b801bc9230f41d1d06c8b94019dbbe2decfa877f08,01000000e23bd138a6b9c338772ab39a1b23c2927803355715c46f295309000000000000190a5673840a515729e969f9ed93655f51861afe3e6a8b3b9b0a9545b235d0469e45ea4e68860e1a4963520d
157548,00000000000003f8fa19634ab9b6ffcfe2181ae7756d5b43b8287edbf89d2355,01000000a22e3c8ff36aad9b1902b7e1bbf538cdf5475bc8b69c591a09030000000000008c8ef89211fb52edae848ce4319d6bdf104d78a873503d75e2f5639539440c1ecb2ae94e68860e1a63678881
157357,000000000000044add94215000973793ceddbfff7389833f331565ffdb41657e,0100000052bd2d6d2886a8c1b09bda332aae774e8d51958e6bb2dae6fe0d000000000000cfe7cafd91fdb58fb269231e4b658c3cea28ed8cff6c7c77ad79f650d7cbe468cf75e74e68860e1afa62a00a
156940,0000000000000019e170446ae11e08d39f09666350bef756da94ec3e001692a0,01000000723779bcc55b3810fd7149381889427e0362ef456025e82d950e00000000000026550b84262dbddf300e1c420882ecc346c0b484c1d34fbcbd36b26c2a6645e5ce66e34eb1610f1a70c621d5
156818,00000000000009ed9210b52da2fb830c0792ae53540085953e5f83ea5226108e,01000000049d6c186f46f706003d5e205c496ca33143e6c2536cbdf06805000000000000a8ff4695708fc12008d2d30e417bc8f8838a55f2097a40ab45ba06593462b20f0668e24eb1610f1a8177767b
156639,000000000000013cf4f2a2f77a3d9ec9ce4bb9b9a1f3efc08f4d31548a161409,01000000fdf17f76c35443d8a28b80e8e8c63612f473abb4a49600d41907000000000000fcb300ad96ff606d144020c5e244fb36ce6674c5bfa3741bef81e16825e10fc5bde9e04eb1610f1a6d66f3ae
156548,0000000000000ce0a7ab9630369206973b8fc0ca68eb20407fe2c45b6a4ad9d3,010000009d32a1872684e22ca58e0f92cfe15f2a2aa5e0d42148bae578040000000000000d30a6031d1e16887cc89bc9df112682cda750e97ade8896d7826fa421fe4e24d227e04eb1610f1a6dc596e3
156509,0000000000000b070e2a022cf21ba4ff777a349629d6cd32d4d6a65b04f9eab4,010000005816926a250b137f7bde907345a54f8f61e06ff6f433e3161b0c000000000000077b809cfb98efb9906ffc77decd39273fdff29249f7562d1740e13b1c55a0e486c3df4eb1610f1a0786735c
156432,0000000000000e6e85b08d8cb141cf89076a48e236847443cac442a92496b31f,010000001091b23de4e564839255ceeacb262c63c5c221e947bf8cf04903000000000000f79150bbf4f046cffa507278e6475baa64a19a95c0e7dc30f8219e3deb488845e808df4eb1610f1a213e59ef
156287,00000000000004d122586c9d914b6de8528bdd31c17dcdd11b7e44f4543fd09a,010000002d598d8fdd19a67f006f71cf5ad683520459b38439014591670d0000000000000935a4ab20daed80087f7f6ccd5bf955aaa56a5a3681649fff63b61463a9c7cf9ec5dd4eb1610f1ae40b2412
156186,0000000000000e534aaa42e53f5f47aceb8a01d4cddf50c5aaeecacaaa0260a5,010000003ca4e1df17a13d40f9d37bb58a3d1b2eb0554adb89662eaad10c00000000000095cea5341dc90a3967fa11d527ad63d7df237ca917ccc2a9c6be7b6db51673334cf7dc4eb1610f1afe74b462
155677,0000000000000cdf4862d0b02083b7d2d3718295fb17b994270a5c32577a6e7d,010000001684f9e05b8bc3c7e1bf3961e0c922bc409eb31b9949e01fb801000000000000942237b448df2311ca798fd5526d5100c09a1edfd6280548195111df0cfc594cc269d84eb1610f1a186c9a7c
155569,000000000000043b6274817dc43dace8fd5e13f35c2c437668c883ab6ec448a3,01000000b3952dd27c2eebeaac6ae6452966fc71205b58f1b450d632b508000000000000f2121e13a295bcb24837204ec15d7e5349885766b69d8c11a85dde567e3c02e1be9ed74eb1610f1a030822f4
155415,0000000000000eaf2b20207992644076d134d4d9ba88be0227b879c7bcd3ef4c,01000000c092ee84dce77f114c873a442349211b6aff142abc01caa88c00000000000000f8b3de6846ea698ea06e7613b92b3bdb266a8bf63ffdcb069cc1fe7961a213a7f480d64eb1610f1ab539f325
155361,0000000000000d8e7fbc786b66c27ea120e39baa254b32842efa74ca93688cc5,010000004312a87618b473e0654d84fe47b22d0f72cd3e2f1dabb7c9b1030000000000007d2f99041ab4a20bfbe15e708460cf2f648363b497ca91a5e496dfdaaee3bd384117d64eb1610f1a8c728ea5
155243,00000000000002a50afc4d3212fde0470f7d7d0b4d4f0433a7ad1e41cd92ccb4,01000000c75aa880e4c76277b328a351e37077cc5aeb98224ea34cc1540f0000000000001945f248c7e33bd281595c33b9b2837f38fd233d2618097784d83f4604da88852600d54eb1610f1a58bcbf4d
155181,0000000000000a0101e3939b59d526806e0545ee95e7b947b8233ed42bb1b5e7,01000000b7206e118a8f33910ac281a57f7d0deb234be7cfe9f0f648a80d0000000000004ef56ab98f9aabaa381960242e408d1bdd75cc6aee049ded0f3e81b02122a7d8215cd44e9a110e1ac8cae712
155180,0000000000000da848f6f0e9cfe74b23eb0d7d7fa581c20a91338f8a116e20b7,010000000d2895c63ff0afe0d10902a2ac19743352a8250719f4df9fd20d00000000000029d3712c431b1b4f2bebefa3367502f817f62815faff6932f8a6db9ae046703ac155d44e9a110e1a9ca556b6
154993,000000000000027929ec38163c86e51c4af22c9e5e4f34f68f461dc41ec1947d,010000005453322d084eb346caf591982e21ac702c86b205ec45a12a64010000000000000906e3c80df69d82f9494ecb8fb9a9c45914a82829ae6dcf934dd7e6fbf22508057ad24e9a110e1a514dc009
154920,00000000000007fa2a841c44ec2c123a3fdd3218846028c14b6c746f4d86d811,01000000f16165bdfdaebe3a9edcf359a2e7943d3f0728fb0b18937cd600000000000000bea3dce57ef5ac0ed6a7cfc3419a9d18c1f47950f4ec8b79454f1357292e26082c92d14e9a110e1acf28a1b6
154697,0000000000000be68760ee1e983722570f9fb5828432f7f0de928fcf509a8dce,01000000069e5ba0765856f0b7961a61b5f01f7c7df7c41b46be871f7704000000000000e56f1fa74afaab43ee7b7b4f4641ef9d4c9357f0067fff77ebe93959d2929ae3b440cf4e9a110e1a02eecfe9
154602,0000000000000a17145926ee084587481899783a23a9f2ca0de8d3c53f2d0ef1,010000003d16b043ab01add2b533de741d26e042be03f5f920f104aae50700000000000042deef0b78c63edd8a764448ff1f92c09c86538c7e39c5886659c0e9c65e49849641ce4e9a110e1a105e98ef
154500,0000000000000c59a95abe73ed16ed7855f5638b17e177c88f781c7b7b77b579,01000000d841682b1d300f31c45402ca706cb25fecc5553116e1ebface080000000000006eaf04c9c059f4c359d88194baba3f21f64e328af090a7ee4e1f9d9e1aff2762920bcd4e9a110e1acd4ecb0b
154498,00000000000001dae0b5ab29b1f7132b7304e4e63e66ededbfbcb27f6bed6310,01000000b23a4462a679e9d2a1c8f50ce734f3d55734b03c115de359e50c0000000000001412b0147c079da8c2f3a7ea327ae28962085978c79d8f780dc4ff7f34ed2e0f6407cd4e9a110e1afc3ae4ac
154146,00000000000002d2a996b791b235f27d653d4996ec40e7e08e106dd30bda6ce8,010000000d40f361550fc133d0c6f209631fa3a04780eee50c0a16bb7207000000000000254a96eced31962d4d64399d31dcb3ddcb8879480b7b02998d677cde0e2bcbc86f8dc94e9a110e1ac519b044
153988,0000000000000a62ac7226da9398a2ee7ba43d04ce640d4c0ae0abe45008ba07,0100000038bca7344687d3f396d442b56f22b349c08887cf841bbd536804000000000000676cf106f18e241150f1e642e3bdda55b818b59893894e2362cd1375ea65505f1200c84e9a110e1a28232da4
153913,00000000000003dccc904c9adee917a4788d37154bfb8cb797d2a04ca7976465,01000000e2be48467bc3b42402c5c335bb6b78e526d8067e366693b5d80b0000000000007a28148aae3ba77c546727b809ce20d97415ea267273ca658035dd6581fdd0b95e39c74e9a110e1a07dcddb2
153715,000000000000003b1aa4d6d6171b6a6973471139a7cfaa6897b7501104c089c0,0100000014f749e60c799a5da1a2f59712e15f675a0d9522b47286477c00000000000000a0906d71af01e061801fa966983b53c5dd5b195deca59d36dd554949716595a0ce3bc54e9a110e1ac127ba21
153710,0000000000000655868ae14c1a53860addde0aa4478fa273924265d85eb16677,01000000ec73c24c82f904297127dd295ecda21ab08e7b4602f6e7afd303000000000000a7963fcf2ac3cdc7276d4d20d76d3978edf8ebb79cce86d57a66f70f01413cc7da33c54e9a110e1a4006cfb2
153548,00000000000006bbed5da8d2cf9a98c75fb856d379b65c1b5b2f3c49fb6d2403,0100000032f5e93f4594082f4267729bf08757d6cfa7e140ce694a099a0600000000000078644472cb373103d1f654ea28b7be730a14238190c24d0a026fb59f6a9857c7aaaec34e9a110e1a357a5330
153376,0000000000000842237d58f04ff445ba09da4c84ddbeb5f9df50bd5f8b4d2644,01000000d5fcf963b86789f9489dce85438558b0e74aaff80232e21e910c0000000000002abba1493a5570ffd208c51d1a429c4b0941415d4d58649f6c89e3573578a7ead92fc24e9a110e1ad4a0b8f5
153257,0000000000000cd67c40d268cb3ee4fcb0e898ac92c825ae61b74a4a7f743260,010000004b364e98bd064733c9b065382f770df20b3b6740c690c27e4b030000000000005996eaa5c497edcda050f5bfce2d8f9b877c677666f2ff6e29e6018f97a254112e36c14e9a110e1add6a0a1f
153211,0000000000000d331fe03597a9cd3a841359affafc6c602466540cc466e315cc,010000003f8aeadf6608716464d919d25f0b9f69afe0435a18806715330d0000000000008de8bc6349c190e9d245a265df36e3959f12effc4549706ac75890563204dcbef930d34ecaf00d1a0c719e3b
153211,0000000000000aff6b9ec0a722984d5a3976f82f5a4cf3f1f6d568feaba02b03,010000003f8aeadf6608716464d919d25f0b9f69afe0435a18806715330d000000000000aab5f44ca41305996073cd4900e67f712135be480582c53345a9ea76136fb7dd2a96ce4ecaf00d1a01871737
153211,0000000000000a5390f91542baf381da8595c188f4115c4db11d4114ee7cfd7a,010000003f8aeadf6608716464d919d25f0b9f69afe0435a18806715330d000000000000da947aaadb5483b2b8bbc4e0670d32c33fb6358c09152c320f355b7c6297c730db34d24ecaf00d1a3321b6ec
153211,000000000000089430a8d8ef5f580ca85437eb300ee46e9c51281ce8cc6250e7,010000003f8aeadf6608716464d919d25f0b9f69afe0435a18806715330d000000000000e70390f97f1e810a039d55c0936c7edaaa778b7cb1172688d4ff55f4b0e5ae579357d94ecaf00d1a003dcf49
153211,0000000000000801d4e86527c61b946823234262c637eaabcdf8a9d383c6a4b6,010000003f8aeadf6608716464d919d25f0b9f69afe0435a18806715330d0000000000000f5dd47811736085c297bdd0075139cc49a4bf2de56346c518e0288212b32e5b47f1c74ecaf00d1a06877c83
153211,000000000000077eee96b46b9b4438931e267765d2778714a36a6abe5e27d594,010000003f8aeadf6608716464d919d25f0b9f69afe0435a18806715330d000000000000f0508788ca9ce46e37fc6849b6242906ef5e870dcb09e7529bc0912ba9e06af70bf5cd4ecaf00d1a00cfe10e
153211,00000000000006e15476ca3481051acdba585b798b71873495078dd76bd3a811,010000003f8aeadf6608716464d919d25f0b9f69afe0435a18806715330d000000000000ca2ddd6963a38d16edbd58534e1df7ffafe185b66f8a25c2b3181cf6b850e518969edc4ecaf00d1a0ce5c7a2
153211,0000000000000681551e642ecc0344ff5cf8a8f553da7849879008dc39a0b412,010000003f8aeadf6608716464d919d25f0b9f69afe0435a18806715330d000000000000c6532a1d3dcb5e16cfed5503c827f067acebdf3a116071e3a4c8f7db4770f69dc601d74ecaf00d1a1f319cbd
153211,0000000000000578c83a60c91f7836483a21c818570ae5d7c84a6d4b84751039,010000003f8aeadf6608716464d919d25f0b9f69afe0435a18806715330d00000000000048aea6fcbb56ad6eeaca5faa743386329d6b4f7a68c15f5b118c2824663b43dab729d24ecaf00d1a04165b9e
153211,0000000000000364ff584a81aff5f3383413c9737c077d0e931ece2efba42b9a,010000003f8aeadf6608716464d919d25f0b9f69afe0435a18806715330d00000000000056c8f555305697b393b543ac8147291af147d78e2fe80269bf843be7ef2516ba7cccdd4ecaf00d1a049b7d56
153211,0000000000000318413875fda21f6f2546b23c5d7774593460a43164ac4bb496,010000003f8aeadf6608716464d919d25f0b9f69afe0435a18806715330d000000000000702f901a47335ed22726feced6b705645237886c131b814fe35a67c97eeebd5d6b16d04ecaf00d1a041ac2ae
153211,000000000000021d02b51e77ff53cea9d3ec3ca249d85809ffcaaefc8b953f63,010000003f8aeadf6608716464d919d25f0b9f69afe0435a18806715330d000000000000f397dc32be3fcab874d7f9520b526edec15645a5aaf50dc2f173bbd3ab6c2559b63dc24ecaf00d1a1ac7c99c
153211,0000000000000158080186e96d9061b20e650f62d0c3c5156110c06ef6699538,010000003f8aeadf6608716464d919d25f0b9f69afe0435a18806715330d0000000000000a0626c059f257c1c53a922afdc31556122f3ecb352d01da58939f5d156241f81909c54ecaf00d1a003d064f
153211,00000000000000f3ec5c1ea18cd3baf62e738cd7b8b71955d0cc8d83192861dc,010000003f8aeadf6608716464d919d25f0b9f69afe0435a18806715330d0000000000006daec842f39eccaa492b5dfe576666134fa46e7582c01f3c43879aee6058a3ff7ba8db4ecaf00d1a032e8700
153211,00000000000000b839c3ce4039c0f29753b24069fb06c0aa8e0bcd1356b7f167,010000003f8aeadf6608716464d919d25f0b9f69afe0435a18806715330d00000000000026f1ed2a67c13f30b29ab96e54abbf65d61b30fc79d3a776c62ed1d01e2a0c918f51dd4ecaf00d1a07355b7c
153211,00000000000000325e60dbf484c7796416ff0ca7b31b208607bb40e8a090ff7e,010000003f8aeadf6608716464d919d25f0b9f69afe0435a18806715330d00000000000099912059dc7b4083f5e48a62c08a74bdef5cab5064b35ef5a6f1fb3d6797e2aa1576ce4ecaf00d1a01a63b3b
153211,0000000000000022e96ad66d9de209f1971c0c1cab004fbd8f9d1162b9ac7125,010000003f8aeadf6608716464d919d25f0b9f69afe0435a18806715330d000000000000ba0afdef5a18e817b828df1f12c900bf1b5657ca88a0e8eff18bbb0e84bed0af1434d24ecaf00d1a1a026f4f
153211,000000000000001a96111ffa1f7b03e03309a390d520c76e4bd8b0adf3dfdd34,010000003f8aeadf6608716464d919d25f0b9f69afe0435a18806715330d00000000000076b282098fff0e817bfa0788969ab62c655922f4e0c04f255baf0f1b931b06bf859ec34ecaf00d1a00a5253b
152759,00000000000007fa523124e3d7cb0cae532bf7452ec7bbc45b21f7608b449dcb,010000002cbd5dbbee03d07d41e06f7e595c6a06fe43fcd72be680e38b03000000000000d06d96c33a998f8899f6384595e489723e69340a6485ae7a385d934e5c6ac92cf657bc4ecaf00d1aaceaba2e
152268,0000000000000030928b13e02c094e5e82f79ce5d9236e2141d2db26e5f7eead,0100000025a666c71def573144c405cf20088d04c953be40f5b1f2a87305000000000000588dc1e6817c54902fd37ad7affe16b16aaefb4046773aafe153571c2b7f2ebe7606b84ecaf00d1a64f013b0
152012,0000000000000766a5054b5205b5820ab32c0a8798c0d334b7bee58b340ff57a,01000000d5660216291ba2f5a14a79f3ffdffba47ff1bf2b53886ad8b20d000000000000df0fc72b31bcdd539c061e079805118e6044cc8939bb0e5aaf6bb770f626b82daa88b54ecaf00d1ae1891bf6
151888,00000000000001f0d7cfd94cb36c135c3e27df88cc525bb440e933181eec7270,01000000cf9aeaac1b32d45bc0cb0232d4d3e49b50f982030b6e7842c60200000000000004dd435072d4e09ca1033ee58b8ef856dcfcc1773ea58917124cb91c074654b07f78b44ecaf00d1a159f0019
151810,00000000000006a2503087afae1cc3c736a75073b724419f83fa17c529bdf01d,0100000042b3447363f54338a15e643c9d3721a22a61da66bf057ccb3309000000000000c11261e72183653577cf6d8a90483bf6ae76078726b8d685452800b05782aefedbceb34ecaf00d1ad154332c
151805,0000000000000c624fd4b0ad690f0a628e3ace0c210a2116e036d29c6774a08d,01000000c8bb76951d27bfbdb27e597226bcc46b7dd096b8682596fc4e0100000000000002c78c1c55bd7161983fa8fcccf64cd5a94a865381051e372d31132a6b370e2ec0c1b34ecaf00d1a48e971be
151002,0000000000000a6bac17f421028e27cc1fa5ba3b983198c2f1ebb6ff102ff6fc,010000004ceee52df0fa361c6d3b248ba907e21b9c0d38883383b3ea820200000000000050c3f322259d7089c7f346637cf92a1216a5b7ddfc28e16d6b49b1fa51eed114439bab4e4b6d0b1a95388f86
150881,0000000000000b5dddb9173003b3e3674abc37bf9db2b825c81b7e85b245a497,01000000998197a8724a5939985c3759485d6919cfd6be7ef8c6de1bb90200000000000057e55b4e8b23c46ff135bfe06819e261287444787b0d9c4f3f38187f7065490f764eaa4e4b6d0b1ab12ac7f9
150875,00000000000001aff29ba9d540a69e508d8818d661e61aecab712a2751940c4d,0100000027633fc59215326dda84794dcd454854156da36fd372e5299e01000000000000beddb0084ca52d98a0b30508119b7d1cc300fdf8ebbede11f4de2be7dbeb3c7f4533aa4e4b6d0b1a0d76786c
150351,000000000000029e4e5ea17bfc7cfc0018e1379580a662f1ba6c08275604aaca,010000003f113587f739123ce9c994276975282f098624a2bc49e45eb7070000000000001ce96f28d30e3df03ee56d44d5fdadd92adfead0df197238ba3065b0b006ea44de4ba44e4b6d0b1a19f248eb
149777,000000000000060190e8a8dfe70adb9ea817498a8d0c5b892c920b2ffe6e8b79,010000003a0a1301f2277406aff63d3fc1232d616a7cbfb600e33a5e1c06000000000000b8621013fad944a4ec45cb32b08c22c8eaa2490bf697854d57732cf118c7ca6273b39d4e4b6d0b1add4dba81
149589,0000000000000540c611e8062b4a59c5b844ac40c5dd00a061178f6e263b0cc5,0100000084b9317db80cf171a64fd71133fabfe2485c4d536db484c98d030000000000009d3b23904acc7182dc4f2f5c5440afc860fb90db718b65a926d3cf0704632a411e9e9b4e4b6d0b1ab3615160
149410,0000000000000a2bceba56cb30ff8b0860fbdd1512b4c318d8acc15d6cb5ba76,01000000f7c667cd14fd01cfd259ffa6323e665e150fa7f4019581dbf50a000000000000156a3c634398ae3962feab3e21c0755368b8cd7d869807f3e238a2a74d37fecf0ead994e4b6d0b1aba835c3b
149334,0000000000000833807813b35b22e665cae266b2e62baebabd8ac8f2c4d0a6c0,0100000081d47ff6c22f7f27f04a53c807a1486af730e8122f92add50f01000000000000b4f7f544abafc57e0e7f92ee5b2a6176f119798a8aef38e45e93155e2e040e6ad5f1984e4b6d0b1ae436a1a7
149333,000000000000010fd5ad922f12e830f76a48a107c8534af0277f2fc2f67fd481,010000001223ab676666069459b5444e93d039e632af4a739b1d470d0d04000000000000c9a713540b5d4a632870010b2c0897249645af93757c29c578ceace5f6eaf4a79cef984e4b6d0b1a3e4bc33d
148689,00000000000005b2417c35f1b4fc195f33c5f06c1f2288aaaef5c9ffbd6c3516,010000004c635c8368041ac9e07326e4dd8a0c0104aad87a1f970e491f07000000000000cef691f1079baca096e2b2a491fdaa847114952ea6bb2d722042182cd48ae23225a8914e5dee091a50f5b6bf
148642,00000000000005e929b6ae20ebaf2285f8f10658c4f14292883c6be418e6f881,010000004afb9d541aadc6e19633c2f59786f9c4bc8305d2ac3215178e09000000000000dd8aaf8aa340bd9d5e16fcdb4ffae76cdb43284516c57fe543c3e829be280893853f914e5dee091a45c6ac14
148334,00000000000001df2ba97a1537c5a5ed26ce070be48501c6944fc7414d8de194,010000007309d6c3c00833272833d4915b755c6174c53639ca2d7ffd7f07000000000000ddd402c86f60132e686fa3b7f25fac283ca1e7a535c0c40179d1751698483849bff78d4e5dee091a10d96af7
148284,00000000000007b09dea8f720f01edf4254239367dd16424c7edf34809afa785,010000000b084629d96e8640e59029c74347ef7743853d37af41e0bae507000000000000a9fbcd1b6b524e2c8bfbaa2f95e0316a312c33c667a09de6f6802af94378cd59556e8d4e5dee091a2d2b57bb
148240,000000000000010b37ea2b12869513ad2e5b5e518c74a29a816229246774adff,0100000008a83ff3c8802abd7d0a46501349aee39661e0467eb8e94bc8080000000000007e22570ac2e12ebbf4d0138b89c0092d6023146fa1e78ca16a1380442b67b7e32370934e5dee091a9dc27467
147424,000000000000030b9b5dcd07db6d8896b81675040997be607c203f15e08d5e0d,01000000af855533e03f1664d997bdebbb0fa8f6cc58e1e3b6bf10e09804000000000000f3a040e8750d8886ba0255c751b7914e82509f86e7ea30255c20f173b0e9dedebad0844e5dee091ae7f7e513
147238,00000000000001197bf6344e48c15a446a9a9a5c191d07d616f303a2ba0cc429,01000000c3cc278abe1fd162d938d2ee121d561642bc66084628007dd30800000000000066c850a222d5738159b4dc38f4b220cf325cf5d7ccfee2b0edadb7f874d9857406f8824e5dee091aeb6ff588
147116,0000000000000628ca2451f0ee4f15307c9bac8ea7ba9d3f8484a02a97dd2704,01000000b780874873a09bf33d67d26cca976acd7f4d03358cb8c9d1d207000000000000f7e0677e3865d0470728f466a1eedc1d30eb96157a1749600642abf6a063c98f34d1814ea58e091a29a09cfd
146724,0000000000000776b102e3c2ad9fa8de351834cf2646a1c1f573449d3ee63e1d,01000000847937118eba6521b15c2f68f3f3a4e1a94a96a258aaf60039020000000000004d18d5d1de247c4a12b2f9617d2e6df7e6013e6d0def6eb1ea20153fdab112cbf6067e4ea58e091adb69af23
146724,000000000000072d722ac9f19af5966fe7bb92ac371d52a5cddc0da69547208b,01000000847937118eba6521b15c2f68f3f3a4e1a94a96a258aaf60039020000000000003533e93502ddf44afd4c30a3684d1beaf92a0404534c5c06d3005af7625ff58427077e4ea58e091a05ae1f60
145874,000000000000075e37815cac75412388ecdb8447f9bc9f0090e7e82be5301a32,01000000ccc2628ff0eae335033e60d72398ea5c8904816cf86d42afdb080000000000001bc63e38d3595c74f3dfd2761c4fe6a86296db0256b27b09e18eb2b12b244beca5e6754ea58e091af50f6d17
144473,000000000000040495b2d683333bb2e4bd6e2d6898edf00e7291ece51d57b8ab,01000000b1f8d918ba2d1690e10fd0a8d0ad67a7505fcc134b604c634b030000000000006a2fc69a3b935c0ab062c3b4eeb75729f540355e603982d819503d91e057e6f673a1684ee36f091a51d94d14
144330,00000000000003ddb8b2937d5006c3a0259e6ac8d910910af2bb1d841d17af22,0100000049792f84de44d3532f6e1c95d92701f72933e8ccd37dfd26fa0400000000000050c8520fa690fa8de836ca4f0dac219b1021dba782d9a8840f8d28c01ebe9fcbcb2e674ee36f091a04943f65
144162,00000000000000c172e2f2329384c5360d64f985050a3479f001d6490f96925a,01000000fbce6cf6684015a085ac09fadfa4ef87e6cfc01ad927216a9703000000000000337f33223a7fb57a025997c755729ff6be3fc544e324ae3e6f7a3a999d9393195cba654ee36f091a0d0d44af
144074,00000000000002bca5a2e6834a9166e199fe7bb5eb7f5cd8b4fc221be0164bd5,01000000f728da7125cc9f6a17c2c8ee7ded9566ecbc8c9a0edee30a550400000000000081c399b70d98105d88421eca21aba06e0e36b30340be6f0fe8b1b0258715d7261ff7644ee36f091a612cd5ef
143370,00000000000007a7dd6366745b407e864147346e2bd06c6cb2bfe416a4b3fd11,01000000cbcc6698d85c66789b06945aae39048846815ca5323311dc2102000000000000a436a46170552ad6423dd72be8baf143e463013f645673cb84b206fbaa24dc07a86b5e4ee36f091aa2aca66e
143036,00000000000008cca5fe2b9ba6a23e135ab1eea7706cadf74b05a259027f1c4c,01000000e03be89fd001309edd9284362bf3e1a744eee822edb4cd6391070000000000003f2da7150c691595f5e6b41ce922f25f1269df504b6bf18afa930989cfe8fbdbb5775b4e864a091a5891d4b0
142946,00000000000006ab98939f65cae187dd7564c4c473a7c4873c441272003961e5,01000000f9aaa21e4debb20caaf0ce74fb4edada110e51a5589e69aae20100000000000004ceaba61e1a78f02d2a1ddabeff186322c66c9573a347becaf6ec9a80e81baa15855a4e864a091a5e2efb30
142848,00000000000006353215776f43df81b7252671b5a09e94e5bf99b75cf2762a2e,01000000961d41786bfe0c9f222ff1f9e9df16501c8867bbf8a40d58b101000000000000e14f27d2e45457e5635405315624a63d8889734185167f0dda058f3ec55ea8332375594e864a091a4fc4d665
142705,00000000000006caf3c172f001ce1a62fd8126a72b22c812c3e74f36787351d6,010000000cceabd9b4070f30da3ae35bc0bd7d5f5412d7833122ea0d0906000000000000300ea1588cc2b349e2bb23805e034d140a042f753c7a5805d1cdcfbb09fa835612e7574e864a091a3e9644b4
142558,00000000000000f8c3c919dddd41aa839c09a9da044c932acb598d742b098def,01000000039dcef0d9a9c5a7d2a0226e6425588a918c2374e3fd9aa7a803000000000000152e362c3199b5e53ab9c1e2af419ca82a07b5eab608755fdc47a8945567a57beeaa564e864a091abd06af9d
142496,000000000000074c50950968b0122158d35e059bd1eb112b712dcddc2c007b78,01000000fe5d9767575e94d35049718408f23215e8a00e89d54b2021f304000000000000255dc193af83a1c7fee1036edc49def022e3aa593d807aa6ead1f420f7010133c7fa554e864a091aa3da170f
142440,0000000000000815b0a8751bef0ab405bca9136e4f72e571b295e9fd5e8a1703,01000000a85448016223e840130e46443ac20d5c248c1e11317c86d1dd0100000000000075b55db76f69b2545d8e4b4ad9f8b5cf310af5a2cf041977be1e80d50799058ba476554e864a091a2bc575ba
142279,000000000000033c6f9b11241518c30b3ef4847bac495b4bbd810d0da3058450,010000003b430bdbde2272aa0506f4e9c5bbc32c8741cd3ba5e5570131050000000000001397566f507243fb8ea5fd658a72360c28d7833b43ffb4d355d60841141e368e3dd4534e864a091a1674db28
142258,00000000000003509c8090e3e650d34bb3e2ee4cfff7d3085a1a4386eacbe549,0100000060072960e3fdd927c3ff2be3d9e64777590d2f8b53c98b3e32010000000000004771018e46762e7275ed35655a3930a6ba3c987a2b4b6489d6b0f0d471584b8479a5534e864a091ad5078e56
141815,000000000000061481003a9f32e13307db14ca4999cc80824e7483e937f732cc,0100000051efafbfdb416ba2ab82f4adbb39f6c560f9316ef139cd703606000000000000e4ed34d90caf375bbb071fccf7e07a887e47e1b572c47b9cc6e39eb356c12dc7e228504e864a091a766716e5
141542,00000000000007964413fbc3d4873dd16fe7815bfeeb852b8d49fa8509042d71,01000000c3caf12c5a96c73fd520d69ffc384d96dc9c9f33abb05109490200000000000056c9d0390fe28a5dd06702a80000754c30e4149389353694a48a9dd9ffd141886b8e4d4e864a091a5b4ba4e0
141293,00000000000004bd3d372870b2954680328f24b70fec972db838b9ec2484b027,010000001304352a9625fc2fd017042c1c5c5fecfd6ce2784cfe3f9842030000000000001270ea4b6c47595c86f532ec050e27fffe313f9e66d34a37782c7b2fd79d97445c424b4e864a091a9f44a4c2
141052,000000000000028ff6f576bee4fa3685e638a0cbbf61f05ac2ad4eb5d27c4fc5,01000000c111e5cd4010d78b85cd4d6f4a8e5f2b01b3b5bcabd7cffc520000000000000013eb665869912dc9db3850a5287d24903f1f6275c88fca409e4b1d4ba0c118cd04ef484ee5e1081a260544fe
140549,0000000000000477d1da51ee54905a49476f6ca8da3d74a41942ec52d0b4ab1b,010000004842cb34d75ad964ef47eb0350415423ee79dca5b087c218e0070000000000003bdcd7e91a36b1a214e1e3737fe66abba4fa02f535314aee820bb46ebedbc9d19ef0434ee5e1081a11ef93df
140446,00000000000000be8fc0cd0c8ef1331140ba9d04287708e466eec6fa4219e3d0,0100000085a01d11de890c0f94670e203543db8ee62c437ab7eb6b58cb00000000000000c4d344d03f77e706fccb2f219d05f21b0c5351dcb65e1bf006bf44389873d1730bfc424ee5e1081a28c653c5
140326,000000000000016548fe621de19fb44068eb5fa2dc0ea8835da3c67a31f49213,0100000055a6dd9291a2b5b6655a141ebf4907d72b32c132a2337f86e2010000000000008297df5f0d552a59f465e538254cfc839f864a60c2685fcce5bd6fb171ab874382ea414ee5e1081a8b2d5dc8
140298,000000000000078955d4e8c3ab0342f2c65e30a04c299ed96cef5045618d9ad9,010000003c0a4ae989126b697829776ce4a0085ce3374c097291f76f1f0100000000000011975a0735b7f35b5a9a3e8ce552bf567bd58fd134cb16d4114ae793d29aeb3558b1414ee5e1081a8643f9d9
140290,000000000000028df6974ec12fcf42d7537473ef7f27866a2937b2864fc93e9e,010000008ea2c1a639c773c309a72016fcfc1f84ef1b69a454f904e26a07000000000000fe3c97a63539a9b9c87860ffeb85fbdf5624e0a69b07ea0ecd097be5f2758207ae9b414ee5e1081a56247301
140175,000000000000087bd3118ee14dd5e55be3c82261eb71c6d82ee85e02791a2024,0100000046a01488c2b5618a9f1bf9c386ecf27bf46d83acb3b1a9e86b0100000000000066c5a50c2aceadfb56f8c7fa4ba6d7576ae56fda16e8d83cff8dedefec87d4c6c897404ee5e1081a0714cc6c
140142,0000000000000155dc64baaba7f66b1d48f701912150f4f7021069bd46eda0e1,0100000045ee7445c5f11a0dee1d9d56c2520575d610d7fcc68b4e0986060000000000007db34b7f0f6bd4ed3e2d81a94f694b55b1defe33f96c09515367a626ce7996674944404ee5e1081a7c829823
140121,000000000000043052f287ed4f82a7a0dca0278e582f7a8da1eb4adaed132718,01000000436a4601479ce3aca5649ac38a2f14468dd1320714e83b04d606000000000000c04d83bd2e10c1805faf67a89161ff154170c6aaadef92d6e31d2f82193b871d5d08404ee5e1081a9336d9fc
140055,00000000000007a4f20a639ef9f2c50e5a0e1e3dbde27f0d16fc22cb3624b588,01000000e969020cea569d6d372904274874df489f23d024bfe41d331d08000000000000b5ba2d29305c62d23bf9499b111e45b0a90a7677fb6c765d223495bbb38d8785d06a3f4ee5e1081ac4a8630f
140020,0000000000000324845d446437bba155a49910a07918f4b25bb46d1747143fe6,010000003e1cc35a9446c8de092767278ba50f4cfd4d4f231fd732b70a01000000000000771d7f28b34bbac4547362bc2afb0373f79e08d02b4ca5ae67f2ed5906ed9afa85173f4ee5e1081a618f2b37
139426,0000000000000753ea23031fc7c3284c8baa4fd841e3732bd8a504ab77b6e2df,010000004cb685b99d9f5daaf834301fef8c3da6925c1511108af313110500000000000072951f35e2f19a27153d0fde46802bc45686e2f9481f835f54e0d3d2624f79456624394ee5e1081a0aabe7d7
139155,00000000000003e44490571807f2dda5f5dba64159894e4199b87fe7c1864edc,010000002c3e68e175bffdb0cc6ae8acaa1a9f8b22760e29c3e3ed60e6070000000000007f76d2560a36d5630b4169e9513d14c453fdcac6d6baaf0f217b822ec3e7f80befca364ee5e1081a02a03713
138881,0000000000000272c57db24d1dc2c3e92b9dcf772a12f75505533736c184f8cd,0100000074fbf275f5b2fa6555e5932c3301ee11ef5769c31884944c90060000000000001577e415da796798fc7741e31cd3abbfe2876db3b24f4ce7a79ffc9a3f88811c57b8344e04ec091ac9616884
138709,0000000000000609ccadcd0afbb6f37abeaee57c245fdbf70331a935a9185d37,01000000cd4c4edf246b6e60a3a18faec9e368a1264ef737964d37243007000000000000fe8dcd00911f38e7eb1e13a59f39579c12e6b828b8535b01bd2d82f5082133475456334e04ec091af5bfdaf0
138690,000000000000058e09b829d4c69dee777e1070caa1890dda58ec9cb6ba182442,01000000ad20b5b3a23ac77880d1054c9170494bca75b9bf699156067300000000000000f868d518e3188910e81443e231566cbc691f21b4e927f8363e852119baf11632441f334e04ec091a3cd80f9f
138565,000000000000097453af3ac1ed7246da4a708352a33756edfb49b238898be589,01000000b0aeb95cf2157eea73d2fba328d7d2db9a50a084402f7aa769060000000000009b0044d3ab80834cfa7ad40b63392606c44422ff15b986e2cc7b0ef7080cdad80529324e04ec091a88b3d479
138527,0000000000000598c30e5b5d5d8bcfa9148db30d336bddb36b6b247f9fb258b2,01000000cdfe269438880c1345bff96ead252402176f7f6989f3a09bcd04000000000000e546de4738133953551e56e991f23de88c45ae11e7ac2cdc8ade7dc27778a946e6c4314e04ec091aa2e4cdda
138275,0000000000000318fa98a56ecd1bd1532455703b878bd677058f70bab5acac97,010000005bd0da87882ee77ac6d7adb16d1d3980ab35d0b0e95f16fb3e00000000000000e27065a41cf761533bb7e20539a902172f2c8fdeac88254717d75637041ee28582c22f4e04ec091a16e22032
138053,00000000000002b082f2d6b4c308bf28fa83af3b210a17dccd8e3fb3ce695a18,01000000479633b09d3ab3e5eace0949e8d099d5714473fbf60c57533009000000000000f82f6b3b92bda313768b1532d234c4636aef6170a8e9a1bc695f8c37ebe8dcce01212e4e04ec091abfba8ecc
137986,000000000000022629605194046b1bba434c57abf8616d64d74492cd7740d75b,01000000f828365f3b7ec9975e06f25541fb0c12d54f5b5e4013960f2e00000000000000f90906e0af59345ec3b6d7eb956aa6b98b03de78b759909695171513c0956b232a942d4e04ec091a390169ac
137780,00000000000003c62935517ef4160c04c55c1e68ec8969526a8dd317eb6b4159,01000000e864551d8f533ec6a13a4ab4827dce6a640262874e00dc5b2205000000000000f8ec923759e89fa75e6c1151118cb0aee9f66b8c353f6d14d75243d26a21b58d29ef2b4e04ec091a3b4bbf7e
137571,0000000000000779066b823cc302316ca6cf5550f7b1d28f79a26ebff09503d4,0100000048f1e987c3bd09ab4dfae33a0f3b642bd0e806f0640391336903000000000000b8af01f41c182b11b3c1f123a8383b315ca0e9a9a2c690dead4c645e97538cbbc61f2a4e04ec091a5e8964e6
137378,00000000000004ea26b294f566aeabcaded79c060b9d48092b109345119f51da,01000000837b7a9cc70568da57fa09fc90015af519292bccc3b18e6933000000000000001ed77efb8f3d62386854edaf13c03b3dbb36f6340bb24ea8025da655f5bf7522a76c284e04ec091ae27796f0
137300,000000000000043647e8c3d1b0f7ae60242a028de49674a897952ed8e3a63755,01000000cebf055dd040f0688aa0257c05089efc53886c029f01df9ff401000000000000909c0a2dcb811cc53122eeb52fb71da8807807325476d251cd5516243f24868c28c2274e04ec091aaf340bcf
137140,00000000000005896b651c5525b298c65444e9b6a1a6131c13b3c15e0b5f6048,010000008e83a77fa1d6a7f7c56b65684ae031e0921e1924b2ccf11e84030000000000003c3ee0bfbcaaf7e0dcab74116e279a0baf641527aaebb1f0350c90b97617f9939758264e04ec091a8e582884
137045,00000000000001b98fbf4d5c6bca9829c664ad6a013c5179d01f316505af2670,010000001e84fdb7a09bdcadfb5087f54877e651938dda93a82d696a2707000000000000982fd5f1c21ec6b449ad9e0e488bc962aaa8f82209a44f8b144b89c293d08c1c5c71254ecfbb0a1ab6970c69
136755,00000000000000f48d1225842ed629fce1d1e5ae0fba6ae04d4ae7dbfc9e34af,0100000084bea7d34e35612366a765c65c3be167508f30fec64ed24af5000000000000002c97f7d503ac0c9cdbbf0f4a93d8bee53bb7cf259ce4cce4cdfcc96a66473790431b234ecfbb0a1a57d60840
136396,0000000000000184201f10832ee37485cbd3c9d7651c7e3feda3840db72b8999,01000000ee644de4dca8edf4760401b2ef7a737c401d750f95e1c58e6107000000000000d8178b6315645133dc1ae45b7f213e8b7a9e6c21cf83998353f52a98e2a9de40d43a204ecfbb0a1a0b1c7276
135921,000000000000032496b70e5132d94586408be1c957cb980ac4575f1388eba803,01000000ea822dcadb97fd6245da2ac3ffd65d57df7261788d045f58400700000000000037f279a33edc8d24b9254f92850eb875cacf5f5387be4944db7778b4a2a8c1e320651c4ecfbb0a1aeb64dc86
135880,0000000000000861a08e4d646d0a957b90272047a2e2c6b88ab5448310079d98,01000000475f66636d9a7844da76b5dacdc2793bd6dddd525bbcb832bb00000000000000d742eef11b06ccb7c6e15f4255efe6b7fc50e11695be858e69400e774c34bcb80a081c4ecfbb0a1a00eba24f
135869,0000000000000006b2bafe940f1267d749ed834b0bc839626f7e8b10d07cdb2d,010000001f7203307a729dc2550b9c3068df80711184dae518bac1a2e50100000000000055a8c52d1bdb2ed5de817c2431c4b08c46404ef125d1a2af578303e5f098581020f61b4ecfbb0a1a398f54cf
135520,0000000000000964408adc9625edad3da625efeb9fda66fbce9e91be956cb879,010000009cfffead7b76612f521ba7ad6ce83a335de347b95e22939acd070000000000001adb9ae452115cce4ddb3779343940435d6489051e5ef9f06bf9b677ab03cdb56ecc184ecfbb0a1a1673529e
135119,00000000000007fe9d7bfaa67ad6e18bd0c54663b8da08a2139511dadda6b987,01000000610d93f029ab8cef92a119977f4bb810a75d3e6200676fb09f050000000000002a71fa7150847c8f6cae536629bfcefeef1145d9aeeee7e26ac6152a7c9ba8e74e41154ecfbb0a1a449017cf
135075,000000000000003d2d886f272a62fe17aaf0610badc6fecfa2eaff6648d202ea,010000008e76abf6e4207d34b792856d244aede63904ee2a518aaea70c03000000000000dacb66ba3d59a53ee985998fe21195fb17b507dae385573de45ad098768704055dc9144ecfbb0a1a2a38155c
134923,000000000000097c75404d0aa241190476aae0ac519c87bcece1b685c2c724d5,0100000069f3a71a9db4d52c200957548d6d8c35645d8d76030321313503000000000000a548afe5f2cac8d8d48e96841243b6f3a449ab1cb21964dfc419bfe65424be868382134e122a0c1a6f857e09
134427,00000000000009e1ca44ed79448597c020a39dea4c199cc2ace9beb64bce585c,01000000c6e4e687c6fa056024e8bf48a3b6cb3e50bc2c573aa913450905000000000000aa2ab9c39051ec34fbdce095c4299bf211436dde3dd9cf3190887ba08a2827f6395c0f4e122a0c1a189eb8b1
134406,0000000000000b7422e544ebe93e20c3589e2ef4d241c791b9f9a0e6edd455f7,010000007942859efef3bf3c11f964d9ec59d77754e78925fa20207d5308000000000000ca8279103e8c7400fcfe020aa82052ad783c99986fd947aac927cc53f3a6729671340f4e122a0c1a960a1f65
134278,000000000000075d9bfee7fbf8d136d175fdb139dca7dd0c93d2e876d2e9d5b1,01000000a5f5ba778c32ea252234ec84df76c61f0d987c6b0604a8a2bc04000000000000a73306f6523f8063e417de96e88894aea8ff4f92e37ea8b15038df4f4be20f3113440e4e122a0c1ac72442a4
133929,000000000000046532b3d52c67f62b5bba0632821b60de307515ba06a8852ab9,0100000057ee09514d4c01f2a47d6585e713525a2ace7ee57793bb411f050000000000004a6fdd0f6ce191c22226e6554d345ba3ec08301ee2b069f0c5a8ce5b72f61eb1a2bb0b4e122a0c1a0345b6ed
133791,00000000000004fb619ddf5ce10d4e39a87424570a1abc23185467721c64d39d,010000000e7d9da1498a7a19de2dc385cec8259f3b2d5f02e04eebc488030000000000001080e2b22c4c892ccc365ebff9b867eec951080a383fb2c0a7406194205d3ecd11af0a4e122a0c1ad3225a05
133764,0000000000000915b9ed6a37f00a1956339013a1ab0216e991bb0cec571c455b,01000000baf16e63073c43b884efac208aa51c7de35fe8199c0c1f17b402000000000000204ef7aab04cc46ed3abf86c88618956bed99aec6fef79995bd2cebfdddeb0fc4f7f0a4e122a0c1a72ed9958
133748,00000000000002ed9b918507dbaf3d435248dead644c6e9f682b474284fc5000,01000000b387e735cea4e38fdf19f509c47f4bf219c90e97e2c7c9d8820a0000000000005f2b733acad918430867b8573ca4812294b2b817a87ac0b3b870959ed2c1d30bec560a4e122a0c1ab7f1824f
133279,00000000000003ad21a7e50ca1ecd988383c3193159a71627bf6d380ffd0389a,0100000091744c1ce759ae5d1adf95208f7322a7cddb3eed7e3d7a55a00a0000000000008877557acc9e00c0227e415065b3479637438640b693adff8a79d84e34713e4ec773064e122a0c1a68820731
132846,0000000000000a6c8445ac7a411c975696d909c5753e76b1aff24f32f570f77d,01000000af34a144c4bab5c102a99aa81b7b4595b1b418134d9dc153de100000000000009057f048f3cc36dcb9267bbf69dc1d9c1f6272bd059426c657fa40424e710ba9a873034e8521131a061d71b4
132540,00000000000006302d74a7185ba7f338002fbca66f851751458fc9d44a6cd4b6,0100000033390a2eb23e7c637004d37543d0e63afcdce585ab079ced0901000000000000398532dfb780817cdba3341250bc5d18a9164c16fdc272bf79badc90ae3f9475a1c7014e8521131a001c915d
132226,00000000000001e4168e577c2e25ffc8642de1e9a1d41fcdccf8524557b29556,01000000270ffffce922c9dbfcb4c320fecaeedd74c9e8a4f919dfc75b0000000000000092ffe4ed574cfa974f226a50d8bfefeafa87ebdf1f133bd7d6576f3e87c151994a26004e8521131ab90159da
132055,000000000000023fa7d1b4c6b21f4fdb0d2a7f2fd8a920a66a674987edde8dfe,01000000a01459e55cf137359771ccf866ba87e132cc612b291182bf9e040000000000006746f434a592cdf6fe98cbe069fb50c0aef92b95a8f7f6377780847730d876b9e52fff4d8521131a86478db1
131993,000000000000045e2b4ce65a051c944aeec3df251a50bdaa7339589b3e5c7bcb,0100000079db6982d7d505544c3f550c5f59df563e63145de25b63fd900f0000000000008942cf7799fd7b82a52531182ada243e6dd4623d52f0f0754a78e35dd7ab7d78fdddfe4d8521131a71033869
131501,00000000000012fa60c5e83b732031e5d9390ec155dfcff519c16649652a1755,010000000baa0ab92295aa1b922847901ba52d8980527c140f81e3f06b00000000000000e5389630a3c4247b6804cc4c02f050dd7f041867e73dc30e918133d077c84b6ab7d4fb4d8521131ad3439a3a
131436,0000000000001072f3440934494a736687dbb214915523543bdc037b4039c0f4,010000001562c7df13d5eae8adbf73b4242f63c2aeec77722994a444570b00000000000039873ed9b6145dda8cfde381788eb0b632b96518177722443efbcfe64bedeed94065fb4d8521131aba0e87c5
131421,0000000000000270a05db46685c7f77d70147b1007d585515285941ddab6685a,0100000035b60f0e2dc51cf30a365400581f6a526b936a0e596426c1c90500000000000091fd5a57d5c72cf098b261d650fbd32208d18587a3e19bcad6134b53e6d61941c740fb4d8521131a92e3050a
131342,000000000000046b2a14333acb314f27338fc989c0b7e2cc37997e9681bae875,0100000037ef31fe870dd4d74639dbb1805f12990ab67a5ecf79b112d9070000000000002b08b07a8c398c59e94d5faf75d0dc15776fe8ca3bcae8b54281df80edb21bc07ba5fa4d8521131a6ec78186
131055,0000000000001011dd07f1f096e49464d339fd948385d98d2f28725fa06d650f,01000000fa68f17236961470c6568bb6004ff5cd12b4c203dc669c735a080000000000002a63ac769fb57263264bc338d770a044486936b28755aa7943028784cfc020ae6ccff84d8521131a0736c26b
130971,000000000000130854ea0d05215016d15cb3fba1d89ad74b030c37ef38873c30,01000000c88afa978cf46ec63ada79064af7c485da805bc414ae48a6f40600000000000089d75c78de486fde6ed50e18ee6689ad5cb2666c874dd2b6f709dddf9828cc0e956ef84d2f931d1ac7368335
130958,000000000000097f90263a2074f9f41e9fdfef3797cfd0aa3d032bbf9d8a8573,0100000052eba3c7914201f5038f650048c7c5405ad64a73675c2aa898090000000000002341eb1d2106af93424dafef339b96a33dfa65e19f2c2a707506973142d6b58c0463f84d2f931d1a7893d8c3
130919,000000000000065eeeb5a58a488adaec2f3480d63e6f88fdafa2018959780d01,0100000026d7127bbd83a5b6ecf175d038d17e5bb9d06bcc299b73ba5d1b0000000000003dd9f816738faca9898c3c2ba8732565a614dd15cf01e31c888cdf51560ea2a2bb37f84d2f931d1a79a0691e
130855,0000000000001642ac57ff759819bf8c8c048af65578fa1053494a0b2a56a4ff,0100000048e37527af8259cd0e0dd82d7d900f8a1b327e458de23a9c4f020000000000002ec4bb527a12870563de3da406e15d469c0905bf3fbad0aadf30496b5a068078c6e3f74d2f931d1a79dd42b5
130697,00000000000017ad9f8dd2364c64a54fa1484dbdd49ee18c64c2ade4dd9c6ad4,010000004266799ba78c023a026fb42d70e9192a115167d92867d76c560c00000000000095dff9dc6a6c2fdafc90107ca2202fefe9d3689261062f07c7fd44f9f3eac700531af74d2f931d1ac6965dab
130200,0000000000001b3a554f14e5d45dd5f522d42bde38199866ebd1531dd704eca3,01000000c1e88501b172d08ec76086344f5a96c5e65be79991806d8b001a000000000000a904cb1b3cfa68c639016460915415496544e0b4d982da74f73e3d87df6d582a9439f44d2f931d1a3733b5e3
130077,00000000000010839818f407d10df472099808f6f08cc71150a2b259e367b5f5,0100000036244fe94e514b1f38626e4d79e75df3e78be48eb466aed4b9100000000000005a9fa744c4387d3f662b5f9a1bcca106ee8994b7dc93d6164be40db595619293619cf34d2f931d1ad29a5741
129904,00000000000002abb75bba4f9d37603c3a7824423818f8caf2d9f4688246cf00,01000000682b08af339e3724cd09bc4424940cc82d0f1c57dc9c5edd3b07000000000000fc2b6419c2c531a4daed6c4c0c85f23ca33afb135f278857e3dd97163ad3499cdaa5f24d2f931d1a0c2e7472
129879,0000000000001d33e43a6c6c901686ee3a8e94519fcf41b0acfde2340132275b,01000000c4d5aa3db5438a0e9b740caa352318479f6a0eb5f6b55bebf105000000000000d5e5c3ba7b5da48f1a1790d78fdd298844ec06f14462db1b3f0d544f3eea1f8df173f24d2f931d1a79547467
129806,000000000000199051285a522a2d607e9a87896cb5e8e72be6a2c4fc49c1d62f,01000000776c6fe9d98b833c115bbc9c56cd9651b782ec335ce096e9a010000000000000ded7f89112355429e2d383cd7c3da0e302505944577206dde2836091f9939096ce01f24d2f931d1ae3ac8748
129610,00000000000001318cc026bbb45b579dc6bee3e4a15ed6f722262f14e315143a,0100000086ab954a9a1e9dd440e9dc19c107a4382f35a351dc97f985cb0d000000000000fb938bd51c8167494ce8141afb625a8fdb39b64e3c3b580255718b59f99c17b5edecf04d2f931d1ae0c46879
129601,0000000000001c0177d52e0f772de827ef73c230c4bdf0a404389e1b701d1721,0100000032310dcb7d9a8a25aca01e8c9667bd09cb1b883f420eac17351000000000000001cfaf91fbd577da9e7a1f6a54b5bf21cf5aef3cff496e28284b51571b163f0618e4f04d2f931d1a7bdffb44
129538,000000000000057aa10405a157272c0624065090e265356d35b61df40c5e5048,01000000033f4dd5543ad6fd5e4d99f411abe78bfe53f69e96c8bd525c15000000000000ff07f3c97d103d689aff7c25fece9c8529397dea6732f6a5bf0c161e984436ba1a6cf04d2f931d1aa9b9bcfa
129515,0000000000000ea2c2b377e15f982912a001aef243f9f2e5de73d0323b5efe84,0100000075669f4ce246ac4cda17350684477bc1020ab6c108e29c99150e0000000000007dcee5369ab8915e49aa09f3c624cd82b7385b9a9c87a4f94005890e570037f76049f04d2f931d1ad567f8f7
129461,0000000000001d8a53a23fe101dfe1887ce87213f19236ce451305840499c95c,01000000efc92c83c682ff28bcdf3b70aacfa85e12521634af999ac0ea08000000000000ceab07d7d0c125f2d2ddfc57ae52f217b0854a875dc30d41b8ea10ccbff3d6fd8304f04d2f931d1ae793c741
129453,00000000000016463eb7e1f97f36aa73cf2799520c457044a0f7b212cc0c91f5,010000000d591f455029236bbdff12ac05761cfe4f5470067d936968b01600000000000054eecf3c70d960953025d259a4cd64560f5624a67c50e5b907e0c4d5b381273fe2f8ef4d2f931d1a47b11672
129230,00000000000005946b0f5338f68acbf6e28869e91394dd03e784ebe0d3408f03,0100000052c47d9e3b0aead5eedb367ce43560c5662d80802080bf8fc900000000000000a9164a96556f24856027acdbee564ed24a0f615d03c3f3d54b4c34167cc653734e58ee4d2f931d1a1c31ba25
129135,00000000000006636f91e3113515567127a084b57e90f1baa1219110d5faebbf,01000000bf8d472d57a336784d9c1434142e67c4ed2ca185d155447e0a05000000000000522986c4e3688ce27f9e46bf1bb82c7bb2773ffaaa5956f07cd96e35e1f5e2df7a9ded4d2f931d1ac47aa7b4
129074,000000000000114c2079e8de820db891b5df0cc177e530741aba6384f63d6b58,0100000057f10075077dd49b1f6243272d8af84149a875f12ebbe4a473160000000000007b0098a7e2c026d3d18a195b3dd141397ae0044961ade7d7f23f1676f0a1db6fbf27ed4d2f931d1aeb045542
129035,00000000000018af5a073aacf1560727eabae6a4f99a52e8dda74c3e66f22ecb,0100000009bf713818ab5b8231d74721d9c845629f87f4a32abfca419f100000000000002bde3f00b0812519405fae6931d6955444fbdf53d6cf9759ef96fb7793758cd7cdd9ec4d2f931d1afeac8b08
128993,00000000000000d60da2e34cce98b7e7095234b859ab5a7c10e67515f5e54279,010000001bc62c8e885a6ea71d94c26d588029630a8d4c790922817910110000000000005adb57159ef5525d7dbbe8bb48b9fe4abee007066aed8ee8d1a9f604b46591a95aa6ec4d2194261acff61725
128505,0000000000001f6057bde5f70254a7d57372f182c24b1a3659a0d5bf5f300a1f,01000000b6a890b1b1a3aea02be3e80764e0bad63f53efd3bee778ddf0100000000000002ef4f2e2182f3dcf107bf068d49d07645c04c64f6dee74d1b18e369ef1292fef46cee94d2194261a4bc5d5db
128501,0000000000001c26fc9919014f99c410ba51daba65bb14847723407a48f5f9f5,01000000127b4c9ee6aa50e0dba6d5358c4cad254ce2599ac2bc9157fd1e00000000000039f996460a735b16a5c1d2ecf5f8d67477f6fac16859f9e345d4bdc3446d235b68cae94d2194261a7e9cd460
128415,00000000000013126c9e03e80372a654d72e11d5caf547ae0f4f06bce17a39a6,010000008853b6e6c81e74ce0eadf8798a62a578c25ecce484353bea901f00000000000043041b439ab3d0f5f57710f4d8efde186339845344264037747989f1a2208c87203ce94d2194261a4c046e57
128352,00000000000019ff9d6076241adc9a02abbdcf381298a26127cfad04f66fa52d,010000009816c67459a175af1e6a7ddd3e209feefbd92c98dcc5794d621e00000000000046c68a6ebfb4d7cabc35db9c15f79060d059a680b8be7bdeb2b360f3ad655acf65cce84d2194261ac3d77658
128352,0000000000000e55ff8cace276f6864ea07e867f36c5a992d484dbe935cad67d,010000009816c67459a175af1e6a7ddd3e209feefbd92c98dcc5794d621e000000000000c71e110ecf006bc385d1d816c0edb19855bc2b3b7094bd10f41172bed2d14d3975cce84d2194261a6a5af7a6
128227,00000000000006bf00773b99d41720c54d67d2e3b930e5be8fa2eecd405c0aa4,0100000056122c562d2cae0b0c5ded9ec4e706de3ab114368268d267031e000000000000f80986c02d6ad2a64cfeed9fd6bd0aa3f25ebb4ef75daf53a0ced75194e7c7499c0de84d2194261ab5d89066
127702,00000000000005b41f4d63b6f5ef38b29dd86a4bbab0acbd37f08536fdc01df5,0100000078f9f7b90ad8ed1601bb92535436beedaa041ae6d72d4070c313000000000000d67e2961734e42b941d0bfb9802e389dc85b3f3a2585ad122ccf32eccc8c4e2af106e44d2194261aa5bb2377
127072,0000000000001911fc3558e371ada14981ff9a4693d2afa1dc463883975987b2,010000005160275a6e95ee13421df7b1f2072a4c8378bb92a6b4dece4e0e0000000000009b6a298d55360affa0cba1b4b4eca8db3553f6a1b90b68508aabef1f4a224a3f05fade4d2194261a7bb594fc
127064,00000000000006f2e0232f4f3c0af73f7358a57bb3f7d309826976ffaa83df31,010000004a56b0329960576708f5e6c2f6edf32254eed54876a0c8059502000000000000604add4477c1cc1ee4a3553bda2f55786ec19c997b895b0a786c7fca511766ea33eede4d2194261a0e117ec9
126822,00000000000001432425f35cce4149a708b793bdaac665fadf5c834160e192ef,01000000899f581b1542343a7d556c7c3e55c008f218e000402681a2fe2f000000000000f715cf143f682d38eaffaf4e7fecf4ebaf938e242a175b908ec56031bab3add2f0dbdd4df2b9441ae038d9c6
126547,0000000000001b281d5e4a033f058e090745f2d2685e69b59e364c5f14522f92,01000000ad6590a9bf44c8ecec0869859afa9555a016ce54c89a15f098140000000000002a1b041a91e0f56cb77acd29ce0532fb86c0372331695e2ed37286690fc22c65dcaddc4df2b9441a0c56ae60
126459,0000000000003bc7bb3208883a35f97fc9d9cd2132923cd39a9944fca2b4f0a1,0100000063619417329f5266ad2b5b1bbc2c6d6830579353e5f78661682c000000000000fd403c061efa26c5858d4aac665d42648c9adeddd1ee93e9f53e9aef6095d5af3047dc4df2b9441afa5b250d
126328,0000000000001b71838ac6e8b52281aba9d251f850dc1574f3524e92f209b8e7,010000003a6a83ccf997f3725f010a160eff1d820a0d2d1b03d664e32217000000000000548cc614a97b98f7867a4dc085f1e162f7c1f399b33c39834ba491fdedcec74cffbfdb4df2b9441a3faef1a5
126218,00000000000035f3b5bb4e3c2d34495bfcdb452a418181bd012ca3b72b5301cd,01000000c3e7e1dda494a464a5b4635601af24a60d72472bc3d3fbe2521800000000000009a7cc648b6124e9c2b82a0fa22d966beeb2e6730940e3c83f24eca2549827b4c235db4df2b9441a755dc6c0
125868,00000000000017167f80dcf76884fb2ad62f39c9a10b3c786a6bb21cf891d028,010000001b9054e3d01169cb9eba8e2704632faaee0c8f8e17697c5918160000000000003b12ffbe750975ebbec07a6b470e88e66866041b1a51156d4330652af4122dcf2ca1d94df2b9441ae6b85819
125391,0000000000002b29e3772016be34ca9235ad90e0ab3ce37564ff34ab27b2472f,01000000fafe8543e080cef4564fcfcd5050071dc126f98313617a7953430000000000001963828fd3b69e9a58a8d7194cd3b6e84acad2eb93581c4399dd211b279a8d78e0f0d64df2b9441a2f35ad2b
125225,0000000000002bb7da9f6240a75161899864b8f94f3daaa4db3197e7e44c7571,010000009f62e2d415e5b7e053e3a7cfeed6fe9c7100895f6fd1f68d492f000000000000412536a8029c0ce6daf06cd2ed59f0ee5129fa55a5304993007d68d995fec4bdccf1d54df2b9441a1b555fcb
125061,0000000000004180d686ed6da3df455a8331e1452ebe287d43e4df7f2fdac190,01000000c1b0f7e2312feba02d6d224089a0d14598f14115ffaa122a23350000000000008b3a9121116e847134c501481003573c6f85e9c12aebe648be164ebc5b55885013dad44df2b9441a70f96e08
125041,00000000000031c30b7f0d6746ff958ba428e138631bfa72bb62508fae2750f4,01000000b11a19142ff1642f48e4a962d1dd3836f91e9a1dd0b3a5bb5d3500000000000034c49115d07afb97aeea727222d76248e9e3ea22c3d2f0237e17e928085a7ade4eacd44df2b9441a476e7a1b
124931,0000000000003e3697acc876b36c81a29daada599a05944785c2abe53a7cb220,01000000d434bdcec7c7da7b1daf9f6106ca7e00d28caa0b8a4019754646000000000000148237f6b1c637a50f75c096d33f1a3e61a82bd04c856177f7729f2e156837bf40fdd34db3936a1af124f7e1
124544,000000000000287920207a6d3e75b45e76361571f8ae39569ae843377c190f7d,01000000adde7987126805e01cd321fc10c37426c9edc801a0600496721900000000000051de2c9a3ec94e79ab58f97dc91e21c06314ae2fca82924a8780daa407e42817491fd24db3936a1a718d91f4
124523,00000000000052b2a14226b520634a0fe2b06bfd8ddd1831bec476e89966dfdf,010000001e4e82043418d741a3570060d07618df93b72ec2ee5eed458a01000000000000348742a648ecc41870a7c659f83bf5c28f1857ad820a6ef5579553c0e3d34e0de3ffd14db3936a1afe73520a
124290,0000000000003d4d57e3c36b7a9c9c95117459bc824e2192fe4db7c4b2b8af10,0100000028fbf8ec0a1edbb29f0dc99f19de4b134d6b5806d283122a5b1b0000000000006f3965aec7311928f4c15c99fe4b8fb76103376f48af8181271b226be8396ae77ac5d04db3936a1ac6308648
124134,00000000000016f421025b70b401942fa6f408db863eb1191d9f484f3f9d4c3f,010000009f58cec5ec42c9888e49576b1f61ff5b0edb98478639185bc6660000000000003b5feea2c345ea53959b9001adc9d1d1fc891b2faee70ef43fe3d431266d8bb324e1cf4db3936a1a8617420e
124017,00000000000009395153b0d89dacc8396abbbb64612c15f8019df3f6abe83bff,010000001d82da3ebdd4333fcbc797615a17b43fc14316937e754fec7e28000000000000377d8af3d99758aeed744f9103eaa56c96fc748ae6c38bc3c6762943e3d6a2792f37cf4db3936a1a9b96c6bd
123825,00000000000028a17e425691d480a7c2cf711b07dd59c241f1e94422c5e875d1,01000000dc5e72d9a8f0809e68e2c6365744e5c43e5295c9c610000e9b23000000000000c1c77cf8de81308a47ebee89ebc4b8371a95f543ce03dce36d4536fe464a6a03a722ce4db3936a1a3c7514ea
123625,0000000000004d19a6d5e3effcca9a755471173ef615ee87229662c3e363bf9d,01000000bf4158c947d08b47cf351e1cf8c152182eb6ef207e2a2e91ba440000000000005aacf71e5282f58bcbcdae7541db4e136eedc7a29723c94521a51cccd551608b97f3cc4db3936a1a46945675
123583,00000000000036a5525e7d5c0a88c34a644e1157dc84febfaa66a181034cda95,0100000051871167f0add53d5acd78e75cb595a0c21b49f69b442c96834400000000000074a92ae9ade89d2965f70d20c50c28a0910a95ac67edf76cb7c63a5d64cf958195c3cc4db3936a1a6e86f93e
123556,0000000000000202ab51a2116bf11a135a740eb438789f78c6a1f1a486c6d9ba,010000006a95f42de5bd96887863604aacd57bc0dcd19bf932cabd07e53000000000000055fe72baecc28996f1e2c9eec459ce8c6f261e196ba55b43219ad6df25851cfb4688cc4db3936a1a09ab47cc
123383,0000000000001566bcfbf28ac20737b87145f7a49d9a8cd25954343253d8dc01,01000000cfb30ee6356b04c9a02a9dd3c2ff8fd0c07492495e4bce501f60000000000000a32d14a29635a169e6d8fb545c40c3ab979710f85e960a1b091ed712b3d08cfe7e2ecb4db3936a1a17cfda18
123115,0000000000001d72d62a46b4f370d989c259ae00de1df978577514aaec17581d,010000001827d553c4a44135fb36e5de0dbe896c993778d7cf7b1d035f1c0000000000003122c3a67072ef1b87957c60baa0d563176de9bfe4e18ae651a89c1ca2ab998d0043c94db3936a1a964a3bca
123095,000000000000327a24a99ba9d8590b78d334ea497a042d020888a1408c966a40,010000000308c133224b5775299fb497b9400a709bcb52f52d1e7d18d11a0000000000003ae5c44b2e96d96fb5697d48ae859993d922cc5b62a216064cf725229a016d7bd31ec94db3936a1a4a704c5e
122514,0000000000000f4533dd2e2e19ec9be73089a9c8bf1aca8ca7f5287423acae4a,010000006552b50c33adf2f85c828ec72a30b586c8cefd07894d5b8bf7640000000000004149af22a9fc659413dcd130cd57a06c99da0d98dcad52eeaf45f1d7b7941ac559a7c54dfa98001b3eb4b753
122503,000000000000413286d48904abf20da5b08f422edfccefc21784e893e5bc6719,010000009084772c44351b2b40e37f967a54ddcaaacb426f7401a07e42650000000000007eba590d615212b14fcfccb0c9d239de122742afc184323cf3f67939fe137abe4696c54dfa98001bbc327f0b
122478,0000000000004e473b334618241a04d4724775152791dec48b847aca6cdeffac,010000008f07c7b94219eda41986115ff79cba19545d90ff98a99ef69d630000000000003ad87b60d77bd044caecdf37430c1b787cd5e2df2655063db772f440c6f3ee198a73c54dfa98001b0448a02b
